year,period_start,period_end,geo_level,geo_code,geo_name,dataset,metric,dimension,dimension_value,value,unit,source_org,tier,as_of_date,retrieved_on,source_table,source_edition,source_url,notes
2022,2022-01-01,2022-12-31,aggregate,IN-STATES,Total (States),pocso_victims_age,victims,age_band,12_16,14222.0,victims,NCRB,1,2022-12-31,2026-09-25,Table 4A.9 (PDF p. 422-423),Crime in India 2022,https://ncrb.gov.in/en/crime-india,"Extracted from NCRB Crime in India 2022, Vol. I (PDF, SHA-256 7c5ee3128b0b6bc7…, copy retrieved via https://data.opencity.in/dataset/crime-in-india-2022) — see data/raw/ncrb/2022/PROVENANCE.md."
2022,2022-01-01,2022-12-31,aggregate,IN-STATES,Total (States),pocso_victims_age,victims,age_band,16_18,18978.0,victims,NCRB,1,2022-12-31,2026-09-25,Table 4A.9 (PDF p. 422-423),Crime in India 2022,https://ncrb.gov.in/en/crime-india,"Extracted from NCRB Crime in India 2022, Vol. I (PDF, SHA-256 7c5ee3128b0b6bc7…, copy retrieved via https://data.opencity.in/dataset/crime-in-india-2022) — see data/raw/ncrb/2022/PROVENANCE.md."
2022,2022-01-01,2022-12-31,aggregate,IN-STATES,Total (States),pocso_victims_age,victims,age_band,6_12,3091.0,victims,NCRB,1,2022-12-31,2026-09-25,Table 4A.9 (PDF p. 422-423),Crime in India 2022,https://ncrb.gov.in/en/crime-india,"Extracted from NCRB Crime in India 2022, Vol. I (PDF, SHA-256 7c5ee3128b0b6bc7…, copy retrieved via https://data.opencity.in/dataset/crime-in-india-2022) — see data/raw/ncrb/2022/PROVENANCE.md."
2022,2022-01-01,2022-12-31,aggregate,IN-STATES,Total (States),pocso_victims_age,victims,age_band,lt6,812.0,victims,NCRB,1,2022-12-31,2026-09-25,Table 4A.9 (PDF p. 422-423),Crime in India 2022,https://ncrb.gov.in/en/crime-india,"Extracted from NCRB Crime in India 2022, Vol. I (PDF, SHA-256 7c5ee3128b0b6bc7…, copy retrieved via https://data.opencity.in/dataset/crime-in-india-2022) — see data/raw/ncrb/2022/PROVENANCE.md."
2022,2022-01-01,2022-12-31,aggregate,IN-STATES,Total (States),pocso_victims_age,victims,age_band,total,37103.0,victims,NCRB,1,2022-12-31,2026-09-25,Table 4A.9 (PDF p. 422-423),Crime in India 2022,https://ncrb.gov.in/en/crime-india,"Extracted from NCRB Crime in India 2022, Vol. I (PDF, SHA-256 7c5ee3128b0b6bc7…, copy retrieved via https://data.opencity.in/dataset/crime-in-india-2022) — see data/raw/ncrb/2022/PROVENANCE.md."
2023,2023-01-01,2023-12-31,aggregate,IN-STATES,Total (States),pocso_victims_age,victims,age_band,12_16,14859.0,victims,NCRB,1,2023-12-31,2026-09-25,Table 4A.9 (PDF p. 422-423),Crime in India 2023,https://ncrb.gov.in/en/crime-india,"Extracted from NCRB Crime in India 2023, Vol. I (PDF, SHA-256 553ac8b2eadfe9e2…, copy retrieved via https://data.opencity.in/dataset/crime-in-india-2023) — see data/raw/ncrb/2023/PROVENANCE.md."
2023,2023-01-01,2023-12-31,aggregate,IN-STATES,Total (States),pocso_victims_age,victims,age_band,16_18,20742.0,victims,NCRB,1,2023-12-31,2026-09-25,Table 4A.9 (PDF p. 422-423),Crime in India 2023,https://ncrb.gov.in/en/crime-india,"Extracted from NCRB Crime in India 2023, Vol. I (PDF, SHA-256 553ac8b2eadfe9e2…, copy retrieved via https://data.opencity.in/dataset/crime-in-india-2023) — see data/raw/ncrb/2023/PROVENANCE.md."
2023,2023-01-01,2023-12-31,aggregate,IN-STATES,Total (States),pocso_victims_age,victims,age_band,6_12,3079.0,victims,NCRB,1,2023-12-31,2026-09-25,Table 4A.9 (PDF p. 422-423),Crime in India 2023,https://ncrb.gov.in/en/crime-india,"Extracted from NCRB Crime in India 2023, Vol. I (PDF, SHA-256 553ac8b2eadfe9e2…, copy retrieved via https://data.opencity.in/dataset/crime-in-india-2023) — see data/raw/ncrb/2023/PROVENANCE.md."
2023,2023-01-01,2023-12-31,aggregate,IN-STATES,Total (States),pocso_victims_age,victims,age_band,lt6,704.0,victims,NCRB,1,2023-12-31,2026-09-25,Table 4A.9 (PDF p. 422-423),Crime in India 2023,https://ncrb.gov.in/en/crime-india,"Extracted from NCRB Crime in India 2023, Vol. I (PDF, SHA-256 553ac8b2eadfe9e2…, copy retrieved via https://data.opencity.in/dataset/crime-in-india-2023) — see data/raw/ncrb/2023/PROVENANCE.md."
2023,2023-01-01,2023-12-31,aggregate,IN-STATES,Total (States),pocso_victims_age,victims,age_band,total,39384.0,victims,NCRB,1,2023-12-31,2026-09-25,Table 4A.9 (PDF p. 422-423),Crime in India 2023,https://ncrb.gov.in/en/crime-india,"Extracted from NCRB Crime in India 2023, Vol. I (PDF, SHA-256 553ac8b2eadfe9e2…, copy retrieved via https://data.opencity.in/dataset/crime-in-india-2023) — see data/raw/ncrb/2023/PROVENANCE.md."
2024,2024-01-01,2024-12-31,aggregate,IN-STATES,Total (States),pocso_victims_age,victims,age_band,12_16,16208.0,victims,NCRB,1,2024-12-31,2026-09-25,Table 4A.9 (PDF p. 525-526),Crime in India 2024,https://ncrb.gov.in/en/crime-india,"Extracted from NCRB Crime in India 2024, Vol. I (PDF, SHA-256 75b827bdcfcd5e64…, copy retrieved via https://data.opencity.in/dataset/crime-in-india-2024) — see data/raw/ncrb/2024/PROVENANCE.md."
2024,2024-01-01,2024-12-31,aggregate,IN-STATES,Total (States),pocso_victims_age,victims,age_band,16_18,22842.0,victims,NCRB,1,2024-12-31,2026-09-25,Table 4A.9 (PDF p. 525-526),Crime in India 2024,https://ncrb.gov.in/en/crime-india,"Extracted from NCRB Crime in India 2024, Vol. I (PDF, SHA-256 75b827bdcfcd5e64…, copy retrieved via https://data.opencity.in/dataset/crime-in-india-2024) — see data/raw/ncrb/2024/PROVENANCE.md."
2024,2024-01-01,2024-12-31,aggregate,IN-STATES,Total (States),pocso_victims_age,victims,age_band,6_12,3264.0,victims,NCRB,1,2024-12-31,2026-09-25,Table 4A.9 (PDF p. 525-526),Crime in India 2024,https://ncrb.gov.in/en/crime-india,"Extracted from NCRB Crime in India 2024, Vol. I (PDF, SHA-256 75b827bdcfcd5e64…, copy retrieved via https://data.opencity.in/dataset/crime-in-india-2024) — see data/raw/ncrb/2024/PROVENANCE.md."
2024,2024-01-01,2024-12-31,aggregate,IN-STATES,Total (States),pocso_victims_age,victims,age_band,lt6,797.0,victims,NCRB,1,2024-12-31,2026-09-25,Table 4A.9 (PDF p. 525-526),Crime in India 2024,https://ncrb.gov.in/en/crime-india,"Extracted from NCRB Crime in India 2024, Vol. I (PDF, SHA-256 75b827bdcfcd5e64…, copy retrieved via https://data.opencity.in/dataset/crime-in-india-2024) — see data/raw/ncrb/2024/PROVENANCE.md."
2024,2024-01-01,2024-12-31,aggregate,IN-STATES,Total (States),pocso_victims_age,victims,age_band,total,43111.0,victims,NCRB,1,2024-12-31,2026-09-25,Table 4A.9 (PDF p. 525-526),Crime in India 2024,https://ncrb.gov.in/en/crime-india,"Extracted from NCRB Crime in India 2024, Vol. I (PDF, SHA-256 75b827bdcfcd5e64…, copy retrieved via https://data.opencity.in/dataset/crime-in-india-2024) — see data/raw/ncrb/2024/PROVENANCE.md."
2022,2022-01-01,2022-12-31,aggregate,IN-UTS,Total (UTs),pocso_victims_age,victims,age_band,12_16,578.0,victims,NCRB,1,2022-12-31,2026-09-25,Table 4A.9 (PDF p. 422-423),Crime in India 2022,https://ncrb.gov.in/en/crime-india,"Extracted from NCRB Crime in India 2022, Vol. I (PDF, SHA-256 7c5ee3128b0b6bc7…, copy retrieved via https://data.opencity.in/dataset/crime-in-india-2022) — see data/raw/ncrb/2022/PROVENANCE.md."
2022,2022-01-01,2022-12-31,aggregate,IN-UTS,Total (UTs),pocso_victims_age,victims,age_band,16_18,605.0,victims,NCRB,1,2022-12-31,2026-09-25,Table 4A.9 (PDF p. 422-423),Crime in India 2022,https://ncrb.gov.in/en/crime-india,"Extracted from NCRB Crime in India 2022, Vol. I (PDF, SHA-256 7c5ee3128b0b6bc7…, copy retrieved via https://data.opencity.in/dataset/crime-in-india-2022) — see data/raw/ncrb/2022/PROVENANCE.md."
2022,2022-01-01,2022-12-31,aggregate,IN-UTS,Total (UTs),pocso_victims_age,victims,age_band,6_12,127.0,victims,NCRB,1,2022-12-31,2026-09-25,Table 4A.9 (PDF p. 422-423),Crime in India 2022,https://ncrb.gov.in/en/crime-india,"Extracted from NCRB Crime in India 2022, Vol. I (PDF, SHA-256 7c5ee3128b0b6bc7…, copy retrieved via https://data.opencity.in/dataset/crime-in-india-2022) — see data/raw/ncrb/2022/PROVENANCE.md."
2022,2022-01-01,2022-12-31,aggregate,IN-UTS,Total (UTs),pocso_victims_age,victims,age_band,lt6,31.0,victims,NCRB,1,2022-12-31,2026-09-25,Table 4A.9 (PDF p. 422-423),Crime in India 2022,https://ncrb.gov.in/en/crime-india,"Extracted from NCRB Crime in India 2022, Vol. I (PDF, SHA-256 7c5ee3128b0b6bc7…, copy retrieved via https://data.opencity.in/dataset/crime-in-india-2022) — see data/raw/ncrb/2022/PROVENANCE.md."
2022,2022-01-01,2022-12-31,aggregate,IN-UTS,Total (UTs),pocso_victims_age,victims,age_band,total,1341.0,victims,NCRB,1,2022-12-31,2026-09-25,Table 4A.9 (PDF p. 422-423),Crime in India 2022,https://ncrb.gov.in/en/crime-india,"Extracted from NCRB Crime in India 2022, Vol. I (PDF, SHA-256 7c5ee3128b0b6bc7…, copy retrieved via https://data.opencity.in/dataset/crime-in-india-2022) — see data/raw/ncrb/2022/PROVENANCE.md."
2023,2023-01-01,2023-12-31,aggregate,IN-UTS,Total (UTs),pocso_victims_age,victims,age_band,12_16,585.0,victims,NCRB,1,2023-12-31,2026-09-25,Table 4A.9 (PDF p. 422-423),Crime in India 2023,https://ncrb.gov.in/en/crime-india,"Extracted from NCRB Crime in India 2023, Vol. I (PDF, SHA-256 553ac8b2eadfe9e2…, copy retrieved via https://data.opencity.in/dataset/crime-in-india-2023) — see data/raw/ncrb/2023/PROVENANCE.md."
2023,2023-01-01,2023-12-31,aggregate,IN-UTS,Total (UTs),pocso_victims_age,victims,age_band,16_18,669.0,victims,NCRB,1,2023-12-31,2026-09-25,Table 4A.9 (PDF p. 422-423),Crime in India 2023,https://ncrb.gov.in/en/crime-india,"Extracted from NCRB Crime in India 2023, Vol. I (PDF, SHA-256 553ac8b2eadfe9e2…, copy retrieved via https://data.opencity.in/dataset/crime-in-india-2023) — see data/raw/ncrb/2023/PROVENANCE.md."
2023,2023-01-01,2023-12-31,aggregate,IN-UTS,Total (UTs),pocso_victims_age,victims,age_band,6_12,150.0,victims,NCRB,1,2023-12-31,2026-09-25,Table 4A.9 (PDF p. 422-423),Crime in India 2023,https://ncrb.gov.in/en/crime-india,"Extracted from NCRB Crime in India 2023, Vol. I (PDF, SHA-256 553ac8b2eadfe9e2…, copy retrieved via https://data.opencity.in/dataset/crime-in-india-2023) — see data/raw/ncrb/2023/PROVENANCE.md."
2023,2023-01-01,2023-12-31,aggregate,IN-UTS,Total (UTs),pocso_victims_age,victims,age_band,lt6,58.0,victims,NCRB,1,2023-12-31,2026-09-25,Table 4A.9 (PDF p. 422-423),Crime in India 2023,https://ncrb.gov.in/en/crime-india,"Extracted from NCRB Crime in India 2023, Vol. I (PDF, SHA-256 553ac8b2eadfe9e2…, copy retrieved via https://data.opencity.in/dataset/crime-in-india-2023) — see data/raw/ncrb/2023/PROVENANCE.md."
2023,2023-01-01,2023-12-31,aggregate,IN-UTS,Total (UTs),pocso_victims_age,victims,age_band,total,1462.0,victims,NCRB,1,2023-12-31,2026-09-25,Table 4A.9 (PDF p. 422-423),Crime in India 2023,https://ncrb.gov.in/en/crime-india,"Extracted from NCRB Crime in India 2023, Vol. I (PDF, SHA-256 553ac8b2eadfe9e2…, copy retrieved via https://data.opencity.in/dataset/crime-in-india-2023) — see data/raw/ncrb/2023/PROVENANCE.md."
2024,2024-01-01,2024-12-31,aggregate,IN-UTS,Total (UTs),pocso_victims_age,victims,age_band,12_16,593.0,victims,NCRB,1,2024-12-31,2026-09-25,Table 4A.9 (PDF p. 525-526),Crime in India 2024,https://ncrb.gov.in/en/crime-india,"Extracted from NCRB Crime in India 2024, Vol. I (PDF, SHA-256 75b827bdcfcd5e64…, copy retrieved via https://data.opencity.in/dataset/crime-in-india-2024) — see data/raw/ncrb/2024/PROVENANCE.md."
2024,2024-01-01,2024-12-31,aggregate,IN-UTS,Total (UTs),pocso_victims_age,victims,age_band,16_18,655.0,victims,NCRB,1,2024-12-31,2026-09-25,Table 4A.9 (PDF p. 525-526),Crime in India 2024,https://ncrb.gov.in/en/crime-india,"Extracted from NCRB Crime in India 2024, Vol. I (PDF, SHA-256 75b827bdcfcd5e64…, copy retrieved via https://data.opencity.in/dataset/crime-in-india-2024) — see data/raw/ncrb/2024/PROVENANCE.md."
2024,2024-01-01,2024-12-31,aggregate,IN-UTS,Total (UTs),pocso_victims_age,victims,age_band,6_12,174.0,victims,NCRB,1,2024-12-31,2026-09-25,Table 4A.9 (PDF p. 525-526),Crime in India 2024,https://ncrb.gov.in/en/crime-india,"Extracted from NCRB Crime in India 2024, Vol. I (PDF, SHA-256 75b827bdcfcd5e64…, copy retrieved via https://data.opencity.in/dataset/crime-in-india-2024) — see data/raw/ncrb/2024/PROVENANCE.md."
2024,2024-01-01,2024-12-31,aggregate,IN-UTS,Total (UTs),pocso_victims_age,victims,age_band,lt6,34.0,victims,NCRB,1,2024-12-31,2026-09-25,Table 4A.9 (PDF p. 525-526),Crime in India 2024,https://ncrb.gov.in/en/crime-india,"Extracted from NCRB Crime in India 2024, Vol. I (PDF, SHA-256 75b827bdcfcd5e64…, copy retrieved via https://data.opencity.in/dataset/crime-in-india-2024) — see data/raw/ncrb/2024/PROVENANCE.md."
2024,2024-01-01,2024-12-31,aggregate,IN-UTS,Total (UTs),pocso_victims_age,victims,age_band,total,1456.0,victims,NCRB,1,2024-12-31,2026-09-25,Table 4A.9 (PDF p. 525-526),Crime in India 2024,https://ncrb.gov.in/en/crime-india,"Extracted from NCRB Crime in India 2024, Vol. I (PDF, SHA-256 75b827bdcfcd5e64…, copy retrieved via https://data.opencity.in/dataset/crime-in-india-2024) — see data/raw/ncrb/2024/PROVENANCE.md."
2022,2022-01-01,2022-12-31,country,IN,India,pocso_victims_age,victims,age_band,12_16,14800.0,victims,NCRB,1,2022-12-31,2026-09-25,Table 4A.9 (PDF p. 422-423),Crime in India 2022,https://ncrb.gov.in/en/crime-india,"Extracted from NCRB Crime in India 2022, Vol. I (PDF, SHA-256 7c5ee3128b0b6bc7…, copy retrieved via https://data.opencity.in/dataset/crime-in-india-2022) — see data/raw/ncrb/2022/PROVENANCE.md."
2022,2022-01-01,2022-12-31,country,IN,India,pocso_victims_age,victims,age_band,16_18,19583.0,victims,NCRB,1,2022-12-31,2026-09-25,Table 4A.9 (PDF p. 422-423),Crime in India 2022,https://ncrb.gov.in/en/crime-india,"Extracted from NCRB Crime in India 2022, Vol. I (PDF, SHA-256 7c5ee3128b0b6bc7…, copy retrieved via https://data.opencity.in/dataset/crime-in-india-2022) — see data/raw/ncrb/2022/PROVENANCE.md."
2022,2022-01-01,2022-12-31,country,IN,India,pocso_victims_age,victims,age_band,6_12,3218.0,victims,NCRB,1,2022-12-31,2026-09-25,Table 4A.9 (PDF p. 422-423),Crime in India 2022,https://ncrb.gov.in/en/crime-india,"Extracted from NCRB Crime in India 2022, Vol. I (PDF, SHA-256 7c5ee3128b0b6bc7…, copy retrieved via https://data.opencity.in/dataset/crime-in-india-2022) — see data/raw/ncrb/2022/PROVENANCE.md."
2022,2022-01-01,2022-12-31,country,IN,India,pocso_victims_age,victims,age_band,lt6,843.0,victims,NCRB,1,2022-12-31,2026-09-25,Table 4A.9 (PDF p. 422-423),Crime in India 2022,https://ncrb.gov.in/en/crime-india,"Extracted from NCRB Crime in India 2022, Vol. I (PDF, SHA-256 7c5ee3128b0b6bc7…, copy retrieved via https://data.opencity.in/dataset/crime-in-india-2022) — see data/raw/ncrb/2022/PROVENANCE.md."
2022,2022-01-01,2022-12-31,country,IN,India,pocso_victims_age,victims,age_band,total,38444.0,victims,NCRB,1,2022-12-31,2026-09-25,Table 4A.9 (PDF p. 422-423),Crime in India 2022,https://ncrb.gov.in/en/crime-india,"Extracted from NCRB Crime in India 2022, Vol. I (PDF, SHA-256 7c5ee3128b0b6bc7…, copy retrieved via https://data.opencity.in/dataset/crime-in-india-2022) — see data/raw/ncrb/2022/PROVENANCE.md."
2023,2023-01-01,2023-12-31,country,IN,India,pocso_victims_age,victims,age_band,12_16,15444.0,victims,NCRB,1,2023-12-31,2026-09-25,Table 4A.9 (PDF p. 422-423),Crime in India 2023,https://ncrb.gov.in/en/crime-india,"Extracted from NCRB Crime in India 2023, Vol. I (PDF, SHA-256 553ac8b2eadfe9e2…, copy retrieved via https://data.opencity.in/dataset/crime-in-india-2023) — see data/raw/ncrb/2023/PROVENANCE.md."
2023,2023-01-01,2023-12-31,country,IN,India,pocso_victims_age,victims,age_band,16_18,21411.0,victims,NCRB,1,2023-12-31,2026-09-25,Table 4A.9 (PDF p. 422-423),Crime in India 2023,https://ncrb.gov.in/en/crime-india,"Extracted from NCRB Crime in India 2023, Vol. I (PDF, SHA-256 553ac8b2eadfe9e2…, copy retrieved via https://data.opencity.in/dataset/crime-in-india-2023) — see data/raw/ncrb/2023/PROVENANCE.md."
2023,2023-01-01,2023-12-31,country,IN,India,pocso_victims_age,victims,age_band,6_12,3229.0,victims,NCRB,1,2023-12-31,2026-09-25,Table 4A.9 (PDF p. 422-423),Crime in India 2023,https://ncrb.gov.in/en/crime-india,"Extracted from NCRB Crime in India 2023, Vol. I (PDF, SHA-256 553ac8b2eadfe9e2…, copy retrieved via https://data.opencity.in/dataset/crime-in-india-2023) — see data/raw/ncrb/2023/PROVENANCE.md."
2023,2023-01-01,2023-12-31,country,IN,India,pocso_victims_age,victims,age_band,lt6,762.0,victims,NCRB,1,2023-12-31,2026-09-25,Table 4A.9 (PDF p. 422-423),Crime in India 2023,https://ncrb.gov.in/en/crime-india,"Extracted from NCRB Crime in India 2023, Vol. I (PDF, SHA-256 553ac8b2eadfe9e2…, copy retrieved via https://data.opencity.in/dataset/crime-in-india-2023) — see data/raw/ncrb/2023/PROVENANCE.md."
2023,2023-01-01,2023-12-31,country,IN,India,pocso_victims_age,victims,age_band,total,40846.0,victims,NCRB,1,2023-12-31,2026-09-25,Table 4A.9 (PDF p. 422-423),Crime in India 2023,https://ncrb.gov.in/en/crime-india,"Extracted from NCRB Crime in India 2023, Vol. I (PDF, SHA-256 553ac8b2eadfe9e2…, copy retrieved via https://data.opencity.in/dataset/crime-in-india-2023) — see data/raw/ncrb/2023/PROVENANCE.md."
2024,2024-01-01,2024-12-31,country,IN,India,pocso_victims_age,victims,age_band,12_16,16801.0,victims,NCRB,1,2024-12-31,2026-09-25,Table 4A.9 (PDF p. 525-526),Crime in India 2024,https://ncrb.gov.in/en/crime-india,"Extracted from NCRB Crime in India 2024, Vol. I (PDF, SHA-256 75b827bdcfcd5e64…, copy retrieved via https://data.opencity.in/dataset/crime-in-india-2024) — see data/raw/ncrb/2024/PROVENANCE.md."
2024,2024-01-01,2024-12-31,country,IN,India,pocso_victims_age,victims,age_band,16_18,23497.0,victims,NCRB,1,2024-12-31,2026-09-25,Table 4A.9 (PDF p. 525-526),Crime in India 2024,https://ncrb.gov.in/en/crime-india,"Extracted from NCRB Crime in India 2024, Vol. I (PDF, SHA-256 75b827bdcfcd5e64…, copy retrieved via https://data.opencity.in/dataset/crime-in-india-2024) — see data/raw/ncrb/2024/PROVENANCE.md."
2024,2024-01-01,2024-12-31,country,IN,India,pocso_victims_age,victims,age_band,6_12,3438.0,victims,NCRB,1,2024-12-31,2026-09-25,Table 4A.9 (PDF p. 525-526),Crime in India 2024,https://ncrb.gov.in/en/crime-india,"Extracted from NCRB Crime in India 2024, Vol. I (PDF, SHA-256 75b827bdcfcd5e64…, copy retrieved via https://data.opencity.in/dataset/crime-in-india-2024) — see data/raw/ncrb/2024/PROVENANCE.md."
2024,2024-01-01,2024-12-31,country,IN,India,pocso_victims_age,victims,age_band,lt6,831.0,victims,NCRB,1,2024-12-31,2026-09-25,Table 4A.9 (PDF p. 525-526),Crime in India 2024,https://ncrb.gov.in/en/crime-india,"Extracted from NCRB Crime in India 2024, Vol. I (PDF, SHA-256 75b827bdcfcd5e64…, copy retrieved via https://data.opencity.in/dataset/crime-in-india-2024) — see data/raw/ncrb/2024/PROVENANCE.md."
2024,2024-01-01,2024-12-31,country,IN,India,pocso_victims_age,victims,age_band,total,44567.0,victims,NCRB,1,2024-12-31,2026-09-25,Table 4A.9 (PDF p. 525-526),Crime in India 2024,https://ncrb.gov.in/en/crime-india,"Extracted from NCRB Crime in India 2024, Vol. I (PDF, SHA-256 75b827bdcfcd5e64…, copy retrieved via https://data.opencity.in/dataset/crime-in-india-2024) — see data/raw/ncrb/2024/PROVENANCE.md."
2022,2022-01-01,2022-12-31,state,AN,Andaman & Nicobar,pocso_victims_age,victims,age_band,12_16,30.0,victims,NCRB,1,2022-12-31,2026-09-25,Table 4A.9 (PDF p. 422-423),Crime in India 2022,https://ncrb.gov.in/en/crime-india,"Extracted from NCRB Crime in India 2022, Vol. I (PDF, SHA-256 7c5ee3128b0b6bc7…, copy retrieved via https://data.opencity.in/dataset/crime-in-india-2022) — see data/raw/ncrb/2022/PROVENANCE.md."
2022,2022-01-01,2022-12-31,state,AN,Andaman & Nicobar,pocso_victims_age,victims,age_band,16_18,44.0,victims,NCRB,1,2022-12-31,2026-09-25,Table 4A.9 (PDF p. 422-423),Crime in India 2022,https://ncrb.gov.in/en/crime-india,"Extracted from NCRB Crime in India 2022, Vol. I (PDF, SHA-256 7c5ee3128b0b6bc7…, copy retrieved via https://data.opencity.in/dataset/crime-in-india-2022) — see data/raw/ncrb/2022/PROVENANCE.md."
2022,2022-01-01,2022-12-31,state,AN,Andaman & Nicobar,pocso_victims_age,victims,age_band,6_12,2.0,victims,NCRB,1,2022-12-31,2026-09-25,Table 4A.9 (PDF p. 422-423),Crime in India 2022,https://ncrb.gov.in/en/crime-india,"Extracted from NCRB Crime in India 2022, Vol. I (PDF, SHA-256 7c5ee3128b0b6bc7…, copy retrieved via https://data.opencity.in/dataset/crime-in-india-2022) — see data/raw/ncrb/2022/PROVENANCE.md."
2022,2022-01-01,2022-12-31,state,AN,Andaman & Nicobar,pocso_victims_age,victims,age_band,lt6,6.0,victims,NCRB,1,2022-12-31,2026-09-25,Table 4A.9 (PDF p. 422-423),Crime in India 2022,https://ncrb.gov.in/en/crime-india,"Extracted from NCRB Crime in India 2022, Vol. I (PDF, SHA-256 7c5ee3128b0b6bc7…, copy retrieved via https://data.opencity.in/dataset/crime-in-india-2022) — see data/raw/ncrb/2022/PROVENANCE.md."
2022,2022-01-01,2022-12-31,state,AN,Andaman & Nicobar,pocso_victims_age,victims,age_band,total,82.0,victims,NCRB,1,2022-12-31,2026-09-25,Table 4A.9 (PDF p. 422-423),Crime in India 2022,https://ncrb.gov.in/en/crime-india,"Extracted from NCRB Crime in India 2022, Vol. I (PDF, SHA-256 7c5ee3128b0b6bc7…, copy retrieved via https://data.opencity.in/dataset/crime-in-india-2022) — see data/raw/ncrb/2022/PROVENANCE.md."
2023,2023-01-01,2023-12-31,state,AN,Andaman & Nicobar,pocso_victims_age,victims,age_band,12_16,15.0,victims,NCRB,1,2023-12-31,2026-09-25,Table 4A.9 (PDF p. 422-423),Crime in India 2023,https://ncrb.gov.in/en/crime-india,"Extracted from NCRB Crime in India 2023, Vol. I (PDF, SHA-256 553ac8b2eadfe9e2…, copy retrieved via https://data.opencity.in/dataset/crime-in-india-2023) — see data/raw/ncrb/2023/PROVENANCE.md."
2023,2023-01-01,2023-12-31,state,AN,Andaman & Nicobar,pocso_victims_age,victims,age_band,16_18,57.0,victims,NCRB,1,2023-12-31,2026-09-25,Table 4A.9 (PDF p. 422-423),Crime in India 2023,https://ncrb.gov.in/en/crime-india,"Extracted from NCRB Crime in India 2023, Vol. I (PDF, SHA-256 553ac8b2eadfe9e2…, copy retrieved via https://data.opencity.in/dataset/crime-in-india-2023) — see data/raw/ncrb/2023/PROVENANCE.md."
2023,2023-01-01,2023-12-31,state,AN,Andaman & Nicobar,pocso_victims_age,victims,age_band,6_12,5.0,victims,NCRB,1,2023-12-31,2026-09-25,Table 4A.9 (PDF p. 422-423),Crime in India 2023,https://ncrb.gov.in/en/crime-india,"Extracted from NCRB Crime in India 2023, Vol. I (PDF, SHA-256 553ac8b2eadfe9e2…, copy retrieved via https://data.opencity.in/dataset/crime-in-india-2023) — see data/raw/ncrb/2023/PROVENANCE.md."
2023,2023-01-01,2023-12-31,state,AN,Andaman & Nicobar,pocso_victims_age,victims,age_band,lt6,0.0,victims,NCRB,1,2023-12-31,2026-09-25,Table 4A.9 (PDF p. 422-423),Crime in India 2023,https://ncrb.gov.in/en/crime-india,"Extracted from NCRB Crime in India 2023, Vol. I (PDF, SHA-256 553ac8b2eadfe9e2…, copy retrieved via https://data.opencity.in/dataset/crime-in-india-2023) — see data/raw/ncrb/2023/PROVENANCE.md."
2023,2023-01-01,2023-12-31,state,AN,Andaman & Nicobar,pocso_victims_age,victims,age_band,total,77.0,victims,NCRB,1,2023-12-31,2026-09-25,Table 4A.9 (PDF p. 422-423),Crime in India 2023,https://ncrb.gov.in/en/crime-india,"Extracted from NCRB Crime in India 2023, Vol. I (PDF, SHA-256 553ac8b2eadfe9e2…, copy retrieved via https://data.opencity.in/dataset/crime-in-india-2023) — see data/raw/ncrb/2023/PROVENANCE.md."
2024,2024-01-01,2024-12-31,state,AN,Andaman & Nicobar,pocso_victims_age,victims,age_band,12_16,21.0,victims,NCRB,1,2024-12-31,2026-09-25,Table 4A.9 (PDF p. 525-526),Crime in India 2024,https://ncrb.gov.in/en/crime-india,"Extracted from NCRB Crime in India 2024, Vol. I (PDF, SHA-256 75b827bdcfcd5e64…, copy retrieved via https://data.opencity.in/dataset/crime-in-india-2024) — see data/raw/ncrb/2024/PROVENANCE.md."
2024,2024-01-01,2024-12-31,state,AN,Andaman & Nicobar,pocso_victims_age,victims,age_band,16_18,47.0,victims,NCRB,1,2024-12-31,2026-09-25,Table 4A.9 (PDF p. 525-526),Crime in India 2024,https://ncrb.gov.in/en/crime-india,"Extracted from NCRB Crime in India 2024, Vol. I (PDF, SHA-256 75b827bdcfcd5e64…, copy retrieved via https://data.opencity.in/dataset/crime-in-india-2024) — see data/raw/ncrb/2024/PROVENANCE.md."
2024,2024-01-01,2024-12-31,state,AN,Andaman & Nicobar,pocso_victims_age,victims,age_band,6_12,7.0,victims,NCRB,1,2024-12-31,2026-09-25,Table 4A.9 (PDF p. 525-526),Crime in India 2024,https://ncrb.gov.in/en/crime-india,"Extracted from NCRB Crime in India 2024, Vol. I (PDF, SHA-256 75b827bdcfcd5e64…, copy retrieved via https://data.opencity.in/dataset/crime-in-india-2024) — see data/raw/ncrb/2024/PROVENANCE.md."
2024,2024-01-01,2024-12-31,state,AN,Andaman & Nicobar,pocso_victims_age,victims,age_band,lt6,2.0,victims,NCRB,1,2024-12-31,2026-09-25,Table 4A.9 (PDF p. 525-526),Crime in India 2024,https://ncrb.gov.in/en/crime-india,"Extracted from NCRB Crime in India 2024, Vol. I (PDF, SHA-256 75b827bdcfcd5e64…, copy retrieved via https://data.opencity.in/dataset/crime-in-india-2024) — see data/raw/ncrb/2024/PROVENANCE.md."
2024,2024-01-01,2024-12-31,state,AN,Andaman & Nicobar,pocso_victims_age,victims,age_band,total,77.0,victims,NCRB,1,2024-12-31,2026-09-25,Table 4A.9 (PDF p. 525-526),Crime in India 2024,https://ncrb.gov.in/en/crime-india,"Extracted from NCRB Crime in India 2024, Vol. I (PDF, SHA-256 75b827bdcfcd5e64…, copy retrieved via https://data.opencity.in/dataset/crime-in-india-2024) — see data/raw/ncrb/2024/PROVENANCE.md."
2022,2022-01-01,2022-12-31,state,AP,Andhra Pradesh,pocso_victims_age,victims,age_band,12_16,457.0,victims,NCRB,1,2022-12-31,2026-09-25,Table 4A.9 (PDF p. 422-423),Crime in India 2022,https://ncrb.gov.in/en/crime-india,"Extracted from NCRB Crime in India 2022, Vol. I (PDF, SHA-256 7c5ee3128b0b6bc7…, copy retrieved via https://data.opencity.in/dataset/crime-in-india-2022) — see data/raw/ncrb/2022/PROVENANCE.md."
2022,2022-01-01,2022-12-31,state,AP,Andhra Pradesh,pocso_victims_age,victims,age_band,16_18,569.0,victims,NCRB,1,2022-12-31,2026-09-25,Table 4A.9 (PDF p. 422-423),Crime in India 2022,https://ncrb.gov.in/en/crime-india,"Extracted from NCRB Crime in India 2022, Vol. I (PDF, SHA-256 7c5ee3128b0b6bc7…, copy retrieved via https://data.opencity.in/dataset/crime-in-india-2022) — see data/raw/ncrb/2022/PROVENANCE.md."
2022,2022-01-01,2022-12-31,state,AP,Andhra Pradesh,pocso_victims_age,victims,age_band,6_12,149.0,victims,NCRB,1,2022-12-31,2026-09-25,Table 4A.9 (PDF p. 422-423),Crime in India 2022,https://ncrb.gov.in/en/crime-india,"Extracted from NCRB Crime in India 2022, Vol. I (PDF, SHA-256 7c5ee3128b0b6bc7…, copy retrieved via https://data.opencity.in/dataset/crime-in-india-2022) — see data/raw/ncrb/2022/PROVENANCE.md."
2022,2022-01-01,2022-12-31,state,AP,Andhra Pradesh,pocso_victims_age,victims,age_band,lt6,30.0,victims,NCRB,1,2022-12-31,2026-09-25,Table 4A.9 (PDF p. 422-423),Crime in India 2022,https://ncrb.gov.in/en/crime-india,"Extracted from NCRB Crime in India 2022, Vol. I (PDF, SHA-256 7c5ee3128b0b6bc7…, copy retrieved via https://data.opencity.in/dataset/crime-in-india-2022) — see data/raw/ncrb/2022/PROVENANCE.md."
2022,2022-01-01,2022-12-31,state,AP,Andhra Pradesh,pocso_victims_age,victims,age_band,total,1205.0,victims,NCRB,1,2022-12-31,2026-09-25,Table 4A.9 (PDF p. 422-423),Crime in India 2022,https://ncrb.gov.in/en/crime-india,"Extracted from NCRB Crime in India 2022, Vol. I (PDF, SHA-256 7c5ee3128b0b6bc7…, copy retrieved via https://data.opencity.in/dataset/crime-in-india-2022) — see data/raw/ncrb/2022/PROVENANCE.md."
2023,2023-01-01,2023-12-31,state,AP,Andhra Pradesh,pocso_victims_age,victims,age_band,12_16,317.0,victims,NCRB,1,2023-12-31,2026-09-25,Table 4A.9 (PDF p. 422-423),Crime in India 2023,https://ncrb.gov.in/en/crime-india,"Extracted from NCRB Crime in India 2023, Vol. I (PDF, SHA-256 553ac8b2eadfe9e2…, copy retrieved via https://data.opencity.in/dataset/crime-in-india-2023) — see data/raw/ncrb/2023/PROVENANCE.md."
2023,2023-01-01,2023-12-31,state,AP,Andhra Pradesh,pocso_victims_age,victims,age_band,16_18,471.0,victims,NCRB,1,2023-12-31,2026-09-25,Table 4A.9 (PDF p. 422-423),Crime in India 2023,https://ncrb.gov.in/en/crime-india,"Extracted from NCRB Crime in India 2023, Vol. I (PDF, SHA-256 553ac8b2eadfe9e2…, copy retrieved via https://data.opencity.in/dataset/crime-in-india-2023) — see data/raw/ncrb/2023/PROVENANCE.md."
2023,2023-01-01,2023-12-31,state,AP,Andhra Pradesh,pocso_victims_age,victims,age_band,6_12,63.0,victims,NCRB,1,2023-12-31,2026-09-25,Table 4A.9 (PDF p. 422-423),Crime in India 2023,https://ncrb.gov.in/en/crime-india,"Extracted from NCRB Crime in India 2023, Vol. I (PDF, SHA-256 553ac8b2eadfe9e2…, copy retrieved via https://data.opencity.in/dataset/crime-in-india-2023) — see data/raw/ncrb/2023/PROVENANCE.md."
2023,2023-01-01,2023-12-31,state,AP,Andhra Pradesh,pocso_victims_age,victims,age_band,lt6,10.0,victims,NCRB,1,2023-12-31,2026-09-25,Table 4A.9 (PDF p. 422-423),Crime in India 2023,https://ncrb.gov.in/en/crime-india,"Extracted from NCRB Crime in India 2023, Vol. I (PDF, SHA-256 553ac8b2eadfe9e2…, copy retrieved via https://data.opencity.in/dataset/crime-in-india-2023) — see data/raw/ncrb/2023/PROVENANCE.md."
2023,2023-01-01,2023-12-31,state,AP,Andhra Pradesh,pocso_victims_age,victims,age_band,total,861.0,victims,NCRB,1,2023-12-31,2026-09-25,Table 4A.9 (PDF p. 422-423),Crime in India 2023,https://ncrb.gov.in/en/crime-india,"Extracted from NCRB Crime in India 2023, Vol. I (PDF, SHA-256 553ac8b2eadfe9e2…, copy retrieved via https://data.opencity.in/dataset/crime-in-india-2023) — see data/raw/ncrb/2023/PROVENANCE.md."
2024,2024-01-01,2024-12-31,state,AP,Andhra Pradesh,pocso_victims_age,victims,age_band,12_16,363.0,victims,NCRB,1,2024-12-31,2026-09-25,Table 4A.9 (PDF p. 525-526),Crime in India 2024,https://ncrb.gov.in/en/crime-india,"Extracted from NCRB Crime in India 2024, Vol. I (PDF, SHA-256 75b827bdcfcd5e64…, copy retrieved via https://data.opencity.in/dataset/crime-in-india-2024) — see data/raw/ncrb/2024/PROVENANCE.md."
2024,2024-01-01,2024-12-31,state,AP,Andhra Pradesh,pocso_victims_age,victims,age_band,16_18,484.0,victims,NCRB,1,2024-12-31,2026-09-25,Table 4A.9 (PDF p. 525-526),Crime in India 2024,https://ncrb.gov.in/en/crime-india,"Extracted from NCRB Crime in India 2024, Vol. I (PDF, SHA-256 75b827bdcfcd5e64…, copy retrieved via https://data.opencity.in/dataset/crime-in-india-2024) — see data/raw/ncrb/2024/PROVENANCE.md."
2024,2024-01-01,2024-12-31,state,AP,Andhra Pradesh,pocso_victims_age,victims,age_band,6_12,70.0,victims,NCRB,1,2024-12-31,2026-09-25,Table 4A.9 (PDF p. 525-526),Crime in India 2024,https://ncrb.gov.in/en/crime-india,"Extracted from NCRB Crime in India 2024, Vol. I (PDF, SHA-256 75b827bdcfcd5e64…, copy retrieved via https://data.opencity.in/dataset/crime-in-india-2024) — see data/raw/ncrb/2024/PROVENANCE.md."
2024,2024-01-01,2024-12-31,state,AP,Andhra Pradesh,pocso_victims_age,victims,age_band,lt6,29.0,victims,NCRB,1,2024-12-31,2026-09-25,Table 4A.9 (PDF p. 525-526),Crime in India 2024,https://ncrb.gov.in/en/crime-india,"Extracted from NCRB Crime in India 2024, Vol. I (PDF, SHA-256 75b827bdcfcd5e64…, copy retrieved via https://data.opencity.in/dataset/crime-in-india-2024) — see data/raw/ncrb/2024/PROVENANCE.md."
2024,2024-01-01,2024-12-31,state,AP,Andhra Pradesh,pocso_victims_age,victims,age_band,total,946.0,victims,NCRB,1,2024-12-31,2026-09-25,Table 4A.9 (PDF p. 525-526),Crime in India 2024,https://ncrb.gov.in/en/crime-india,"Extracted from NCRB Crime in India 2024, Vol. I (PDF, SHA-256 75b827bdcfcd5e64…, copy retrieved via https://data.opencity.in/dataset/crime-in-india-2024) — see data/raw/ncrb/2024/PROVENANCE.md."
2022,2022-01-01,2022-12-31,state,AR,Arunachal Pradesh,pocso_victims_age,victims,age_band,12_16,22.0,victims,NCRB,1,2022-12-31,2026-09-25,Table 4A.9 (PDF p. 422-423),Crime in India 2022,https://ncrb.gov.in/en/crime-india,"Extracted from NCRB Crime in India 2022, Vol. I (PDF, SHA-256 7c5ee3128b0b6bc7…, copy retrieved via https://data.opencity.in/dataset/crime-in-india-2022) — see data/raw/ncrb/2022/PROVENANCE.md."
2022,2022-01-01,2022-12-31,state,AR,Arunachal Pradesh,pocso_victims_age,victims,age_band,16_18,4.0,victims,NCRB,1,2022-12-31,2026-09-25,Table 4A.9 (PDF p. 422-423),Crime in India 2022,https://ncrb.gov.in/en/crime-india,"Extracted from NCRB Crime in India 2022, Vol. I (PDF, SHA-256 7c5ee3128b0b6bc7…, copy retrieved via https://data.opencity.in/dataset/crime-in-india-2022) — see data/raw/ncrb/2022/PROVENANCE.md."
2022,2022-01-01,2022-12-31,state,AR,Arunachal Pradesh,pocso_victims_age,victims,age_band,6_12,2.0,victims,NCRB,1,2022-12-31,2026-09-25,Table 4A.9 (PDF p. 422-423),Crime in India 2022,https://ncrb.gov.in/en/crime-india,"Extracted from NCRB Crime in India 2022, Vol. I (PDF, SHA-256 7c5ee3128b0b6bc7…, copy retrieved via https://data.opencity.in/dataset/crime-in-india-2022) — see data/raw/ncrb/2022/PROVENANCE.md."
2022,2022-01-01,2022-12-31,state,AR,Arunachal Pradesh,pocso_victims_age,victims,age_band,lt6,0.0,victims,NCRB,1,2022-12-31,2026-09-25,Table 4A.9 (PDF p. 422-423),Crime in India 2022,https://ncrb.gov.in/en/crime-india,"Extracted from NCRB Crime in India 2022, Vol. I (PDF, SHA-256 7c5ee3128b0b6bc7…, copy retrieved via https://data.opencity.in/dataset/crime-in-india-2022) — see data/raw/ncrb/2022/PROVENANCE.md."
2022,2022-01-01,2022-12-31,state,AR,Arunachal Pradesh,pocso_victims_age,victims,age_band,total,28.0,victims,NCRB,1,2022-12-31,2026-09-25,Table 4A.9 (PDF p. 422-423),Crime in India 2022,https://ncrb.gov.in/en/crime-india,"Extracted from NCRB Crime in India 2022, Vol. I (PDF, SHA-256 7c5ee3128b0b6bc7…, copy retrieved via https://data.opencity.in/dataset/crime-in-india-2022) — see data/raw/ncrb/2022/PROVENANCE.md."
2023,2023-01-01,2023-12-31,state,AR,Arunachal Pradesh,pocso_victims_age,victims,age_band,12_16,23.0,victims,NCRB,1,2023-12-31,2026-09-25,Table 4A.9 (PDF p. 422-423),Crime in India 2023,https://ncrb.gov.in/en/crime-india,"Extracted from NCRB Crime in India 2023, Vol. I (PDF, SHA-256 553ac8b2eadfe9e2…, copy retrieved via https://data.opencity.in/dataset/crime-in-india-2023) — see data/raw/ncrb/2023/PROVENANCE.md."
2023,2023-01-01,2023-12-31,state,AR,Arunachal Pradesh,pocso_victims_age,victims,age_band,16_18,10.0,victims,NCRB,1,2023-12-31,2026-09-25,Table 4A.9 (PDF p. 422-423),Crime in India 2023,https://ncrb.gov.in/en/crime-india,"Extracted from NCRB Crime in India 2023, Vol. I (PDF, SHA-256 553ac8b2eadfe9e2…, copy retrieved via https://data.opencity.in/dataset/crime-in-india-2023) — see data/raw/ncrb/2023/PROVENANCE.md."
2023,2023-01-01,2023-12-31,state,AR,Arunachal Pradesh,pocso_victims_age,victims,age_band,6_12,8.0,victims,NCRB,1,2023-12-31,2026-09-25,Table 4A.9 (PDF p. 422-423),Crime in India 2023,https://ncrb.gov.in/en/crime-india,"Extracted from NCRB Crime in India 2023, Vol. I (PDF, SHA-256 553ac8b2eadfe9e2…, copy retrieved via https://data.opencity.in/dataset/crime-in-india-2023) — see data/raw/ncrb/2023/PROVENANCE.md."
2023,2023-01-01,2023-12-31,state,AR,Arunachal Pradesh,pocso_victims_age,victims,age_band,lt6,2.0,victims,NCRB,1,2023-12-31,2026-09-25,Table 4A.9 (PDF p. 422-423),Crime in India 2023,https://ncrb.gov.in/en/crime-india,"Extracted from NCRB Crime in India 2023, Vol. I (PDF, SHA-256 553ac8b2eadfe9e2…, copy retrieved via https://data.opencity.in/dataset/crime-in-india-2023) — see data/raw/ncrb/2023/PROVENANCE.md."
2023,2023-01-01,2023-12-31,state,AR,Arunachal Pradesh,pocso_victims_age,victims,age_band,total,43.0,victims,NCRB,1,2023-12-31,2026-09-25,Table 4A.9 (PDF p. 422-423),Crime in India 2023,https://ncrb.gov.in/en/crime-india,"Extracted from NCRB Crime in India 2023, Vol. I (PDF, SHA-256 553ac8b2eadfe9e2…, copy retrieved via https://data.opencity.in/dataset/crime-in-india-2023) — see data/raw/ncrb/2023/PROVENANCE.md."
2024,2024-01-01,2024-12-31,state,AR,Arunachal Pradesh,pocso_victims_age,victims,age_band,12_16,9.0,victims,NCRB,1,2024-12-31,2026-09-25,Table 4A.9 (PDF p. 525-526),Crime in India 2024,https://ncrb.gov.in/en/crime-india,"Extracted from NCRB Crime in India 2024, Vol. I (PDF, SHA-256 75b827bdcfcd5e64…, copy retrieved via https://data.opencity.in/dataset/crime-in-india-2024) — see data/raw/ncrb/2024/PROVENANCE.md."
2024,2024-01-01,2024-12-31,state,AR,Arunachal Pradesh,pocso_victims_age,victims,age_band,16_18,30.0,victims,NCRB,1,2024-12-31,2026-09-25,Table 4A.9 (PDF p. 525-526),Crime in India 2024,https://ncrb.gov.in/en/crime-india,"Extracted from NCRB Crime in India 2024, Vol. I (PDF, SHA-256 75b827bdcfcd5e64…, copy retrieved via https://data.opencity.in/dataset/crime-in-india-2024) — see data/raw/ncrb/2024/PROVENANCE.md."
2024,2024-01-01,2024-12-31,state,AR,Arunachal Pradesh,pocso_victims_age,victims,age_band,6_12,2.0,victims,NCRB,1,2024-12-31,2026-09-25,Table 4A.9 (PDF p. 525-526),Crime in India 2024,https://ncrb.gov.in/en/crime-india,"Extracted from NCRB Crime in India 2024, Vol. I (PDF, SHA-256 75b827bdcfcd5e64…, copy retrieved via https://data.opencity.in/dataset/crime-in-india-2024) — see data/raw/ncrb/2024/PROVENANCE.md."
2024,2024-01-01,2024-12-31,state,AR,Arunachal Pradesh,pocso_victims_age,victims,age_band,lt6,0.0,victims,NCRB,1,2024-12-31,2026-09-25,Table 4A.9 (PDF p. 525-526),Crime in India 2024,https://ncrb.gov.in/en/crime-india,"Extracted from NCRB Crime in India 2024, Vol. I (PDF, SHA-256 75b827bdcfcd5e64…, copy retrieved via https://data.opencity.in/dataset/crime-in-india-2024) — see data/raw/ncrb/2024/PROVENANCE.md."
2024,2024-01-01,2024-12-31,state,AR,Arunachal Pradesh,pocso_victims_age,victims,age_band,total,41.0,victims,NCRB,1,2024-12-31,2026-09-25,Table 4A.9 (PDF p. 525-526),Crime in India 2024,https://ncrb.gov.in/en/crime-india,"Extracted from NCRB Crime in India 2024, Vol. I (PDF, SHA-256 75b827bdcfcd5e64…, copy retrieved via https://data.opencity.in/dataset/crime-in-india-2024) — see data/raw/ncrb/2024/PROVENANCE.md."
2022,2022-01-01,2022-12-31,state,AS,Assam,pocso_victims_age,victims,age_band,12_16,548.0,victims,NCRB,1,2022-12-31,2026-09-25,Table 4A.9 (PDF p. 422-423),Crime in India 2022,https://ncrb.gov.in/en/crime-india,"Extracted from NCRB Crime in India 2022, Vol. I (PDF, SHA-256 7c5ee3128b0b6bc7…, copy retrieved via https://data.opencity.in/dataset/crime-in-india-2022) — see data/raw/ncrb/2022/PROVENANCE.md."
2022,2022-01-01,2022-12-31,state,AS,Assam,pocso_victims_age,victims,age_band,16_18,570.0,victims,NCRB,1,2022-12-31,2026-09-25,Table 4A.9 (PDF p. 422-423),Crime in India 2022,https://ncrb.gov.in/en/crime-india,"Extracted from NCRB Crime in India 2022, Vol. I (PDF, SHA-256 7c5ee3128b0b6bc7…, copy retrieved via https://data.opencity.in/dataset/crime-in-india-2022) — see data/raw/ncrb/2022/PROVENANCE.md."
2022,2022-01-01,2022-12-31,state,AS,Assam,pocso_victims_age,victims,age_band,6_12,171.0,victims,NCRB,1,2022-12-31,2026-09-25,Table 4A.9 (PDF p. 422-423),Crime in India 2022,https://ncrb.gov.in/en/crime-india,"Extracted from NCRB Crime in India 2022, Vol. I (PDF, SHA-256 7c5ee3128b0b6bc7…, copy retrieved via https://data.opencity.in/dataset/crime-in-india-2022) — see data/raw/ncrb/2022/PROVENANCE.md."
2022,2022-01-01,2022-12-31,state,AS,Assam,pocso_victims_age,victims,age_band,lt6,18.0,victims,NCRB,1,2022-12-31,2026-09-25,Table 4A.9 (PDF p. 422-423),Crime in India 2022,https://ncrb.gov.in/en/crime-india,"Extracted from NCRB Crime in India 2022, Vol. I (PDF, SHA-256 7c5ee3128b0b6bc7…, copy retrieved via https://data.opencity.in/dataset/crime-in-india-2022) — see data/raw/ncrb/2022/PROVENANCE.md."
2022,2022-01-01,2022-12-31,state,AS,Assam,pocso_victims_age,victims,age_band,total,1307.0,victims,NCRB,1,2022-12-31,2026-09-25,Table 4A.9 (PDF p. 422-423),Crime in India 2022,https://ncrb.gov.in/en/crime-india,"Extracted from NCRB Crime in India 2022, Vol. I (PDF, SHA-256 7c5ee3128b0b6bc7…, copy retrieved via https://data.opencity.in/dataset/crime-in-india-2022) — see data/raw/ncrb/2022/PROVENANCE.md."
2023,2023-01-01,2023-12-31,state,AS,Assam,pocso_victims_age,victims,age_band,12_16,777.0,victims,NCRB,1,2023-12-31,2026-09-25,Table 4A.9 (PDF p. 422-423),Crime in India 2023,https://ncrb.gov.in/en/crime-india,"Extracted from NCRB Crime in India 2023, Vol. I (PDF, SHA-256 553ac8b2eadfe9e2…, copy retrieved via https://data.opencity.in/dataset/crime-in-india-2023) — see data/raw/ncrb/2023/PROVENANCE.md."
2023,2023-01-01,2023-12-31,state,AS,Assam,pocso_victims_age,victims,age_band,16_18,898.0,victims,NCRB,1,2023-12-31,2026-09-25,Table 4A.9 (PDF p. 422-423),Crime in India 2023,https://ncrb.gov.in/en/crime-india,"Extracted from NCRB Crime in India 2023, Vol. I (PDF, SHA-256 553ac8b2eadfe9e2…, copy retrieved via https://data.opencity.in/dataset/crime-in-india-2023) — see data/raw/ncrb/2023/PROVENANCE.md."
2023,2023-01-01,2023-12-31,state,AS,Assam,pocso_victims_age,victims,age_band,6_12,140.0,victims,NCRB,1,2023-12-31,2026-09-25,Table 4A.9 (PDF p. 422-423),Crime in India 2023,https://ncrb.gov.in/en/crime-india,"Extracted from NCRB Crime in India 2023, Vol. I (PDF, SHA-256 553ac8b2eadfe9e2…, copy retrieved via https://data.opencity.in/dataset/crime-in-india-2023) — see data/raw/ncrb/2023/PROVENANCE.md."
2023,2023-01-01,2023-12-31,state,AS,Assam,pocso_victims_age,victims,age_band,lt6,14.0,victims,NCRB,1,2023-12-31,2026-09-25,Table 4A.9 (PDF p. 422-423),Crime in India 2023,https://ncrb.gov.in/en/crime-india,"Extracted from NCRB Crime in India 2023, Vol. I (PDF, SHA-256 553ac8b2eadfe9e2…, copy retrieved via https://data.opencity.in/dataset/crime-in-india-2023) — see data/raw/ncrb/2023/PROVENANCE.md."
2023,2023-01-01,2023-12-31,state,AS,Assam,pocso_victims_age,victims,age_band,total,1829.0,victims,NCRB,1,2023-12-31,2026-09-25,Table 4A.9 (PDF p. 422-423),Crime in India 2023,https://ncrb.gov.in/en/crime-india,"Extracted from NCRB Crime in India 2023, Vol. I (PDF, SHA-256 553ac8b2eadfe9e2…, copy retrieved via https://data.opencity.in/dataset/crime-in-india-2023) — see data/raw/ncrb/2023/PROVENANCE.md."
2024,2024-01-01,2024-12-31,state,AS,Assam,pocso_victims_age,victims,age_band,12_16,863.0,victims,NCRB,1,2024-12-31,2026-09-25,Table 4A.9 (PDF p. 525-526),Crime in India 2024,https://ncrb.gov.in/en/crime-india,"Extracted from NCRB Crime in India 2024, Vol. I (PDF, SHA-256 75b827bdcfcd5e64…, copy retrieved via https://data.opencity.in/dataset/crime-in-india-2024) — see data/raw/ncrb/2024/PROVENANCE.md."
2024,2024-01-01,2024-12-31,state,AS,Assam,pocso_victims_age,victims,age_band,16_18,1069.0,victims,NCRB,1,2024-12-31,2026-09-25,Table 4A.9 (PDF p. 525-526),Crime in India 2024,https://ncrb.gov.in/en/crime-india,"Extracted from NCRB Crime in India 2024, Vol. I (PDF, SHA-256 75b827bdcfcd5e64…, copy retrieved via https://data.opencity.in/dataset/crime-in-india-2024) — see data/raw/ncrb/2024/PROVENANCE.md."
2024,2024-01-01,2024-12-31,state,AS,Assam,pocso_victims_age,victims,age_band,6_12,277.0,victims,NCRB,1,2024-12-31,2026-09-25,Table 4A.9 (PDF p. 525-526),Crime in India 2024,https://ncrb.gov.in/en/crime-india,"Extracted from NCRB Crime in India 2024, Vol. I (PDF, SHA-256 75b827bdcfcd5e64…, copy retrieved via https://data.opencity.in/dataset/crime-in-india-2024) — see data/raw/ncrb/2024/PROVENANCE.md."
2024,2024-01-01,2024-12-31,state,AS,Assam,pocso_victims_age,victims,age_band,lt6,17.0,victims,NCRB,1,2024-12-31,2026-09-25,Table 4A.9 (PDF p. 525-526),Crime in India 2024,https://ncrb.gov.in/en/crime-india,"Extracted from NCRB Crime in India 2024, Vol. I (PDF, SHA-256 75b827bdcfcd5e64…, copy retrieved via https://data.opencity.in/dataset/crime-in-india-2024) — see data/raw/ncrb/2024/PROVENANCE.md."
2024,2024-01-01,2024-12-31,state,AS,Assam,pocso_victims_age,victims,age_band,total,2226.0,victims,NCRB,1,2024-12-31,2026-09-25,Table 4A.9 (PDF p. 525-526),Crime in India 2024,https://ncrb.gov.in/en/crime-india,"Extracted from NCRB Crime in India 2024, Vol. I (PDF, SHA-256 75b827bdcfcd5e64…, copy retrieved via https://data.opencity.in/dataset/crime-in-india-2024) — see data/raw/ncrb/2024/PROVENANCE.md."
2022,2022-01-01,2022-12-31,state,BR,Bihar,pocso_victims_age,victims,age_band,12_16,314.0,victims,NCRB,1,2022-12-31,2026-09-25,Table 4A.9 (PDF p. 422-423),Crime in India 2022,https://ncrb.gov.in/en/crime-india,"Extracted from NCRB Crime in India 2022, Vol. I (PDF, SHA-256 7c5ee3128b0b6bc7…, copy retrieved via https://data.opencity.in/dataset/crime-in-india-2022) — see data/raw/ncrb/2022/PROVENANCE.md."
2022,2022-01-01,2022-12-31,state,BR,Bihar,pocso_victims_age,victims,age_band,16_18,399.0,victims,NCRB,1,2022-12-31,2026-09-25,Table 4A.9 (PDF p. 422-423),Crime in India 2022,https://ncrb.gov.in/en/crime-india,"Extracted from NCRB Crime in India 2022, Vol. I (PDF, SHA-256 7c5ee3128b0b6bc7…, copy retrieved via https://data.opencity.in/dataset/crime-in-india-2022) — see data/raw/ncrb/2022/PROVENANCE.md."
2022,2022-01-01,2022-12-31,state,BR,Bihar,pocso_victims_age,victims,age_band,6_12,32.0,victims,NCRB,1,2022-12-31,2026-09-25,Table 4A.9 (PDF p. 422-423),Crime in India 2022,https://ncrb.gov.in/en/crime-india,"Extracted from NCRB Crime in India 2022, Vol. I (PDF, SHA-256 7c5ee3128b0b6bc7…, copy retrieved via https://data.opencity.in/dataset/crime-in-india-2022) — see data/raw/ncrb/2022/PROVENANCE.md."
2022,2022-01-01,2022-12-31,state,BR,Bihar,pocso_victims_age,victims,age_band,lt6,4.0,victims,NCRB,1,2022-12-31,2026-09-25,Table 4A.9 (PDF p. 422-423),Crime in India 2022,https://ncrb.gov.in/en/crime-india,"Extracted from NCRB Crime in India 2022, Vol. I (PDF, SHA-256 7c5ee3128b0b6bc7…, copy retrieved via https://data.opencity.in/dataset/crime-in-india-2022) — see data/raw/ncrb/2022/PROVENANCE.md."
2022,2022-01-01,2022-12-31,state,BR,Bihar,pocso_victims_age,victims,age_band,total,749.0,victims,NCRB,1,2022-12-31,2026-09-25,Table 4A.9 (PDF p. 422-423),Crime in India 2022,https://ncrb.gov.in/en/crime-india,"Extracted from NCRB Crime in India 2022, Vol. I (PDF, SHA-256 7c5ee3128b0b6bc7…, copy retrieved via https://data.opencity.in/dataset/crime-in-india-2022) — see data/raw/ncrb/2022/PROVENANCE.md."
2023,2023-01-01,2023-12-31,state,BR,Bihar,pocso_victims_age,victims,age_band,12_16,329.0,victims,NCRB,1,2023-12-31,2026-09-25,Table 4A.9 (PDF p. 422-423),Crime in India 2023,https://ncrb.gov.in/en/crime-india,"Extracted from NCRB Crime in India 2023, Vol. I (PDF, SHA-256 553ac8b2eadfe9e2…, copy retrieved via https://data.opencity.in/dataset/crime-in-india-2023) — see data/raw/ncrb/2023/PROVENANCE.md."
2023,2023-01-01,2023-12-31,state,BR,Bihar,pocso_victims_age,victims,age_band,16_18,499.0,victims,NCRB,1,2023-12-31,2026-09-25,Table 4A.9 (PDF p. 422-423),Crime in India 2023,https://ncrb.gov.in/en/crime-india,"Extracted from NCRB Crime in India 2023, Vol. I (PDF, SHA-256 553ac8b2eadfe9e2…, copy retrieved via https://data.opencity.in/dataset/crime-in-india-2023) — see data/raw/ncrb/2023/PROVENANCE.md."
2023,2023-01-01,2023-12-31,state,BR,Bihar,pocso_victims_age,victims,age_band,6_12,91.0,victims,NCRB,1,2023-12-31,2026-09-25,Table 4A.9 (PDF p. 422-423),Crime in India 2023,https://ncrb.gov.in/en/crime-india,"Extracted from NCRB Crime in India 2023, Vol. I (PDF, SHA-256 553ac8b2eadfe9e2…, copy retrieved via https://data.opencity.in/dataset/crime-in-india-2023) — see data/raw/ncrb/2023/PROVENANCE.md."
2023,2023-01-01,2023-12-31,state,BR,Bihar,pocso_victims_age,victims,age_band,lt6,6.0,victims,NCRB,1,2023-12-31,2026-09-25,Table 4A.9 (PDF p. 422-423),Crime in India 2023,https://ncrb.gov.in/en/crime-india,"Extracted from NCRB Crime in India 2023, Vol. I (PDF, SHA-256 553ac8b2eadfe9e2…, copy retrieved via https://data.opencity.in/dataset/crime-in-india-2023) — see data/raw/ncrb/2023/PROVENANCE.md."
2023,2023-01-01,2023-12-31,state,BR,Bihar,pocso_victims_age,victims,age_band,total,925.0,victims,NCRB,1,2023-12-31,2026-09-25,Table 4A.9 (PDF p. 422-423),Crime in India 2023,https://ncrb.gov.in/en/crime-india,"Extracted from NCRB Crime in India 2023, Vol. I (PDF, SHA-256 553ac8b2eadfe9e2…, copy retrieved via https://data.opencity.in/dataset/crime-in-india-2023) — see data/raw/ncrb/2023/PROVENANCE.md."
2024,2024-01-01,2024-12-31,state,BR,Bihar,pocso_victims_age,victims,age_band,12_16,439.0,victims,NCRB,1,2024-12-31,2026-09-25,Table 4A.9 (PDF p. 525-526),Crime in India 2024,https://ncrb.gov.in/en/crime-india,"Extracted from NCRB Crime in India 2024, Vol. I (PDF, SHA-256 75b827bdcfcd5e64…, copy retrieved via https://data.opencity.in/dataset/crime-in-india-2024) — see data/raw/ncrb/2024/PROVENANCE.md."
2024,2024-01-01,2024-12-31,state,BR,Bihar,pocso_victims_age,victims,age_band,16_18,542.0,victims,NCRB,1,2024-12-31,2026-09-25,Table 4A.9 (PDF p. 525-526),Crime in India 2024,https://ncrb.gov.in/en/crime-india,"Extracted from NCRB Crime in India 2024, Vol. I (PDF, SHA-256 75b827bdcfcd5e64…, copy retrieved via https://data.opencity.in/dataset/crime-in-india-2024) — see data/raw/ncrb/2024/PROVENANCE.md."
2024,2024-01-01,2024-12-31,state,BR,Bihar,pocso_victims_age,victims,age_band,6_12,68.0,victims,NCRB,1,2024-12-31,2026-09-25,Table 4A.9 (PDF p. 525-526),Crime in India 2024,https://ncrb.gov.in/en/crime-india,"Extracted from NCRB Crime in India 2024, Vol. I (PDF, SHA-256 75b827bdcfcd5e64…, copy retrieved via https://data.opencity.in/dataset/crime-in-india-2024) — see data/raw/ncrb/2024/PROVENANCE.md."
2024,2024-01-01,2024-12-31,state,BR,Bihar,pocso_victims_age,victims,age_band,lt6,15.0,victims,NCRB,1,2024-12-31,2026-09-25,Table 4A.9 (PDF p. 525-526),Crime in India 2024,https://ncrb.gov.in/en/crime-india,"Extracted from NCRB Crime in India 2024, Vol. I (PDF, SHA-256 75b827bdcfcd5e64…, copy retrieved via https://data.opencity.in/dataset/crime-in-india-2024) — see data/raw/ncrb/2024/PROVENANCE.md."
2024,2024-01-01,2024-12-31,state,BR,Bihar,pocso_victims_age,victims,age_band,total,1064.0,victims,NCRB,1,2024-12-31,2026-09-25,Table 4A.9 (PDF p. 525-526),Crime in India 2024,https://ncrb.gov.in/en/crime-india,"Extracted from NCRB Crime in India 2024, Vol. I (PDF, SHA-256 75b827bdcfcd5e64…, copy retrieved via https://data.opencity.in/dataset/crime-in-india-2024) — see data/raw/ncrb/2024/PROVENANCE.md."
2022,2022-01-01,2022-12-31,state,CH,Chandigarh,pocso_victims_age,victims,age_band,12_16,1.0,victims,NCRB,1,2022-12-31,2026-09-25,Table 4A.9 (PDF p. 422-423),Crime in India 2022,https://ncrb.gov.in/en/crime-india,"Extracted from NCRB Crime in India 2022, Vol. I (PDF, SHA-256 7c5ee3128b0b6bc7…, copy retrieved via https://data.opencity.in/dataset/crime-in-india-2022) — see data/raw/ncrb/2022/PROVENANCE.md."
2022,2022-01-01,2022-12-31,state,CH,Chandigarh,pocso_victims_age,victims,age_band,16_18,0.0,victims,NCRB,1,2022-12-31,2026-09-25,Table 4A.9 (PDF p. 422-423),Crime in India 2022,https://ncrb.gov.in/en/crime-india,"Extracted from NCRB Crime in India 2022, Vol. I (PDF, SHA-256 7c5ee3128b0b6bc7…, copy retrieved via https://data.opencity.in/dataset/crime-in-india-2022) — see data/raw/ncrb/2022/PROVENANCE.md."
2022,2022-01-01,2022-12-31,state,CH,Chandigarh,pocso_victims_age,victims,age_band,6_12,0.0,victims,NCRB,1,2022-12-31,2026-09-25,Table 4A.9 (PDF p. 422-423),Crime in India 2022,https://ncrb.gov.in/en/crime-india,"Extracted from NCRB Crime in India 2022, Vol. I (PDF, SHA-256 7c5ee3128b0b6bc7…, copy retrieved via https://data.opencity.in/dataset/crime-in-india-2022) — see data/raw/ncrb/2022/PROVENANCE.md."
2022,2022-01-01,2022-12-31,state,CH,Chandigarh,pocso_victims_age,victims,age_band,lt6,0.0,victims,NCRB,1,2022-12-31,2026-09-25,Table 4A.9 (PDF p. 422-423),Crime in India 2022,https://ncrb.gov.in/en/crime-india,"Extracted from NCRB Crime in India 2022, Vol. I (PDF, SHA-256 7c5ee3128b0b6bc7…, copy retrieved via https://data.opencity.in/dataset/crime-in-india-2022) — see data/raw/ncrb/2022/PROVENANCE.md."
2022,2022-01-01,2022-12-31,state,CH,Chandigarh,pocso_victims_age,victims,age_band,total,1.0,victims,NCRB,1,2022-12-31,2026-09-25,Table 4A.9 (PDF p. 422-423),Crime in India 2022,https://ncrb.gov.in/en/crime-india,"Extracted from NCRB Crime in India 2022, Vol. I (PDF, SHA-256 7c5ee3128b0b6bc7…, copy retrieved via https://data.opencity.in/dataset/crime-in-india-2022) — see data/raw/ncrb/2022/PROVENANCE.md."
2023,2023-01-01,2023-12-31,state,CH,Chandigarh,pocso_victims_age,victims,age_band,12_16,0.0,victims,NCRB,1,2023-12-31,2026-09-25,Table 4A.9 (PDF p. 422-423),Crime in India 2023,https://ncrb.gov.in/en/crime-india,"Extracted from NCRB Crime in India 2023, Vol. I (PDF, SHA-256 553ac8b2eadfe9e2…, copy retrieved via https://data.opencity.in/dataset/crime-in-india-2023) — see data/raw/ncrb/2023/PROVENANCE.md."
2023,2023-01-01,2023-12-31,state,CH,Chandigarh,pocso_victims_age,victims,age_band,16_18,0.0,victims,NCRB,1,2023-12-31,2026-09-25,Table 4A.9 (PDF p. 422-423),Crime in India 2023,https://ncrb.gov.in/en/crime-india,"Extracted from NCRB Crime in India 2023, Vol. I (PDF, SHA-256 553ac8b2eadfe9e2…, copy retrieved via https://data.opencity.in/dataset/crime-in-india-2023) — see data/raw/ncrb/2023/PROVENANCE.md."
2023,2023-01-01,2023-12-31,state,CH,Chandigarh,pocso_victims_age,victims,age_band,6_12,0.0,victims,NCRB,1,2023-12-31,2026-09-25,Table 4A.9 (PDF p. 422-423),Crime in India 2023,https://ncrb.gov.in/en/crime-india,"Extracted from NCRB Crime in India 2023, Vol. I (PDF, SHA-256 553ac8b2eadfe9e2…, copy retrieved via https://data.opencity.in/dataset/crime-in-india-2023) — see data/raw/ncrb/2023/PROVENANCE.md."
2023,2023-01-01,2023-12-31,state,CH,Chandigarh,pocso_victims_age,victims,age_band,lt6,0.0,victims,NCRB,1,2023-12-31,2026-09-25,Table 4A.9 (PDF p. 422-423),Crime in India 2023,https://ncrb.gov.in/en/crime-india,"Extracted from NCRB Crime in India 2023, Vol. I (PDF, SHA-256 553ac8b2eadfe9e2…, copy retrieved via https://data.opencity.in/dataset/crime-in-india-2023) — see data/raw/ncrb/2023/PROVENANCE.md."
2023,2023-01-01,2023-12-31,state,CH,Chandigarh,pocso_victims_age,victims,age_band,total,0.0,victims,NCRB,1,2023-12-31,2026-09-25,Table 4A.9 (PDF p. 422-423),Crime in India 2023,https://ncrb.gov.in/en/crime-india,"Extracted from NCRB Crime in India 2023, Vol. I (PDF, SHA-256 553ac8b2eadfe9e2…, copy retrieved via https://data.opencity.in/dataset/crime-in-india-2023) — see data/raw/ncrb/2023/PROVENANCE.md."
2024,2024-01-01,2024-12-31,state,CH,Chandigarh,pocso_victims_age,victims,age_band,12_16,1.0,victims,NCRB,1,2024-12-31,2026-09-25,Table 4A.9 (PDF p. 525-526),Crime in India 2024,https://ncrb.gov.in/en/crime-india,"Extracted from NCRB Crime in India 2024, Vol. I (PDF, SHA-256 75b827bdcfcd5e64…, copy retrieved via https://data.opencity.in/dataset/crime-in-india-2024) — see data/raw/ncrb/2024/PROVENANCE.md."
2024,2024-01-01,2024-12-31,state,CH,Chandigarh,pocso_victims_age,victims,age_band,16_18,0.0,victims,NCRB,1,2024-12-31,2026-09-25,Table 4A.9 (PDF p. 525-526),Crime in India 2024,https://ncrb.gov.in/en/crime-india,"Extracted from NCRB Crime in India 2024, Vol. I (PDF, SHA-256 75b827bdcfcd5e64…, copy retrieved via https://data.opencity.in/dataset/crime-in-india-2024) — see data/raw/ncrb/2024/PROVENANCE.md."
2024,2024-01-01,2024-12-31,state,CH,Chandigarh,pocso_victims_age,victims,age_band,6_12,1.0,victims,NCRB,1,2024-12-31,2026-09-25,Table 4A.9 (PDF p. 525-526),Crime in India 2024,https://ncrb.gov.in/en/crime-india,"Extracted from NCRB Crime in India 2024, Vol. I (PDF, SHA-256 75b827bdcfcd5e64…, copy retrieved via https://data.opencity.in/dataset/crime-in-india-2024) — see data/raw/ncrb/2024/PROVENANCE.md."
2024,2024-01-01,2024-12-31,state,CH,Chandigarh,pocso_victims_age,victims,age_band,lt6,0.0,victims,NCRB,1,2024-12-31,2026-09-25,Table 4A.9 (PDF p. 525-526),Crime in India 2024,https://ncrb.gov.in/en/crime-india,"Extracted from NCRB Crime in India 2024, Vol. I (PDF, SHA-256 75b827bdcfcd5e64…, copy retrieved via https://data.opencity.in/dataset/crime-in-india-2024) — see data/raw/ncrb/2024/PROVENANCE.md."
2024,2024-01-01,2024-12-31,state,CH,Chandigarh,pocso_victims_age,victims,age_band,total,2.0,victims,NCRB,1,2024-12-31,2026-09-25,Table 4A.9 (PDF p. 525-526),Crime in India 2024,https://ncrb.gov.in/en/crime-india,"Extracted from NCRB Crime in India 2024, Vol. I (PDF, SHA-256 75b827bdcfcd5e64…, copy retrieved via https://data.opencity.in/dataset/crime-in-india-2024) — see data/raw/ncrb/2024/PROVENANCE.md."
2022,2022-01-01,2022-12-31,state,CT,Chhattisgarh,pocso_victims_age,victims,age_band,12_16,722.0,victims,NCRB,1,2022-12-31,2026-09-25,Table 4A.9 (PDF p. 422-423),Crime in India 2022,https://ncrb.gov.in/en/crime-india,"Extracted from NCRB Crime in India 2022, Vol. I (PDF, SHA-256 7c5ee3128b0b6bc7…, copy retrieved via https://data.opencity.in/dataset/crime-in-india-2022) — see data/raw/ncrb/2022/PROVENANCE.md."
2022,2022-01-01,2022-12-31,state,CT,Chhattisgarh,pocso_victims_age,victims,age_band,16_18,993.0,victims,NCRB,1,2022-12-31,2026-09-25,Table 4A.9 (PDF p. 422-423),Crime in India 2022,https://ncrb.gov.in/en/crime-india,"Extracted from NCRB Crime in India 2022, Vol. I (PDF, SHA-256 7c5ee3128b0b6bc7…, copy retrieved via https://data.opencity.in/dataset/crime-in-india-2022) — see data/raw/ncrb/2022/PROVENANCE.md."
2022,2022-01-01,2022-12-31,state,CT,Chhattisgarh,pocso_victims_age,victims,age_band,6_12,88.0,victims,NCRB,1,2022-12-31,2026-09-25,Table 4A.9 (PDF p. 422-423),Crime in India 2022,https://ncrb.gov.in/en/crime-india,"Extracted from NCRB Crime in India 2022, Vol. I (PDF, SHA-256 7c5ee3128b0b6bc7…, copy retrieved via https://data.opencity.in/dataset/crime-in-india-2022) — see data/raw/ncrb/2022/PROVENANCE.md."
2022,2022-01-01,2022-12-31,state,CT,Chhattisgarh,pocso_victims_age,victims,age_band,lt6,12.0,victims,NCRB,1,2022-12-31,2026-09-25,Table 4A.9 (PDF p. 422-423),Crime in India 2022,https://ncrb.gov.in/en/crime-india,"Extracted from NCRB Crime in India 2022, Vol. I (PDF, SHA-256 7c5ee3128b0b6bc7…, copy retrieved via https://data.opencity.in/dataset/crime-in-india-2022) — see data/raw/ncrb/2022/PROVENANCE.md."
2022,2022-01-01,2022-12-31,state,CT,Chhattisgarh,pocso_victims_age,victims,age_band,total,1815.0,victims,NCRB,1,2022-12-31,2026-09-25,Table 4A.9 (PDF p. 422-423),Crime in India 2022,https://ncrb.gov.in/en/crime-india,"Extracted from NCRB Crime in India 2022, Vol. I (PDF, SHA-256 7c5ee3128b0b6bc7…, copy retrieved via https://data.opencity.in/dataset/crime-in-india-2022) — see data/raw/ncrb/2022/PROVENANCE.md."
2023,2023-01-01,2023-12-31,state,CT,Chhattisgarh,pocso_victims_age,victims,age_band,12_16,561.0,victims,NCRB,1,2023-12-31,2026-09-25,Table 4A.9 (PDF p. 422-423),Crime in India 2023,https://ncrb.gov.in/en/crime-india,"Extracted from NCRB Crime in India 2023, Vol. I (PDF, SHA-256 553ac8b2eadfe9e2…, copy retrieved via https://data.opencity.in/dataset/crime-in-india-2023) — see data/raw/ncrb/2023/PROVENANCE.md."
2023,2023-01-01,2023-12-31,state,CT,Chhattisgarh,pocso_victims_age,victims,age_band,16_18,823.0,victims,NCRB,1,2023-12-31,2026-09-25,Table 4A.9 (PDF p. 422-423),Crime in India 2023,https://ncrb.gov.in/en/crime-india,"Extracted from NCRB Crime in India 2023, Vol. I (PDF, SHA-256 553ac8b2eadfe9e2…, copy retrieved via https://data.opencity.in/dataset/crime-in-india-2023) — see data/raw/ncrb/2023/PROVENANCE.md."
2023,2023-01-01,2023-12-31,state,CT,Chhattisgarh,pocso_victims_age,victims,age_band,6_12,93.0,victims,NCRB,1,2023-12-31,2026-09-25,Table 4A.9 (PDF p. 422-423),Crime in India 2023,https://ncrb.gov.in/en/crime-india,"Extracted from NCRB Crime in India 2023, Vol. I (PDF, SHA-256 553ac8b2eadfe9e2…, copy retrieved via https://data.opencity.in/dataset/crime-in-india-2023) — see data/raw/ncrb/2023/PROVENANCE.md."
2023,2023-01-01,2023-12-31,state,CT,Chhattisgarh,pocso_victims_age,victims,age_band,lt6,28.0,victims,NCRB,1,2023-12-31,2026-09-25,Table 4A.9 (PDF p. 422-423),Crime in India 2023,https://ncrb.gov.in/en/crime-india,"Extracted from NCRB Crime in India 2023, Vol. I (PDF, SHA-256 553ac8b2eadfe9e2…, copy retrieved via https://data.opencity.in/dataset/crime-in-india-2023) — see data/raw/ncrb/2023/PROVENANCE.md."
2023,2023-01-01,2023-12-31,state,CT,Chhattisgarh,pocso_victims_age,victims,age_band,total,1505.0,victims,NCRB,1,2023-12-31,2026-09-25,Table 4A.9 (PDF p. 422-423),Crime in India 2023,https://ncrb.gov.in/en/crime-india,"Extracted from NCRB Crime in India 2023, Vol. I (PDF, SHA-256 553ac8b2eadfe9e2…, copy retrieved via https://data.opencity.in/dataset/crime-in-india-2023) — see data/raw/ncrb/2023/PROVENANCE.md."
2024,2024-01-01,2024-12-31,state,CT,Chhattisgarh,pocso_victims_age,victims,age_band,12_16,644.0,victims,NCRB,1,2024-12-31,2026-09-25,Table 4A.9 (PDF p. 525-526),Crime in India 2024,https://ncrb.gov.in/en/crime-india,"Extracted from NCRB Crime in India 2024, Vol. I (PDF, SHA-256 75b827bdcfcd5e64…, copy retrieved via https://data.opencity.in/dataset/crime-in-india-2024) — see data/raw/ncrb/2024/PROVENANCE.md."
2024,2024-01-01,2024-12-31,state,CT,Chhattisgarh,pocso_victims_age,victims,age_band,16_18,1072.0,victims,NCRB,1,2024-12-31,2026-09-25,Table 4A.9 (PDF p. 525-526),Crime in India 2024,https://ncrb.gov.in/en/crime-india,"Extracted from NCRB Crime in India 2024, Vol. I (PDF, SHA-256 75b827bdcfcd5e64…, copy retrieved via https://data.opencity.in/dataset/crime-in-india-2024) — see data/raw/ncrb/2024/PROVENANCE.md."
2024,2024-01-01,2024-12-31,state,CT,Chhattisgarh,pocso_victims_age,victims,age_band,6_12,57.0,victims,NCRB,1,2024-12-31,2026-09-25,Table 4A.9 (PDF p. 525-526),Crime in India 2024,https://ncrb.gov.in/en/crime-india,"Extracted from NCRB Crime in India 2024, Vol. I (PDF, SHA-256 75b827bdcfcd5e64…, copy retrieved via https://data.opencity.in/dataset/crime-in-india-2024) — see data/raw/ncrb/2024/PROVENANCE.md."
2024,2024-01-01,2024-12-31,state,CT,Chhattisgarh,pocso_victims_age,victims,age_band,lt6,17.0,victims,NCRB,1,2024-12-31,2026-09-25,Table 4A.9 (PDF p. 525-526),Crime in India 2024,https://ncrb.gov.in/en/crime-india,"Extracted from NCRB Crime in India 2024, Vol. I (PDF, SHA-256 75b827bdcfcd5e64…, copy retrieved via https://data.opencity.in/dataset/crime-in-india-2024) — see data/raw/ncrb/2024/PROVENANCE.md."
2024,2024-01-01,2024-12-31,state,CT,Chhattisgarh,pocso_victims_age,victims,age_band,total,1790.0,victims,NCRB,1,2024-12-31,2026-09-25,Table 4A.9 (PDF p. 525-526),Crime in India 2024,https://ncrb.gov.in/en/crime-india,"Extracted from NCRB Crime in India 2024, Vol. I (PDF, SHA-256 75b827bdcfcd5e64…, copy retrieved via https://data.opencity.in/dataset/crime-in-india-2024) — see data/raw/ncrb/2024/PROVENANCE.md."
2022,2022-01-01,2022-12-31,state,DH,Dadra and Nagar Haveli and Daman and Diu,pocso_victims_age,victims,age_band,12_16,10.0,victims,NCRB,1,2022-12-31,2026-09-25,Table 4A.9 (PDF p. 422-423),Crime in India 2022,https://ncrb.gov.in/en/crime-india,"Extracted from NCRB Crime in India 2022, Vol. I (PDF, SHA-256 7c5ee3128b0b6bc7…, copy retrieved via https://data.opencity.in/dataset/crime-in-india-2022) — see data/raw/ncrb/2022/PROVENANCE.md."
2022,2022-01-01,2022-12-31,state,DH,Dadra and Nagar Haveli and Daman and Diu,pocso_victims_age,victims,age_band,16_18,29.0,victims,NCRB,1,2022-12-31,2026-09-25,Table 4A.9 (PDF p. 422-423),Crime in India 2022,https://ncrb.gov.in/en/crime-india,"Extracted from NCRB Crime in India 2022, Vol. I (PDF, SHA-256 7c5ee3128b0b6bc7…, copy retrieved via https://data.opencity.in/dataset/crime-in-india-2022) — see data/raw/ncrb/2022/PROVENANCE.md."
2022,2022-01-01,2022-12-31,state,DH,Dadra and Nagar Haveli and Daman and Diu,pocso_victims_age,victims,age_band,6_12,1.0,victims,NCRB,1,2022-12-31,2026-09-25,Table 4A.9 (PDF p. 422-423),Crime in India 2022,https://ncrb.gov.in/en/crime-india,"Extracted from NCRB Crime in India 2022, Vol. I (PDF, SHA-256 7c5ee3128b0b6bc7…, copy retrieved via https://data.opencity.in/dataset/crime-in-india-2022) — see data/raw/ncrb/2022/PROVENANCE.md."
2022,2022-01-01,2022-12-31,state,DH,Dadra and Nagar Haveli and Daman and Diu,pocso_victims_age,victims,age_band,lt6,3.0,victims,NCRB,1,2022-12-31,2026-09-25,Table 4A.9 (PDF p. 422-423),Crime in India 2022,https://ncrb.gov.in/en/crime-india,"Extracted from NCRB Crime in India 2022, Vol. I (PDF, SHA-256 7c5ee3128b0b6bc7…, copy retrieved via https://data.opencity.in/dataset/crime-in-india-2022) — see data/raw/ncrb/2022/PROVENANCE.md."
2022,2022-01-01,2022-12-31,state,DH,Dadra and Nagar Haveli and Daman and Diu,pocso_victims_age,victims,age_band,total,43.0,victims,NCRB,1,2022-12-31,2026-09-25,Table 4A.9 (PDF p. 422-423),Crime in India 2022,https://ncrb.gov.in/en/crime-india,"Extracted from NCRB Crime in India 2022, Vol. I (PDF, SHA-256 7c5ee3128b0b6bc7…, copy retrieved via https://data.opencity.in/dataset/crime-in-india-2022) — see data/raw/ncrb/2022/PROVENANCE.md."
2023,2023-01-01,2023-12-31,state,DH,Dadra and Nagar Haveli and Daman and Diu,pocso_victims_age,victims,age_band,12_16,20.0,victims,NCRB,1,2023-12-31,2026-09-25,Table 4A.9 (PDF p. 422-423),Crime in India 2023,https://ncrb.gov.in/en/crime-india,"Extracted from NCRB Crime in India 2023, Vol. I (PDF, SHA-256 553ac8b2eadfe9e2…, copy retrieved via https://data.opencity.in/dataset/crime-in-india-2023) — see data/raw/ncrb/2023/PROVENANCE.md."
2023,2023-01-01,2023-12-31,state,DH,Dadra and Nagar Haveli and Daman and Diu,pocso_victims_age,victims,age_band,16_18,24.0,victims,NCRB,1,2023-12-31,2026-09-25,Table 4A.9 (PDF p. 422-423),Crime in India 2023,https://ncrb.gov.in/en/crime-india,"Extracted from NCRB Crime in India 2023, Vol. I (PDF, SHA-256 553ac8b2eadfe9e2…, copy retrieved via https://data.opencity.in/dataset/crime-in-india-2023) — see data/raw/ncrb/2023/PROVENANCE.md."
2023,2023-01-01,2023-12-31,state,DH,Dadra and Nagar Haveli and Daman and Diu,pocso_victims_age,victims,age_band,6_12,3.0,victims,NCRB,1,2023-12-31,2026-09-25,Table 4A.9 (PDF p. 422-423),Crime in India 2023,https://ncrb.gov.in/en/crime-india,"Extracted from NCRB Crime in India 2023, Vol. I (PDF, SHA-256 553ac8b2eadfe9e2…, copy retrieved via https://data.opencity.in/dataset/crime-in-india-2023) — see data/raw/ncrb/2023/PROVENANCE.md."
2023,2023-01-01,2023-12-31,state,DH,Dadra and Nagar Haveli and Daman and Diu,pocso_victims_age,victims,age_band,lt6,4.0,victims,NCRB,1,2023-12-31,2026-09-25,Table 4A.9 (PDF p. 422-423),Crime in India 2023,https://ncrb.gov.in/en/crime-india,"Extracted from NCRB Crime in India 2023, Vol. I (PDF, SHA-256 553ac8b2eadfe9e2…, copy retrieved via https://data.opencity.in/dataset/crime-in-india-2023) — see data/raw/ncrb/2023/PROVENANCE.md."
2023,2023-01-01,2023-12-31,state,DH,Dadra and Nagar Haveli and Daman and Diu,pocso_victims_age,victims,age_band,total,51.0,victims,NCRB,1,2023-12-31,2026-09-25,Table 4A.9 (PDF p. 422-423),Crime in India 2023,https://ncrb.gov.in/en/crime-india,"Extracted from NCRB Crime in India 2023, Vol. I (PDF, SHA-256 553ac8b2eadfe9e2…, copy retrieved via https://data.opencity.in/dataset/crime-in-india-2023) — see data/raw/ncrb/2023/PROVENANCE.md."
2024,2024-01-01,2024-12-31,state,DH,Dadra and Nagar Haveli and Daman and Diu,pocso_victims_age,victims,age_band,12_16,11.0,victims,NCRB,1,2024-12-31,2026-09-25,Table 4A.9 (PDF p. 525-526),Crime in India 2024,https://ncrb.gov.in/en/crime-india,"Extracted from NCRB Crime in India 2024, Vol. I (PDF, SHA-256 75b827bdcfcd5e64…, copy retrieved via https://data.opencity.in/dataset/crime-in-india-2024) — see data/raw/ncrb/2024/PROVENANCE.md."
2024,2024-01-01,2024-12-31,state,DH,Dadra and Nagar Haveli and Daman and Diu,pocso_victims_age,victims,age_band,16_18,9.0,victims,NCRB,1,2024-12-31,2026-09-25,Table 4A.9 (PDF p. 525-526),Crime in India 2024,https://ncrb.gov.in/en/crime-india,"Extracted from NCRB Crime in India 2024, Vol. I (PDF, SHA-256 75b827bdcfcd5e64…, copy retrieved via https://data.opencity.in/dataset/crime-in-india-2024) — see data/raw/ncrb/2024/PROVENANCE.md."
2024,2024-01-01,2024-12-31,state,DH,Dadra and Nagar Haveli and Daman and Diu,pocso_victims_age,victims,age_band,6_12,1.0,victims,NCRB,1,2024-12-31,2026-09-25,Table 4A.9 (PDF p. 525-526),Crime in India 2024,https://ncrb.gov.in/en/crime-india,"Extracted from NCRB Crime in India 2024, Vol. I (PDF, SHA-256 75b827bdcfcd5e64…, copy retrieved via https://data.opencity.in/dataset/crime-in-india-2024) — see data/raw/ncrb/2024/PROVENANCE.md."
2024,2024-01-01,2024-12-31,state,DH,Dadra and Nagar Haveli and Daman and Diu,pocso_victims_age,victims,age_band,lt6,2.0,victims,NCRB,1,2024-12-31,2026-09-25,Table 4A.9 (PDF p. 525-526),Crime in India 2024,https://ncrb.gov.in/en/crime-india,"Extracted from NCRB Crime in India 2024, Vol. I (PDF, SHA-256 75b827bdcfcd5e64…, copy retrieved via https://data.opencity.in/dataset/crime-in-india-2024) — see data/raw/ncrb/2024/PROVENANCE.md."
2024,2024-01-01,2024-12-31,state,DH,Dadra and Nagar Haveli and Daman and Diu,pocso_victims_age,victims,age_band,total,23.0,victims,NCRB,1,2024-12-31,2026-09-25,Table 4A.9 (PDF p. 525-526),Crime in India 2024,https://ncrb.gov.in/en/crime-india,"Extracted from NCRB Crime in India 2024, Vol. I (PDF, SHA-256 75b827bdcfcd5e64…, copy retrieved via https://data.opencity.in/dataset/crime-in-india-2024) — see data/raw/ncrb/2024/PROVENANCE.md."
2022,2022-01-01,2022-12-31,state,DL,Delhi,pocso_victims_age,victims,age_band,12_16,380.0,victims,NCRB,1,2022-12-31,2026-09-25,Table 4A.9 (PDF p. 422-423),Crime in India 2022,https://ncrb.gov.in/en/crime-india,"Extracted from NCRB Crime in India 2022, Vol. I (PDF, SHA-256 7c5ee3128b0b6bc7…, copy retrieved via https://data.opencity.in/dataset/crime-in-india-2022) — see data/raw/ncrb/2022/PROVENANCE.md."
2022,2022-01-01,2022-12-31,state,DL,Delhi,pocso_victims_age,victims,age_band,16_18,419.0,victims,NCRB,1,2022-12-31,2026-09-25,Table 4A.9 (PDF p. 422-423),Crime in India 2022,https://ncrb.gov.in/en/crime-india,"Extracted from NCRB Crime in India 2022, Vol. I (PDF, SHA-256 7c5ee3128b0b6bc7…, copy retrieved via https://data.opencity.in/dataset/crime-in-india-2022) — see data/raw/ncrb/2022/PROVENANCE.md."
2022,2022-01-01,2022-12-31,state,DL,Delhi,pocso_victims_age,victims,age_band,6_12,83.0,victims,NCRB,1,2022-12-31,2026-09-25,Table 4A.9 (PDF p. 422-423),Crime in India 2022,https://ncrb.gov.in/en/crime-india,"Extracted from NCRB Crime in India 2022, Vol. I (PDF, SHA-256 7c5ee3128b0b6bc7…, copy retrieved via https://data.opencity.in/dataset/crime-in-india-2022) — see data/raw/ncrb/2022/PROVENANCE.md."
2022,2022-01-01,2022-12-31,state,DL,Delhi,pocso_victims_age,victims,age_band,lt6,19.0,victims,NCRB,1,2022-12-31,2026-09-25,Table 4A.9 (PDF p. 422-423),Crime in India 2022,https://ncrb.gov.in/en/crime-india,"Extracted from NCRB Crime in India 2022, Vol. I (PDF, SHA-256 7c5ee3128b0b6bc7…, copy retrieved via https://data.opencity.in/dataset/crime-in-india-2022) — see data/raw/ncrb/2022/PROVENANCE.md."
2022,2022-01-01,2022-12-31,state,DL,Delhi,pocso_victims_age,victims,age_band,total,901.0,victims,NCRB,1,2022-12-31,2026-09-25,Table 4A.9 (PDF p. 422-423),Crime in India 2022,https://ncrb.gov.in/en/crime-india,"Extracted from NCRB Crime in India 2022, Vol. I (PDF, SHA-256 7c5ee3128b0b6bc7…, copy retrieved via https://data.opencity.in/dataset/crime-in-india-2022) — see data/raw/ncrb/2022/PROVENANCE.md."
2023,2023-01-01,2023-12-31,state,DL,Delhi,pocso_victims_age,victims,age_band,12_16,439.0,victims,NCRB,1,2023-12-31,2026-09-25,Table 4A.9 (PDF p. 422-423),Crime in India 2023,https://ncrb.gov.in/en/crime-india,"Extracted from NCRB Crime in India 2023, Vol. I (PDF, SHA-256 553ac8b2eadfe9e2…, copy retrieved via https://data.opencity.in/dataset/crime-in-india-2023) — see data/raw/ncrb/2023/PROVENANCE.md."
2023,2023-01-01,2023-12-31,state,DL,Delhi,pocso_victims_age,victims,age_band,16_18,446.0,victims,NCRB,1,2023-12-31,2026-09-25,Table 4A.9 (PDF p. 422-423),Crime in India 2023,https://ncrb.gov.in/en/crime-india,"Extracted from NCRB Crime in India 2023, Vol. I (PDF, SHA-256 553ac8b2eadfe9e2…, copy retrieved via https://data.opencity.in/dataset/crime-in-india-2023) — see data/raw/ncrb/2023/PROVENANCE.md."
2023,2023-01-01,2023-12-31,state,DL,Delhi,pocso_victims_age,victims,age_band,6_12,119.0,victims,NCRB,1,2023-12-31,2026-09-25,Table 4A.9 (PDF p. 422-423),Crime in India 2023,https://ncrb.gov.in/en/crime-india,"Extracted from NCRB Crime in India 2023, Vol. I (PDF, SHA-256 553ac8b2eadfe9e2…, copy retrieved via https://data.opencity.in/dataset/crime-in-india-2023) — see data/raw/ncrb/2023/PROVENANCE.md."
2023,2023-01-01,2023-12-31,state,DL,Delhi,pocso_victims_age,victims,age_band,lt6,53.0,victims,NCRB,1,2023-12-31,2026-09-25,Table 4A.9 (PDF p. 422-423),Crime in India 2023,https://ncrb.gov.in/en/crime-india,"Extracted from NCRB Crime in India 2023, Vol. I (PDF, SHA-256 553ac8b2eadfe9e2…, copy retrieved via https://data.opencity.in/dataset/crime-in-india-2023) — see data/raw/ncrb/2023/PROVENANCE.md."
2023,2023-01-01,2023-12-31,state,DL,Delhi,pocso_victims_age,victims,age_band,total,1057.0,victims,NCRB,1,2023-12-31,2026-09-25,Table 4A.9 (PDF p. 422-423),Crime in India 2023,https://ncrb.gov.in/en/crime-india,"Extracted from NCRB Crime in India 2023, Vol. I (PDF, SHA-256 553ac8b2eadfe9e2…, copy retrieved via https://data.opencity.in/dataset/crime-in-india-2023) — see data/raw/ncrb/2023/PROVENANCE.md."
2024,2024-01-01,2024-12-31,state,DL,Delhi,pocso_victims_age,victims,age_band,12_16,433.0,victims,NCRB,1,2024-12-31,2026-09-25,Table 4A.9 (PDF p. 525-526),Crime in India 2024,https://ncrb.gov.in/en/crime-india,"Extracted from NCRB Crime in India 2024, Vol. I (PDF, SHA-256 75b827bdcfcd5e64…, copy retrieved via https://data.opencity.in/dataset/crime-in-india-2024) — see data/raw/ncrb/2024/PROVENANCE.md."
2024,2024-01-01,2024-12-31,state,DL,Delhi,pocso_victims_age,victims,age_band,16_18,434.0,victims,NCRB,1,2024-12-31,2026-09-25,Table 4A.9 (PDF p. 525-526),Crime in India 2024,https://ncrb.gov.in/en/crime-india,"Extracted from NCRB Crime in India 2024, Vol. I (PDF, SHA-256 75b827bdcfcd5e64…, copy retrieved via https://data.opencity.in/dataset/crime-in-india-2024) — see data/raw/ncrb/2024/PROVENANCE.md."
2024,2024-01-01,2024-12-31,state,DL,Delhi,pocso_victims_age,victims,age_band,6_12,144.0,victims,NCRB,1,2024-12-31,2026-09-25,Table 4A.9 (PDF p. 525-526),Crime in India 2024,https://ncrb.gov.in/en/crime-india,"Extracted from NCRB Crime in India 2024, Vol. I (PDF, SHA-256 75b827bdcfcd5e64…, copy retrieved via https://data.opencity.in/dataset/crime-in-india-2024) — see data/raw/ncrb/2024/PROVENANCE.md."
2024,2024-01-01,2024-12-31,state,DL,Delhi,pocso_victims_age,victims,age_band,lt6,28.0,victims,NCRB,1,2024-12-31,2026-09-25,Table 4A.9 (PDF p. 525-526),Crime in India 2024,https://ncrb.gov.in/en/crime-india,"Extracted from NCRB Crime in India 2024, Vol. I (PDF, SHA-256 75b827bdcfcd5e64…, copy retrieved via https://data.opencity.in/dataset/crime-in-india-2024) — see data/raw/ncrb/2024/PROVENANCE.md."
2024,2024-01-01,2024-12-31,state,DL,Delhi,pocso_victims_age,victims,age_band,total,1039.0,victims,NCRB,1,2024-12-31,2026-09-25,Table 4A.9 (PDF p. 525-526),Crime in India 2024,https://ncrb.gov.in/en/crime-india,"Extracted from NCRB Crime in India 2024, Vol. I (PDF, SHA-256 75b827bdcfcd5e64…, copy retrieved via https://data.opencity.in/dataset/crime-in-india-2024) — see data/raw/ncrb/2024/PROVENANCE.md."
2022,2022-01-01,2022-12-31,state,GA,Goa,pocso_victims_age,victims,age_band,12_16,1.0,victims,NCRB,1,2022-12-31,2026-09-25,Table 4A.9 (PDF p. 422-423),Crime in India 2022,https://ncrb.gov.in/en/crime-india,"Extracted from NCRB Crime in India 2022, Vol. I (PDF, SHA-256 7c5ee3128b0b6bc7…, copy retrieved via https://data.opencity.in/dataset/crime-in-india-2022) — see data/raw/ncrb/2022/PROVENANCE.md."
2022,2022-01-01,2022-12-31,state,GA,Goa,pocso_victims_age,victims,age_band,16_18,0.0,victims,NCRB,1,2022-12-31,2026-09-25,Table 4A.9 (PDF p. 422-423),Crime in India 2022,https://ncrb.gov.in/en/crime-india,"Extracted from NCRB Crime in India 2022, Vol. I (PDF, SHA-256 7c5ee3128b0b6bc7…, copy retrieved via https://data.opencity.in/dataset/crime-in-india-2022) — see data/raw/ncrb/2022/PROVENANCE.md."
2022,2022-01-01,2022-12-31,state,GA,Goa,pocso_victims_age,victims,age_band,6_12,0.0,victims,NCRB,1,2022-12-31,2026-09-25,Table 4A.9 (PDF p. 422-423),Crime in India 2022,https://ncrb.gov.in/en/crime-india,"Extracted from NCRB Crime in India 2022, Vol. I (PDF, SHA-256 7c5ee3128b0b6bc7…, copy retrieved via https://data.opencity.in/dataset/crime-in-india-2022) — see data/raw/ncrb/2022/PROVENANCE.md."
2022,2022-01-01,2022-12-31,state,GA,Goa,pocso_victims_age,victims,age_band,lt6,0.0,victims,NCRB,1,2022-12-31,2026-09-25,Table 4A.9 (PDF p. 422-423),Crime in India 2022,https://ncrb.gov.in/en/crime-india,"Extracted from NCRB Crime in India 2022, Vol. I (PDF, SHA-256 7c5ee3128b0b6bc7…, copy retrieved via https://data.opencity.in/dataset/crime-in-india-2022) — see data/raw/ncrb/2022/PROVENANCE.md."
2022,2022-01-01,2022-12-31,state,GA,Goa,pocso_victims_age,victims,age_band,total,1.0,victims,NCRB,1,2022-12-31,2026-09-25,Table 4A.9 (PDF p. 422-423),Crime in India 2022,https://ncrb.gov.in/en/crime-india,"Extracted from NCRB Crime in India 2022, Vol. I (PDF, SHA-256 7c5ee3128b0b6bc7…, copy retrieved via https://data.opencity.in/dataset/crime-in-india-2022) — see data/raw/ncrb/2022/PROVENANCE.md."
2023,2023-01-01,2023-12-31,state,GA,Goa,pocso_victims_age,victims,age_band,12_16,0.0,victims,NCRB,1,2023-12-31,2026-09-25,Table 4A.9 (PDF p. 422-423),Crime in India 2023,https://ncrb.gov.in/en/crime-india,"Extracted from NCRB Crime in India 2023, Vol. I (PDF, SHA-256 553ac8b2eadfe9e2…, copy retrieved via https://data.opencity.in/dataset/crime-in-india-2023) — see data/raw/ncrb/2023/PROVENANCE.md."
2023,2023-01-01,2023-12-31,state,GA,Goa,pocso_victims_age,victims,age_band,16_18,0.0,victims,NCRB,1,2023-12-31,2026-09-25,Table 4A.9 (PDF p. 422-423),Crime in India 2023,https://ncrb.gov.in/en/crime-india,"Extracted from NCRB Crime in India 2023, Vol. I (PDF, SHA-256 553ac8b2eadfe9e2…, copy retrieved via https://data.opencity.in/dataset/crime-in-india-2023) — see data/raw/ncrb/2023/PROVENANCE.md."
2023,2023-01-01,2023-12-31,state,GA,Goa,pocso_victims_age,victims,age_band,6_12,0.0,victims,NCRB,1,2023-12-31,2026-09-25,Table 4A.9 (PDF p. 422-423),Crime in India 2023,https://ncrb.gov.in/en/crime-india,"Extracted from NCRB Crime in India 2023, Vol. I (PDF, SHA-256 553ac8b2eadfe9e2…, copy retrieved via https://data.opencity.in/dataset/crime-in-india-2023) — see data/raw/ncrb/2023/PROVENANCE.md."
2023,2023-01-01,2023-12-31,state,GA,Goa,pocso_victims_age,victims,age_band,lt6,0.0,victims,NCRB,1,2023-12-31,2026-09-25,Table 4A.9 (PDF p. 422-423),Crime in India 2023,https://ncrb.gov.in/en/crime-india,"Extracted from NCRB Crime in India 2023, Vol. I (PDF, SHA-256 553ac8b2eadfe9e2…, copy retrieved via https://data.opencity.in/dataset/crime-in-india-2023) — see data/raw/ncrb/2023/PROVENANCE.md."
2023,2023-01-01,2023-12-31,state,GA,Goa,pocso_victims_age,victims,age_band,total,0.0,victims,NCRB,1,2023-12-31,2026-09-25,Table 4A.9 (PDF p. 422-423),Crime in India 2023,https://ncrb.gov.in/en/crime-india,"Extracted from NCRB Crime in India 2023, Vol. I (PDF, SHA-256 553ac8b2eadfe9e2…, copy retrieved via https://data.opencity.in/dataset/crime-in-india-2023) — see data/raw/ncrb/2023/PROVENANCE.md."
2024,2024-01-01,2024-12-31,state,GA,Goa,pocso_victims_age,victims,age_band,12_16,0.0,victims,NCRB,1,2024-12-31,2026-09-25,Table 4A.9 (PDF p. 525-526),Crime in India 2024,https://ncrb.gov.in/en/crime-india,"Extracted from NCRB Crime in India 2024, Vol. I (PDF, SHA-256 75b827bdcfcd5e64…, copy retrieved via https://data.opencity.in/dataset/crime-in-india-2024) — see data/raw/ncrb/2024/PROVENANCE.md."
2024,2024-01-01,2024-12-31,state,GA,Goa,pocso_victims_age,victims,age_band,16_18,0.0,victims,NCRB,1,2024-12-31,2026-09-25,Table 4A.9 (PDF p. 525-526),Crime in India 2024,https://ncrb.gov.in/en/crime-india,"Extracted from NCRB Crime in India 2024, Vol. I (PDF, SHA-256 75b827bdcfcd5e64…, copy retrieved via https://data.opencity.in/dataset/crime-in-india-2024) — see data/raw/ncrb/2024/PROVENANCE.md."
2024,2024-01-01,2024-12-31,state,GA,Goa,pocso_victims_age,victims,age_band,6_12,0.0,victims,NCRB,1,2024-12-31,2026-09-25,Table 4A.9 (PDF p. 525-526),Crime in India 2024,https://ncrb.gov.in/en/crime-india,"Extracted from NCRB Crime in India 2024, Vol. I (PDF, SHA-256 75b827bdcfcd5e64…, copy retrieved via https://data.opencity.in/dataset/crime-in-india-2024) — see data/raw/ncrb/2024/PROVENANCE.md."
2024,2024-01-01,2024-12-31,state,GA,Goa,pocso_victims_age,victims,age_band,lt6,0.0,victims,NCRB,1,2024-12-31,2026-09-25,Table 4A.9 (PDF p. 525-526),Crime in India 2024,https://ncrb.gov.in/en/crime-india,"Extracted from NCRB Crime in India 2024, Vol. I (PDF, SHA-256 75b827bdcfcd5e64…, copy retrieved via https://data.opencity.in/dataset/crime-in-india-2024) — see data/raw/ncrb/2024/PROVENANCE.md."
2024,2024-01-01,2024-12-31,state,GA,Goa,pocso_victims_age,victims,age_band,total,0.0,victims,NCRB,1,2024-12-31,2026-09-25,Table 4A.9 (PDF p. 525-526),Crime in India 2024,https://ncrb.gov.in/en/crime-india,"Extracted from NCRB Crime in India 2024, Vol. I (PDF, SHA-256 75b827bdcfcd5e64…, copy retrieved via https://data.opencity.in/dataset/crime-in-india-2024) — see data/raw/ncrb/2024/PROVENANCE.md."
2022,2022-01-01,2022-12-31,state,GJ,Gujarat,pocso_victims_age,victims,age_band,12_16,915.0,victims,NCRB,1,2022-12-31,2026-09-25,Table 4A.9 (PDF p. 422-423),Crime in India 2022,https://ncrb.gov.in/en/crime-india,"Extracted from NCRB Crime in India 2022, Vol. I (PDF, SHA-256 7c5ee3128b0b6bc7…, copy retrieved via https://data.opencity.in/dataset/crime-in-india-2022) — see data/raw/ncrb/2022/PROVENANCE.md."
2022,2022-01-01,2022-12-31,state,GJ,Gujarat,pocso_victims_age,victims,age_band,16_18,1128.0,victims,NCRB,1,2022-12-31,2026-09-25,Table 4A.9 (PDF p. 422-423),Crime in India 2022,https://ncrb.gov.in/en/crime-india,"Extracted from NCRB Crime in India 2022, Vol. I (PDF, SHA-256 7c5ee3128b0b6bc7…, copy retrieved via https://data.opencity.in/dataset/crime-in-india-2022) — see data/raw/ncrb/2022/PROVENANCE.md."
2022,2022-01-01,2022-12-31,state,GJ,Gujarat,pocso_victims_age,victims,age_band,6_12,74.0,victims,NCRB,1,2022-12-31,2026-09-25,Table 4A.9 (PDF p. 422-423),Crime in India 2022,https://ncrb.gov.in/en/crime-india,"Extracted from NCRB Crime in India 2022, Vol. I (PDF, SHA-256 7c5ee3128b0b6bc7…, copy retrieved via https://data.opencity.in/dataset/crime-in-india-2022) — see data/raw/ncrb/2022/PROVENANCE.md."
2022,2022-01-01,2022-12-31,state,GJ,Gujarat,pocso_victims_age,victims,age_band,lt6,23.0,victims,NCRB,1,2022-12-31,2026-09-25,Table 4A.9 (PDF p. 422-423),Crime in India 2022,https://ncrb.gov.in/en/crime-india,"Extracted from NCRB Crime in India 2022, Vol. I (PDF, SHA-256 7c5ee3128b0b6bc7…, copy retrieved via https://data.opencity.in/dataset/crime-in-india-2022) — see data/raw/ncrb/2022/PROVENANCE.md."
2022,2022-01-01,2022-12-31,state,GJ,Gujarat,pocso_victims_age,victims,age_band,total,2140.0,victims,NCRB,1,2022-12-31,2026-09-25,Table 4A.9 (PDF p. 422-423),Crime in India 2022,https://ncrb.gov.in/en/crime-india,"Extracted from NCRB Crime in India 2022, Vol. I (PDF, SHA-256 7c5ee3128b0b6bc7…, copy retrieved via https://data.opencity.in/dataset/crime-in-india-2022) — see data/raw/ncrb/2022/PROVENANCE.md."
2023,2023-01-01,2023-12-31,state,GJ,Gujarat,pocso_victims_age,victims,age_band,12_16,1005.0,victims,NCRB,1,2023-12-31,2026-09-25,Table 4A.9 (PDF p. 422-423),Crime in India 2023,https://ncrb.gov.in/en/crime-india,"Extracted from NCRB Crime in India 2023, Vol. I (PDF, SHA-256 553ac8b2eadfe9e2…, copy retrieved via https://data.opencity.in/dataset/crime-in-india-2023) — see data/raw/ncrb/2023/PROVENANCE.md."
2023,2023-01-01,2023-12-31,state,GJ,Gujarat,pocso_victims_age,victims,age_band,16_18,1196.0,victims,NCRB,1,2023-12-31,2026-09-25,Table 4A.9 (PDF p. 422-423),Crime in India 2023,https://ncrb.gov.in/en/crime-india,"Extracted from NCRB Crime in India 2023, Vol. I (PDF, SHA-256 553ac8b2eadfe9e2…, copy retrieved via https://data.opencity.in/dataset/crime-in-india-2023) — see data/raw/ncrb/2023/PROVENANCE.md."
2023,2023-01-01,2023-12-31,state,GJ,Gujarat,pocso_victims_age,victims,age_band,6_12,87.0,victims,NCRB,1,2023-12-31,2026-09-25,Table 4A.9 (PDF p. 422-423),Crime in India 2023,https://ncrb.gov.in/en/crime-india,"Extracted from NCRB Crime in India 2023, Vol. I (PDF, SHA-256 553ac8b2eadfe9e2…, copy retrieved via https://data.opencity.in/dataset/crime-in-india-2023) — see data/raw/ncrb/2023/PROVENANCE.md."
2023,2023-01-01,2023-12-31,state,GJ,Gujarat,pocso_victims_age,victims,age_band,lt6,13.0,victims,NCRB,1,2023-12-31,2026-09-25,Table 4A.9 (PDF p. 422-423),Crime in India 2023,https://ncrb.gov.in/en/crime-india,"Extracted from NCRB Crime in India 2023, Vol. I (PDF, SHA-256 553ac8b2eadfe9e2…, copy retrieved via https://data.opencity.in/dataset/crime-in-india-2023) — see data/raw/ncrb/2023/PROVENANCE.md."
2023,2023-01-01,2023-12-31,state,GJ,Gujarat,pocso_victims_age,victims,age_band,total,2301.0,victims,NCRB,1,2023-12-31,2026-09-25,Table 4A.9 (PDF p. 422-423),Crime in India 2023,https://ncrb.gov.in/en/crime-india,"Extracted from NCRB Crime in India 2023, Vol. I (PDF, SHA-256 553ac8b2eadfe9e2…, copy retrieved via https://data.opencity.in/dataset/crime-in-india-2023) — see data/raw/ncrb/2023/PROVENANCE.md."
2024,2024-01-01,2024-12-31,state,GJ,Gujarat,pocso_victims_age,victims,age_band,12_16,999.0,victims,NCRB,1,2024-12-31,2026-09-25,Table 4A.9 (PDF p. 525-526),Crime in India 2024,https://ncrb.gov.in/en/crime-india,"Extracted from NCRB Crime in India 2024, Vol. I (PDF, SHA-256 75b827bdcfcd5e64…, copy retrieved via https://data.opencity.in/dataset/crime-in-india-2024) — see data/raw/ncrb/2024/PROVENANCE.md."
2024,2024-01-01,2024-12-31,state,GJ,Gujarat,pocso_victims_age,victims,age_band,16_18,1348.0,victims,NCRB,1,2024-12-31,2026-09-25,Table 4A.9 (PDF p. 525-526),Crime in India 2024,https://ncrb.gov.in/en/crime-india,"Extracted from NCRB Crime in India 2024, Vol. I (PDF, SHA-256 75b827bdcfcd5e64…, copy retrieved via https://data.opencity.in/dataset/crime-in-india-2024) — see data/raw/ncrb/2024/PROVENANCE.md."
2024,2024-01-01,2024-12-31,state,GJ,Gujarat,pocso_victims_age,victims,age_band,6_12,84.0,victims,NCRB,1,2024-12-31,2026-09-25,Table 4A.9 (PDF p. 525-526),Crime in India 2024,https://ncrb.gov.in/en/crime-india,"Extracted from NCRB Crime in India 2024, Vol. I (PDF, SHA-256 75b827bdcfcd5e64…, copy retrieved via https://data.opencity.in/dataset/crime-in-india-2024) — see data/raw/ncrb/2024/PROVENANCE.md."
2024,2024-01-01,2024-12-31,state,GJ,Gujarat,pocso_victims_age,victims,age_band,lt6,21.0,victims,NCRB,1,2024-12-31,2026-09-25,Table 4A.9 (PDF p. 525-526),Crime in India 2024,https://ncrb.gov.in/en/crime-india,"Extracted from NCRB Crime in India 2024, Vol. I (PDF, SHA-256 75b827bdcfcd5e64…, copy retrieved via https://data.opencity.in/dataset/crime-in-india-2024) — see data/raw/ncrb/2024/PROVENANCE.md."
2024,2024-01-01,2024-12-31,state,GJ,Gujarat,pocso_victims_age,victims,age_band,total,2452.0,victims,NCRB,1,2024-12-31,2026-09-25,Table 4A.9 (PDF p. 525-526),Crime in India 2024,https://ncrb.gov.in/en/crime-india,"Extracted from NCRB Crime in India 2024, Vol. I (PDF, SHA-256 75b827bdcfcd5e64…, copy retrieved via https://data.opencity.in/dataset/crime-in-india-2024) — see data/raw/ncrb/2024/PROVENANCE.md."
2022,2022-01-01,2022-12-31,state,HP,Himachal Pradesh,pocso_victims_age,victims,age_band,12_16,0.0,victims,NCRB,1,2022-12-31,2026-09-25,Table 4A.9 (PDF p. 422-423),Crime in India 2022,https://ncrb.gov.in/en/crime-india,"Extracted from NCRB Crime in India 2022, Vol. I (PDF, SHA-256 7c5ee3128b0b6bc7…, copy retrieved via https://data.opencity.in/dataset/crime-in-india-2022) — see data/raw/ncrb/2022/PROVENANCE.md."
2022,2022-01-01,2022-12-31,state,HP,Himachal Pradesh,pocso_victims_age,victims,age_band,16_18,0.0,victims,NCRB,1,2022-12-31,2026-09-25,Table 4A.9 (PDF p. 422-423),Crime in India 2022,https://ncrb.gov.in/en/crime-india,"Extracted from NCRB Crime in India 2022, Vol. I (PDF, SHA-256 7c5ee3128b0b6bc7…, copy retrieved via https://data.opencity.in/dataset/crime-in-india-2022) — see data/raw/ncrb/2022/PROVENANCE.md."
2022,2022-01-01,2022-12-31,state,HP,Himachal Pradesh,pocso_victims_age,victims,age_band,6_12,0.0,victims,NCRB,1,2022-12-31,2026-09-25,Table 4A.9 (PDF p. 422-423),Crime in India 2022,https://ncrb.gov.in/en/crime-india,"Extracted from NCRB Crime in India 2022, Vol. I (PDF, SHA-256 7c5ee3128b0b6bc7…, copy retrieved via https://data.opencity.in/dataset/crime-in-india-2022) — see data/raw/ncrb/2022/PROVENANCE.md."
2022,2022-01-01,2022-12-31,state,HP,Himachal Pradesh,pocso_victims_age,victims,age_band,lt6,0.0,victims,NCRB,1,2022-12-31,2026-09-25,Table 4A.9 (PDF p. 422-423),Crime in India 2022,https://ncrb.gov.in/en/crime-india,"Extracted from NCRB Crime in India 2022, Vol. I (PDF, SHA-256 7c5ee3128b0b6bc7…, copy retrieved via https://data.opencity.in/dataset/crime-in-india-2022) — see data/raw/ncrb/2022/PROVENANCE.md."
2022,2022-01-01,2022-12-31,state,HP,Himachal Pradesh,pocso_victims_age,victims,age_band,total,0.0,victims,NCRB,1,2022-12-31,2026-09-25,Table 4A.9 (PDF p. 422-423),Crime in India 2022,https://ncrb.gov.in/en/crime-india,"Extracted from NCRB Crime in India 2022, Vol. I (PDF, SHA-256 7c5ee3128b0b6bc7…, copy retrieved via https://data.opencity.in/dataset/crime-in-india-2022) — see data/raw/ncrb/2022/PROVENANCE.md."
2023,2023-01-01,2023-12-31,state,HP,Himachal Pradesh,pocso_victims_age,victims,age_band,12_16,0.0,victims,NCRB,1,2023-12-31,2026-09-25,Table 4A.9 (PDF p. 422-423),Crime in India 2023,https://ncrb.gov.in/en/crime-india,"Extracted from NCRB Crime in India 2023, Vol. I (PDF, SHA-256 553ac8b2eadfe9e2…, copy retrieved via https://data.opencity.in/dataset/crime-in-india-2023) — see data/raw/ncrb/2023/PROVENANCE.md."
2023,2023-01-01,2023-12-31,state,HP,Himachal Pradesh,pocso_victims_age,victims,age_band,16_18,0.0,victims,NCRB,1,2023-12-31,2026-09-25,Table 4A.9 (PDF p. 422-423),Crime in India 2023,https://ncrb.gov.in/en/crime-india,"Extracted from NCRB Crime in India 2023, Vol. I (PDF, SHA-256 553ac8b2eadfe9e2…, copy retrieved via https://data.opencity.in/dataset/crime-in-india-2023) — see data/raw/ncrb/2023/PROVENANCE.md."
2023,2023-01-01,2023-12-31,state,HP,Himachal Pradesh,pocso_victims_age,victims,age_band,6_12,1.0,victims,NCRB,1,2023-12-31,2026-09-25,Table 4A.9 (PDF p. 422-423),Crime in India 2023,https://ncrb.gov.in/en/crime-india,"Extracted from NCRB Crime in India 2023, Vol. I (PDF, SHA-256 553ac8b2eadfe9e2…, copy retrieved via https://data.opencity.in/dataset/crime-in-india-2023) — see data/raw/ncrb/2023/PROVENANCE.md."
2023,2023-01-01,2023-12-31,state,HP,Himachal Pradesh,pocso_victims_age,victims,age_band,lt6,0.0,victims,NCRB,1,2023-12-31,2026-09-25,Table 4A.9 (PDF p. 422-423),Crime in India 2023,https://ncrb.gov.in/en/crime-india,"Extracted from NCRB Crime in India 2023, Vol. I (PDF, SHA-256 553ac8b2eadfe9e2…, copy retrieved via https://data.opencity.in/dataset/crime-in-india-2023) — see data/raw/ncrb/2023/PROVENANCE.md."
2023,2023-01-01,2023-12-31,state,HP,Himachal Pradesh,pocso_victims_age,victims,age_band,total,1.0,victims,NCRB,1,2023-12-31,2026-09-25,Table 4A.9 (PDF p. 422-423),Crime in India 2023,https://ncrb.gov.in/en/crime-india,"Extracted from NCRB Crime in India 2023, Vol. I (PDF, SHA-256 553ac8b2eadfe9e2…, copy retrieved via https://data.opencity.in/dataset/crime-in-india-2023) — see data/raw/ncrb/2023/PROVENANCE.md."
2024,2024-01-01,2024-12-31,state,HP,Himachal Pradesh,pocso_victims_age,victims,age_band,12_16,12.0,victims,NCRB,1,2024-12-31,2026-09-25,Table 4A.9 (PDF p. 525-526),Crime in India 2024,https://ncrb.gov.in/en/crime-india,"Extracted from NCRB Crime in India 2024, Vol. I (PDF, SHA-256 75b827bdcfcd5e64…, copy retrieved via https://data.opencity.in/dataset/crime-in-india-2024) — see data/raw/ncrb/2024/PROVENANCE.md."
2024,2024-01-01,2024-12-31,state,HP,Himachal Pradesh,pocso_victims_age,victims,age_band,16_18,0.0,victims,NCRB,1,2024-12-31,2026-09-25,Table 4A.9 (PDF p. 525-526),Crime in India 2024,https://ncrb.gov.in/en/crime-india,"Extracted from NCRB Crime in India 2024, Vol. I (PDF, SHA-256 75b827bdcfcd5e64…, copy retrieved via https://data.opencity.in/dataset/crime-in-india-2024) — see data/raw/ncrb/2024/PROVENANCE.md."
2024,2024-01-01,2024-12-31,state,HP,Himachal Pradesh,pocso_victims_age,victims,age_band,6_12,3.0,victims,NCRB,1,2024-12-31,2026-09-25,Table 4A.9 (PDF p. 525-526),Crime in India 2024,https://ncrb.gov.in/en/crime-india,"Extracted from NCRB Crime in India 2024, Vol. I (PDF, SHA-256 75b827bdcfcd5e64…, copy retrieved via https://data.opencity.in/dataset/crime-in-india-2024) — see data/raw/ncrb/2024/PROVENANCE.md."
2024,2024-01-01,2024-12-31,state,HP,Himachal Pradesh,pocso_victims_age,victims,age_band,lt6,1.0,victims,NCRB,1,2024-12-31,2026-09-25,Table 4A.9 (PDF p. 525-526),Crime in India 2024,https://ncrb.gov.in/en/crime-india,"Extracted from NCRB Crime in India 2024, Vol. I (PDF, SHA-256 75b827bdcfcd5e64…, copy retrieved via https://data.opencity.in/dataset/crime-in-india-2024) — see data/raw/ncrb/2024/PROVENANCE.md."
2024,2024-01-01,2024-12-31,state,HP,Himachal Pradesh,pocso_victims_age,victims,age_band,total,16.0,victims,NCRB,1,2024-12-31,2026-09-25,Table 4A.9 (PDF p. 525-526),Crime in India 2024,https://ncrb.gov.in/en/crime-india,"Extracted from NCRB Crime in India 2024, Vol. I (PDF, SHA-256 75b827bdcfcd5e64…, copy retrieved via https://data.opencity.in/dataset/crime-in-india-2024) — see data/raw/ncrb/2024/PROVENANCE.md."
2022,2022-01-01,2022-12-31,state,HR,Haryana,pocso_victims_age,victims,age_band,12_16,538.0,victims,NCRB,1,2022-12-31,2026-09-25,Table 4A.9 (PDF p. 422-423),Crime in India 2022,https://ncrb.gov.in/en/crime-india,"Extracted from NCRB Crime in India 2022, Vol. I (PDF, SHA-256 7c5ee3128b0b6bc7…, copy retrieved via https://data.opencity.in/dataset/crime-in-india-2022) — see data/raw/ncrb/2022/PROVENANCE.md."
2022,2022-01-01,2022-12-31,state,HR,Haryana,pocso_victims_age,victims,age_band,16_18,611.0,victims,NCRB,1,2022-12-31,2026-09-25,Table 4A.9 (PDF p. 422-423),Crime in India 2022,https://ncrb.gov.in/en/crime-india,"Extracted from NCRB Crime in India 2022, Vol. I (PDF, SHA-256 7c5ee3128b0b6bc7…, copy retrieved via https://data.opencity.in/dataset/crime-in-india-2022) — see data/raw/ncrb/2022/PROVENANCE.md."
2022,2022-01-01,2022-12-31,state,HR,Haryana,pocso_victims_age,victims,age_band,6_12,132.0,victims,NCRB,1,2022-12-31,2026-09-25,Table 4A.9 (PDF p. 422-423),Crime in India 2022,https://ncrb.gov.in/en/crime-india,"Extracted from NCRB Crime in India 2022, Vol. I (PDF, SHA-256 7c5ee3128b0b6bc7…, copy retrieved via https://data.opencity.in/dataset/crime-in-india-2022) — see data/raw/ncrb/2022/PROVENANCE.md."
2022,2022-01-01,2022-12-31,state,HR,Haryana,pocso_victims_age,victims,age_band,lt6,59.0,victims,NCRB,1,2022-12-31,2026-09-25,Table 4A.9 (PDF p. 422-423),Crime in India 2022,https://ncrb.gov.in/en/crime-india,"Extracted from NCRB Crime in India 2022, Vol. I (PDF, SHA-256 7c5ee3128b0b6bc7…, copy retrieved via https://data.opencity.in/dataset/crime-in-india-2022) — see data/raw/ncrb/2022/PROVENANCE.md."
2022,2022-01-01,2022-12-31,state,HR,Haryana,pocso_victims_age,victims,age_band,total,1340.0,victims,NCRB,1,2022-12-31,2026-09-25,Table 4A.9 (PDF p. 422-423),Crime in India 2022,https://ncrb.gov.in/en/crime-india,"Extracted from NCRB Crime in India 2022, Vol. I (PDF, SHA-256 7c5ee3128b0b6bc7…, copy retrieved via https://data.opencity.in/dataset/crime-in-india-2022) — see data/raw/ncrb/2022/PROVENANCE.md."
2023,2023-01-01,2023-12-31,state,HR,Haryana,pocso_victims_age,victims,age_band,12_16,602.0,victims,NCRB,1,2023-12-31,2026-09-25,Table 4A.9 (PDF p. 422-423),Crime in India 2023,https://ncrb.gov.in/en/crime-india,"Extracted from NCRB Crime in India 2023, Vol. I (PDF, SHA-256 553ac8b2eadfe9e2…, copy retrieved via https://data.opencity.in/dataset/crime-in-india-2023) — see data/raw/ncrb/2023/PROVENANCE.md."
2023,2023-01-01,2023-12-31,state,HR,Haryana,pocso_victims_age,victims,age_band,16_18,696.0,victims,NCRB,1,2023-12-31,2026-09-25,Table 4A.9 (PDF p. 422-423),Crime in India 2023,https://ncrb.gov.in/en/crime-india,"Extracted from NCRB Crime in India 2023, Vol. I (PDF, SHA-256 553ac8b2eadfe9e2…, copy retrieved via https://data.opencity.in/dataset/crime-in-india-2023) — see data/raw/ncrb/2023/PROVENANCE.md."
2023,2023-01-01,2023-12-31,state,HR,Haryana,pocso_victims_age,victims,age_band,6_12,115.0,victims,NCRB,1,2023-12-31,2026-09-25,Table 4A.9 (PDF p. 422-423),Crime in India 2023,https://ncrb.gov.in/en/crime-india,"Extracted from NCRB Crime in India 2023, Vol. I (PDF, SHA-256 553ac8b2eadfe9e2…, copy retrieved via https://data.opencity.in/dataset/crime-in-india-2023) — see data/raw/ncrb/2023/PROVENANCE.md."
2023,2023-01-01,2023-12-31,state,HR,Haryana,pocso_victims_age,victims,age_band,lt6,36.0,victims,NCRB,1,2023-12-31,2026-09-25,Table 4A.9 (PDF p. 422-423),Crime in India 2023,https://ncrb.gov.in/en/crime-india,"Extracted from NCRB Crime in India 2023, Vol. I (PDF, SHA-256 553ac8b2eadfe9e2…, copy retrieved via https://data.opencity.in/dataset/crime-in-india-2023) — see data/raw/ncrb/2023/PROVENANCE.md."
2023,2023-01-01,2023-12-31,state,HR,Haryana,pocso_victims_age,victims,age_band,total,1449.0,victims,NCRB,1,2023-12-31,2026-09-25,Table 4A.9 (PDF p. 422-423),Crime in India 2023,https://ncrb.gov.in/en/crime-india,"Extracted from NCRB Crime in India 2023, Vol. I (PDF, SHA-256 553ac8b2eadfe9e2…, copy retrieved via https://data.opencity.in/dataset/crime-in-india-2023) — see data/raw/ncrb/2023/PROVENANCE.md."
2024,2024-01-01,2024-12-31,state,HR,Haryana,pocso_victims_age,victims,age_band,12_16,660.0,victims,NCRB,1,2024-12-31,2026-09-25,Table 4A.9 (PDF p. 525-526),Crime in India 2024,https://ncrb.gov.in/en/crime-india,"Extracted from NCRB Crime in India 2024, Vol. I (PDF, SHA-256 75b827bdcfcd5e64…, copy retrieved via https://data.opencity.in/dataset/crime-in-india-2024) — see data/raw/ncrb/2024/PROVENANCE.md."
2024,2024-01-01,2024-12-31,state,HR,Haryana,pocso_victims_age,victims,age_band,16_18,725.0,victims,NCRB,1,2024-12-31,2026-09-25,Table 4A.9 (PDF p. 525-526),Crime in India 2024,https://ncrb.gov.in/en/crime-india,"Extracted from NCRB Crime in India 2024, Vol. I (PDF, SHA-256 75b827bdcfcd5e64…, copy retrieved via https://data.opencity.in/dataset/crime-in-india-2024) — see data/raw/ncrb/2024/PROVENANCE.md."
2024,2024-01-01,2024-12-31,state,HR,Haryana,pocso_victims_age,victims,age_band,6_12,149.0,victims,NCRB,1,2024-12-31,2026-09-25,Table 4A.9 (PDF p. 525-526),Crime in India 2024,https://ncrb.gov.in/en/crime-india,"Extracted from NCRB Crime in India 2024, Vol. I (PDF, SHA-256 75b827bdcfcd5e64…, copy retrieved via https://data.opencity.in/dataset/crime-in-india-2024) — see data/raw/ncrb/2024/PROVENANCE.md."
2024,2024-01-01,2024-12-31,state,HR,Haryana,pocso_victims_age,victims,age_band,lt6,34.0,victims,NCRB,1,2024-12-31,2026-09-25,Table 4A.9 (PDF p. 525-526),Crime in India 2024,https://ncrb.gov.in/en/crime-india,"Extracted from NCRB Crime in India 2024, Vol. I (PDF, SHA-256 75b827bdcfcd5e64…, copy retrieved via https://data.opencity.in/dataset/crime-in-india-2024) — see data/raw/ncrb/2024/PROVENANCE.md."
2024,2024-01-01,2024-12-31,state,HR,Haryana,pocso_victims_age,victims,age_band,total,1568.0,victims,NCRB,1,2024-12-31,2026-09-25,Table 4A.9 (PDF p. 525-526),Crime in India 2024,https://ncrb.gov.in/en/crime-india,"Extracted from NCRB Crime in India 2024, Vol. I (PDF, SHA-256 75b827bdcfcd5e64…, copy retrieved via https://data.opencity.in/dataset/crime-in-india-2024) — see data/raw/ncrb/2024/PROVENANCE.md."
2022,2022-01-01,2022-12-31,state,JH,Jharkhand,pocso_victims_age,victims,age_band,12_16,220.0,victims,NCRB,1,2022-12-31,2026-09-25,Table 4A.9 (PDF p. 422-423),Crime in India 2022,https://ncrb.gov.in/en/crime-india,"Extracted from NCRB Crime in India 2022, Vol. I (PDF, SHA-256 7c5ee3128b0b6bc7…, copy retrieved via https://data.opencity.in/dataset/crime-in-india-2022) — see data/raw/ncrb/2022/PROVENANCE.md."
2022,2022-01-01,2022-12-31,state,JH,Jharkhand,pocso_victims_age,victims,age_band,16_18,320.0,victims,NCRB,1,2022-12-31,2026-09-25,Table 4A.9 (PDF p. 422-423),Crime in India 2022,https://ncrb.gov.in/en/crime-india,"Extracted from NCRB Crime in India 2022, Vol. I (PDF, SHA-256 7c5ee3128b0b6bc7…, copy retrieved via https://data.opencity.in/dataset/crime-in-india-2022) — see data/raw/ncrb/2022/PROVENANCE.md."
2022,2022-01-01,2022-12-31,state,JH,Jharkhand,pocso_victims_age,victims,age_band,6_12,17.0,victims,NCRB,1,2022-12-31,2026-09-25,Table 4A.9 (PDF p. 422-423),Crime in India 2022,https://ncrb.gov.in/en/crime-india,"Extracted from NCRB Crime in India 2022, Vol. I (PDF, SHA-256 7c5ee3128b0b6bc7…, copy retrieved via https://data.opencity.in/dataset/crime-in-india-2022) — see data/raw/ncrb/2022/PROVENANCE.md."
2022,2022-01-01,2022-12-31,state,JH,Jharkhand,pocso_victims_age,victims,age_band,lt6,13.0,victims,NCRB,1,2022-12-31,2026-09-25,Table 4A.9 (PDF p. 422-423),Crime in India 2022,https://ncrb.gov.in/en/crime-india,"Extracted from NCRB Crime in India 2022, Vol. I (PDF, SHA-256 7c5ee3128b0b6bc7…, copy retrieved via https://data.opencity.in/dataset/crime-in-india-2022) — see data/raw/ncrb/2022/PROVENANCE.md."
2022,2022-01-01,2022-12-31,state,JH,Jharkhand,pocso_victims_age,victims,age_band,total,570.0,victims,NCRB,1,2022-12-31,2026-09-25,Table 4A.9 (PDF p. 422-423),Crime in India 2022,https://ncrb.gov.in/en/crime-india,"Extracted from NCRB Crime in India 2022, Vol. I (PDF, SHA-256 7c5ee3128b0b6bc7…, copy retrieved via https://data.opencity.in/dataset/crime-in-india-2022) — see data/raw/ncrb/2022/PROVENANCE.md."
2023,2023-01-01,2023-12-31,state,JH,Jharkhand,pocso_victims_age,victims,age_band,12_16,151.0,victims,NCRB,1,2023-12-31,2026-09-25,Table 4A.9 (PDF p. 422-423),Crime in India 2023,https://ncrb.gov.in/en/crime-india,"Extracted from NCRB Crime in India 2023, Vol. I (PDF, SHA-256 553ac8b2eadfe9e2…, copy retrieved via https://data.opencity.in/dataset/crime-in-india-2023) — see data/raw/ncrb/2023/PROVENANCE.md."
2023,2023-01-01,2023-12-31,state,JH,Jharkhand,pocso_victims_age,victims,age_band,16_18,471.0,victims,NCRB,1,2023-12-31,2026-09-25,Table 4A.9 (PDF p. 422-423),Crime in India 2023,https://ncrb.gov.in/en/crime-india,"Extracted from NCRB Crime in India 2023, Vol. I (PDF, SHA-256 553ac8b2eadfe9e2…, copy retrieved via https://data.opencity.in/dataset/crime-in-india-2023) — see data/raw/ncrb/2023/PROVENANCE.md."
2023,2023-01-01,2023-12-31,state,JH,Jharkhand,pocso_victims_age,victims,age_band,6_12,35.0,victims,NCRB,1,2023-12-31,2026-09-25,Table 4A.9 (PDF p. 422-423),Crime in India 2023,https://ncrb.gov.in/en/crime-india,"Extracted from NCRB Crime in India 2023, Vol. I (PDF, SHA-256 553ac8b2eadfe9e2…, copy retrieved via https://data.opencity.in/dataset/crime-in-india-2023) — see data/raw/ncrb/2023/PROVENANCE.md."
2023,2023-01-01,2023-12-31,state,JH,Jharkhand,pocso_victims_age,victims,age_band,lt6,0.0,victims,NCRB,1,2023-12-31,2026-09-25,Table 4A.9 (PDF p. 422-423),Crime in India 2023,https://ncrb.gov.in/en/crime-india,"Extracted from NCRB Crime in India 2023, Vol. I (PDF, SHA-256 553ac8b2eadfe9e2…, copy retrieved via https://data.opencity.in/dataset/crime-in-india-2023) — see data/raw/ncrb/2023/PROVENANCE.md."
2023,2023-01-01,2023-12-31,state,JH,Jharkhand,pocso_victims_age,victims,age_band,total,657.0,victims,NCRB,1,2023-12-31,2026-09-25,Table 4A.9 (PDF p. 422-423),Crime in India 2023,https://ncrb.gov.in/en/crime-india,"Extracted from NCRB Crime in India 2023, Vol. I (PDF, SHA-256 553ac8b2eadfe9e2…, copy retrieved via https://data.opencity.in/dataset/crime-in-india-2023) — see data/raw/ncrb/2023/PROVENANCE.md."
2024,2024-01-01,2024-12-31,state,JH,Jharkhand,pocso_victims_age,victims,age_band,12_16,154.0,victims,NCRB,1,2024-12-31,2026-09-25,Table 4A.9 (PDF p. 525-526),Crime in India 2024,https://ncrb.gov.in/en/crime-india,"Extracted from NCRB Crime in India 2024, Vol. I (PDF, SHA-256 75b827bdcfcd5e64…, copy retrieved via https://data.opencity.in/dataset/crime-in-india-2024) — see data/raw/ncrb/2024/PROVENANCE.md."
2024,2024-01-01,2024-12-31,state,JH,Jharkhand,pocso_victims_age,victims,age_band,16_18,401.0,victims,NCRB,1,2024-12-31,2026-09-25,Table 4A.9 (PDF p. 525-526),Crime in India 2024,https://ncrb.gov.in/en/crime-india,"Extracted from NCRB Crime in India 2024, Vol. I (PDF, SHA-256 75b827bdcfcd5e64…, copy retrieved via https://data.opencity.in/dataset/crime-in-india-2024) — see data/raw/ncrb/2024/PROVENANCE.md."
2024,2024-01-01,2024-12-31,state,JH,Jharkhand,pocso_victims_age,victims,age_band,6_12,7.0,victims,NCRB,1,2024-12-31,2026-09-25,Table 4A.9 (PDF p. 525-526),Crime in India 2024,https://ncrb.gov.in/en/crime-india,"Extracted from NCRB Crime in India 2024, Vol. I (PDF, SHA-256 75b827bdcfcd5e64…, copy retrieved via https://data.opencity.in/dataset/crime-in-india-2024) — see data/raw/ncrb/2024/PROVENANCE.md."
2024,2024-01-01,2024-12-31,state,JH,Jharkhand,pocso_victims_age,victims,age_band,lt6,0.0,victims,NCRB,1,2024-12-31,2026-09-25,Table 4A.9 (PDF p. 525-526),Crime in India 2024,https://ncrb.gov.in/en/crime-india,"Extracted from NCRB Crime in India 2024, Vol. I (PDF, SHA-256 75b827bdcfcd5e64…, copy retrieved via https://data.opencity.in/dataset/crime-in-india-2024) — see data/raw/ncrb/2024/PROVENANCE.md."
2024,2024-01-01,2024-12-31,state,JH,Jharkhand,pocso_victims_age,victims,age_band,total,562.0,victims,NCRB,1,2024-12-31,2026-09-25,Table 4A.9 (PDF p. 525-526),Crime in India 2024,https://ncrb.gov.in/en/crime-india,"Extracted from NCRB Crime in India 2024, Vol. I (PDF, SHA-256 75b827bdcfcd5e64…, copy retrieved via https://data.opencity.in/dataset/crime-in-india-2024) — see data/raw/ncrb/2024/PROVENANCE.md."
2022,2022-01-01,2022-12-31,state,JK,Jammu & Kashmir,pocso_victims_age,victims,age_band,12_16,139.0,victims,NCRB,1,2022-12-31,2026-09-25,Table 4A.9 (PDF p. 422-423),Crime in India 2022,https://ncrb.gov.in/en/crime-india,"Extracted from NCRB Crime in India 2022, Vol. I (PDF, SHA-256 7c5ee3128b0b6bc7…, copy retrieved via https://data.opencity.in/dataset/crime-in-india-2022) — see data/raw/ncrb/2022/PROVENANCE.md."
2022,2022-01-01,2022-12-31,state,JK,Jammu & Kashmir,pocso_victims_age,victims,age_band,16_18,60.0,victims,NCRB,1,2022-12-31,2026-09-25,Table 4A.9 (PDF p. 422-423),Crime in India 2022,https://ncrb.gov.in/en/crime-india,"Extracted from NCRB Crime in India 2022, Vol. I (PDF, SHA-256 7c5ee3128b0b6bc7…, copy retrieved via https://data.opencity.in/dataset/crime-in-india-2022) — see data/raw/ncrb/2022/PROVENANCE.md."
2022,2022-01-01,2022-12-31,state,JK,Jammu & Kashmir,pocso_victims_age,victims,age_band,6_12,40.0,victims,NCRB,1,2022-12-31,2026-09-25,Table 4A.9 (PDF p. 422-423),Crime in India 2022,https://ncrb.gov.in/en/crime-india,"Extracted from NCRB Crime in India 2022, Vol. I (PDF, SHA-256 7c5ee3128b0b6bc7…, copy retrieved via https://data.opencity.in/dataset/crime-in-india-2022) — see data/raw/ncrb/2022/PROVENANCE.md."
2022,2022-01-01,2022-12-31,state,JK,Jammu & Kashmir,pocso_victims_age,victims,age_band,lt6,1.0,victims,NCRB,1,2022-12-31,2026-09-25,Table 4A.9 (PDF p. 422-423),Crime in India 2022,https://ncrb.gov.in/en/crime-india,"Extracted from NCRB Crime in India 2022, Vol. I (PDF, SHA-256 7c5ee3128b0b6bc7…, copy retrieved via https://data.opencity.in/dataset/crime-in-india-2022) — see data/raw/ncrb/2022/PROVENANCE.md."
2022,2022-01-01,2022-12-31,state,JK,Jammu & Kashmir,pocso_victims_age,victims,age_band,total,240.0,victims,NCRB,1,2022-12-31,2026-09-25,Table 4A.9 (PDF p. 422-423),Crime in India 2022,https://ncrb.gov.in/en/crime-india,"Extracted from NCRB Crime in India 2022, Vol. I (PDF, SHA-256 7c5ee3128b0b6bc7…, copy retrieved via https://data.opencity.in/dataset/crime-in-india-2022) — see data/raw/ncrb/2022/PROVENANCE.md."
2023,2023-01-01,2023-12-31,state,JK,Jammu & Kashmir,pocso_victims_age,victims,age_band,12_16,94.0,victims,NCRB,1,2023-12-31,2026-09-25,Table 4A.9 (PDF p. 422-423),Crime in India 2023,https://ncrb.gov.in/en/crime-india,"Extracted from NCRB Crime in India 2023, Vol. I (PDF, SHA-256 553ac8b2eadfe9e2…, copy retrieved via https://data.opencity.in/dataset/crime-in-india-2023) — see data/raw/ncrb/2023/PROVENANCE.md."
2023,2023-01-01,2023-12-31,state,JK,Jammu & Kashmir,pocso_victims_age,victims,age_band,16_18,102.0,victims,NCRB,1,2023-12-31,2026-09-25,Table 4A.9 (PDF p. 422-423),Crime in India 2023,https://ncrb.gov.in/en/crime-india,"Extracted from NCRB Crime in India 2023, Vol. I (PDF, SHA-256 553ac8b2eadfe9e2…, copy retrieved via https://data.opencity.in/dataset/crime-in-india-2023) — see data/raw/ncrb/2023/PROVENANCE.md."
2023,2023-01-01,2023-12-31,state,JK,Jammu & Kashmir,pocso_victims_age,victims,age_band,6_12,18.0,victims,NCRB,1,2023-12-31,2026-09-25,Table 4A.9 (PDF p. 422-423),Crime in India 2023,https://ncrb.gov.in/en/crime-india,"Extracted from NCRB Crime in India 2023, Vol. I (PDF, SHA-256 553ac8b2eadfe9e2…, copy retrieved via https://data.opencity.in/dataset/crime-in-india-2023) — see data/raw/ncrb/2023/PROVENANCE.md."
2023,2023-01-01,2023-12-31,state,JK,Jammu & Kashmir,pocso_victims_age,victims,age_band,lt6,1.0,victims,NCRB,1,2023-12-31,2026-09-25,Table 4A.9 (PDF p. 422-423),Crime in India 2023,https://ncrb.gov.in/en/crime-india,"Extracted from NCRB Crime in India 2023, Vol. I (PDF, SHA-256 553ac8b2eadfe9e2…, copy retrieved via https://data.opencity.in/dataset/crime-in-india-2023) — see data/raw/ncrb/2023/PROVENANCE.md."
2023,2023-01-01,2023-12-31,state,JK,Jammu & Kashmir,pocso_victims_age,victims,age_band,total,215.0,victims,NCRB,1,2023-12-31,2026-09-25,Table 4A.9 (PDF p. 422-423),Crime in India 2023,https://ncrb.gov.in/en/crime-india,"Extracted from NCRB Crime in India 2023, Vol. I (PDF, SHA-256 553ac8b2eadfe9e2…, copy retrieved via https://data.opencity.in/dataset/crime-in-india-2023) — see data/raw/ncrb/2023/PROVENANCE.md."
2024,2024-01-01,2024-12-31,state,JK,Jammu & Kashmir,pocso_victims_age,victims,age_band,12_16,107.0,victims,NCRB,1,2024-12-31,2026-09-25,Table 4A.9 (PDF p. 525-526),Crime in India 2024,https://ncrb.gov.in/en/crime-india,"Extracted from NCRB Crime in India 2024, Vol. I (PDF, SHA-256 75b827bdcfcd5e64…, copy retrieved via https://data.opencity.in/dataset/crime-in-india-2024) — see data/raw/ncrb/2024/PROVENANCE.md."
2024,2024-01-01,2024-12-31,state,JK,Jammu & Kashmir,pocso_victims_age,victims,age_band,16_18,102.0,victims,NCRB,1,2024-12-31,2026-09-25,Table 4A.9 (PDF p. 525-526),Crime in India 2024,https://ncrb.gov.in/en/crime-india,"Extracted from NCRB Crime in India 2024, Vol. I (PDF, SHA-256 75b827bdcfcd5e64…, copy retrieved via https://data.opencity.in/dataset/crime-in-india-2024) — see data/raw/ncrb/2024/PROVENANCE.md."
2024,2024-01-01,2024-12-31,state,JK,Jammu & Kashmir,pocso_victims_age,victims,age_band,6_12,18.0,victims,NCRB,1,2024-12-31,2026-09-25,Table 4A.9 (PDF p. 525-526),Crime in India 2024,https://ncrb.gov.in/en/crime-india,"Extracted from NCRB Crime in India 2024, Vol. I (PDF, SHA-256 75b827bdcfcd5e64…, copy retrieved via https://data.opencity.in/dataset/crime-in-india-2024) — see data/raw/ncrb/2024/PROVENANCE.md."
2024,2024-01-01,2024-12-31,state,JK,Jammu & Kashmir,pocso_victims_age,victims,age_band,lt6,1.0,victims,NCRB,1,2024-12-31,2026-09-25,Table 4A.9 (PDF p. 525-526),Crime in India 2024,https://ncrb.gov.in/en/crime-india,"Extracted from NCRB Crime in India 2024, Vol. I (PDF, SHA-256 75b827bdcfcd5e64…, copy retrieved via https://data.opencity.in/dataset/crime-in-india-2024) — see data/raw/ncrb/2024/PROVENANCE.md."
2024,2024-01-01,2024-12-31,state,JK,Jammu & Kashmir,pocso_victims_age,victims,age_band,total,228.0,victims,NCRB,1,2024-12-31,2026-09-25,Table 4A.9 (PDF p. 525-526),Crime in India 2024,https://ncrb.gov.in/en/crime-india,"Extracted from NCRB Crime in India 2024, Vol. I (PDF, SHA-256 75b827bdcfcd5e64…, copy retrieved via https://data.opencity.in/dataset/crime-in-india-2024) — see data/raw/ncrb/2024/PROVENANCE.md."
2022,2022-01-01,2022-12-31,state,KA,Karnataka,pocso_victims_age,victims,age_band,12_16,905.0,victims,NCRB,1,2022-12-31,2026-09-25,Table 4A.9 (PDF p. 422-423),Crime in India 2022,https://ncrb.gov.in/en/crime-india,"Extracted from NCRB Crime in India 2022, Vol. I (PDF, SHA-256 7c5ee3128b0b6bc7…, copy retrieved via https://data.opencity.in/dataset/crime-in-india-2022) — see data/raw/ncrb/2022/PROVENANCE.md."
2022,2022-01-01,2022-12-31,state,KA,Karnataka,pocso_victims_age,victims,age_band,16_18,1307.0,victims,NCRB,1,2022-12-31,2026-09-25,Table 4A.9 (PDF p. 422-423),Crime in India 2022,https://ncrb.gov.in/en/crime-india,"Extracted from NCRB Crime in India 2022, Vol. I (PDF, SHA-256 7c5ee3128b0b6bc7…, copy retrieved via https://data.opencity.in/dataset/crime-in-india-2022) — see data/raw/ncrb/2022/PROVENANCE.md."
2022,2022-01-01,2022-12-31,state,KA,Karnataka,pocso_victims_age,victims,age_band,6_12,95.0,victims,NCRB,1,2022-12-31,2026-09-25,Table 4A.9 (PDF p. 422-423),Crime in India 2022,https://ncrb.gov.in/en/crime-india,"Extracted from NCRB Crime in India 2022, Vol. I (PDF, SHA-256 7c5ee3128b0b6bc7…, copy retrieved via https://data.opencity.in/dataset/crime-in-india-2022) — see data/raw/ncrb/2022/PROVENANCE.md."
2022,2022-01-01,2022-12-31,state,KA,Karnataka,pocso_victims_age,victims,age_band,lt6,19.0,victims,NCRB,1,2022-12-31,2026-09-25,Table 4A.9 (PDF p. 422-423),Crime in India 2022,https://ncrb.gov.in/en/crime-india,"Extracted from NCRB Crime in India 2022, Vol. I (PDF, SHA-256 7c5ee3128b0b6bc7…, copy retrieved via https://data.opencity.in/dataset/crime-in-india-2022) — see data/raw/ncrb/2022/PROVENANCE.md."
2022,2022-01-01,2022-12-31,state,KA,Karnataka,pocso_victims_age,victims,age_band,total,2326.0,victims,NCRB,1,2022-12-31,2026-09-25,Table 4A.9 (PDF p. 422-423),Crime in India 2022,https://ncrb.gov.in/en/crime-india,"Extracted from NCRB Crime in India 2022, Vol. I (PDF, SHA-256 7c5ee3128b0b6bc7…, copy retrieved via https://data.opencity.in/dataset/crime-in-india-2022) — see data/raw/ncrb/2022/PROVENANCE.md."
2023,2023-01-01,2023-12-31,state,KA,Karnataka,pocso_victims_age,victims,age_band,12_16,973.0,victims,NCRB,1,2023-12-31,2026-09-25,Table 4A.9 (PDF p. 422-423),Crime in India 2023,https://ncrb.gov.in/en/crime-india,"Extracted from NCRB Crime in India 2023, Vol. I (PDF, SHA-256 553ac8b2eadfe9e2…, copy retrieved via https://data.opencity.in/dataset/crime-in-india-2023) — see data/raw/ncrb/2023/PROVENANCE.md."
2023,2023-01-01,2023-12-31,state,KA,Karnataka,pocso_victims_age,victims,age_band,16_18,2038.0,victims,NCRB,1,2023-12-31,2026-09-25,Table 4A.9 (PDF p. 422-423),Crime in India 2023,https://ncrb.gov.in/en/crime-india,"Extracted from NCRB Crime in India 2023, Vol. I (PDF, SHA-256 553ac8b2eadfe9e2…, copy retrieved via https://data.opencity.in/dataset/crime-in-india-2023) — see data/raw/ncrb/2023/PROVENANCE.md."
2023,2023-01-01,2023-12-31,state,KA,Karnataka,pocso_victims_age,victims,age_band,6_12,93.0,victims,NCRB,1,2023-12-31,2026-09-25,Table 4A.9 (PDF p. 422-423),Crime in India 2023,https://ncrb.gov.in/en/crime-india,"Extracted from NCRB Crime in India 2023, Vol. I (PDF, SHA-256 553ac8b2eadfe9e2…, copy retrieved via https://data.opencity.in/dataset/crime-in-india-2023) — see data/raw/ncrb/2023/PROVENANCE.md."
2023,2023-01-01,2023-12-31,state,KA,Karnataka,pocso_victims_age,victims,age_band,lt6,13.0,victims,NCRB,1,2023-12-31,2026-09-25,Table 4A.9 (PDF p. 422-423),Crime in India 2023,https://ncrb.gov.in/en/crime-india,"Extracted from NCRB Crime in India 2023, Vol. I (PDF, SHA-256 553ac8b2eadfe9e2…, copy retrieved via https://data.opencity.in/dataset/crime-in-india-2023) — see data/raw/ncrb/2023/PROVENANCE.md."
2023,2023-01-01,2023-12-31,state,KA,Karnataka,pocso_victims_age,victims,age_band,total,3117.0,victims,NCRB,1,2023-12-31,2026-09-25,Table 4A.9 (PDF p. 422-423),Crime in India 2023,https://ncrb.gov.in/en/crime-india,"Extracted from NCRB Crime in India 2023, Vol. I (PDF, SHA-256 553ac8b2eadfe9e2…, copy retrieved via https://data.opencity.in/dataset/crime-in-india-2023) — see data/raw/ncrb/2023/PROVENANCE.md."
2024,2024-01-01,2024-12-31,state,KA,Karnataka,pocso_victims_age,victims,age_band,12_16,1041.0,victims,NCRB,1,2024-12-31,2026-09-25,Table 4A.9 (PDF p. 525-526),Crime in India 2024,https://ncrb.gov.in/en/crime-india,"Extracted from NCRB Crime in India 2024, Vol. I (PDF, SHA-256 75b827bdcfcd5e64…, copy retrieved via https://data.opencity.in/dataset/crime-in-india-2024) — see data/raw/ncrb/2024/PROVENANCE.md."
2024,2024-01-01,2024-12-31,state,KA,Karnataka,pocso_victims_age,victims,age_band,16_18,2141.0,victims,NCRB,1,2024-12-31,2026-09-25,Table 4A.9 (PDF p. 525-526),Crime in India 2024,https://ncrb.gov.in/en/crime-india,"Extracted from NCRB Crime in India 2024, Vol. I (PDF, SHA-256 75b827bdcfcd5e64…, copy retrieved via https://data.opencity.in/dataset/crime-in-india-2024) — see data/raw/ncrb/2024/PROVENANCE.md."
2024,2024-01-01,2024-12-31,state,KA,Karnataka,pocso_victims_age,victims,age_band,6_12,73.0,victims,NCRB,1,2024-12-31,2026-09-25,Table 4A.9 (PDF p. 525-526),Crime in India 2024,https://ncrb.gov.in/en/crime-india,"Extracted from NCRB Crime in India 2024, Vol. I (PDF, SHA-256 75b827bdcfcd5e64…, copy retrieved via https://data.opencity.in/dataset/crime-in-india-2024) — see data/raw/ncrb/2024/PROVENANCE.md."
2024,2024-01-01,2024-12-31,state,KA,Karnataka,pocso_victims_age,victims,age_band,lt6,31.0,victims,NCRB,1,2024-12-31,2026-09-25,Table 4A.9 (PDF p. 525-526),Crime in India 2024,https://ncrb.gov.in/en/crime-india,"Extracted from NCRB Crime in India 2024, Vol. I (PDF, SHA-256 75b827bdcfcd5e64…, copy retrieved via https://data.opencity.in/dataset/crime-in-india-2024) — see data/raw/ncrb/2024/PROVENANCE.md."
2024,2024-01-01,2024-12-31,state,KA,Karnataka,pocso_victims_age,victims,age_band,total,3286.0,victims,NCRB,1,2024-12-31,2026-09-25,Table 4A.9 (PDF p. 525-526),Crime in India 2024,https://ncrb.gov.in/en/crime-india,"Extracted from NCRB Crime in India 2024, Vol. I (PDF, SHA-256 75b827bdcfcd5e64…, copy retrieved via https://data.opencity.in/dataset/crime-in-india-2024) — see data/raw/ncrb/2024/PROVENANCE.md."
2022,2022-01-01,2022-12-31,state,KL,Kerala,pocso_victims_age,victims,age_band,12_16,764.0,victims,NCRB,1,2022-12-31,2026-09-25,Table 4A.9 (PDF p. 422-423),Crime in India 2022,https://ncrb.gov.in/en/crime-india,"Extracted from NCRB Crime in India 2022, Vol. I (PDF, SHA-256 7c5ee3128b0b6bc7…, copy retrieved via https://data.opencity.in/dataset/crime-in-india-2022) — see data/raw/ncrb/2022/PROVENANCE.md."
2022,2022-01-01,2022-12-31,state,KL,Kerala,pocso_victims_age,victims,age_band,16_18,844.0,victims,NCRB,1,2022-12-31,2026-09-25,Table 4A.9 (PDF p. 422-423),Crime in India 2022,https://ncrb.gov.in/en/crime-india,"Extracted from NCRB Crime in India 2022, Vol. I (PDF, SHA-256 7c5ee3128b0b6bc7…, copy retrieved via https://data.opencity.in/dataset/crime-in-india-2022) — see data/raw/ncrb/2022/PROVENANCE.md."
2022,2022-01-01,2022-12-31,state,KL,Kerala,pocso_victims_age,victims,age_band,6_12,202.0,victims,NCRB,1,2022-12-31,2026-09-25,Table 4A.9 (PDF p. 422-423),Crime in India 2022,https://ncrb.gov.in/en/crime-india,"Extracted from NCRB Crime in India 2022, Vol. I (PDF, SHA-256 7c5ee3128b0b6bc7…, copy retrieved via https://data.opencity.in/dataset/crime-in-india-2022) — see data/raw/ncrb/2022/PROVENANCE.md."
2022,2022-01-01,2022-12-31,state,KL,Kerala,pocso_victims_age,victims,age_band,lt6,36.0,victims,NCRB,1,2022-12-31,2026-09-25,Table 4A.9 (PDF p. 422-423),Crime in India 2022,https://ncrb.gov.in/en/crime-india,"Extracted from NCRB Crime in India 2022, Vol. I (PDF, SHA-256 7c5ee3128b0b6bc7…, copy retrieved via https://data.opencity.in/dataset/crime-in-india-2022) — see data/raw/ncrb/2022/PROVENANCE.md."
2022,2022-01-01,2022-12-31,state,KL,Kerala,pocso_victims_age,victims,age_band,total,1846.0,victims,NCRB,1,2022-12-31,2026-09-25,Table 4A.9 (PDF p. 422-423),Crime in India 2022,https://ncrb.gov.in/en/crime-india,"Extracted from NCRB Crime in India 2022, Vol. I (PDF, SHA-256 7c5ee3128b0b6bc7…, copy retrieved via https://data.opencity.in/dataset/crime-in-india-2022) — see data/raw/ncrb/2022/PROVENANCE.md."
2023,2023-01-01,2023-12-31,state,KL,Kerala,pocso_victims_age,victims,age_band,12_16,697.0,victims,NCRB,1,2023-12-31,2026-09-25,Table 4A.9 (PDF p. 422-423),Crime in India 2023,https://ncrb.gov.in/en/crime-india,"Extracted from NCRB Crime in India 2023, Vol. I (PDF, SHA-256 553ac8b2eadfe9e2…, copy retrieved via https://data.opencity.in/dataset/crime-in-india-2023) — see data/raw/ncrb/2023/PROVENANCE.md."
2023,2023-01-01,2023-12-31,state,KL,Kerala,pocso_victims_age,victims,age_band,16_18,817.0,victims,NCRB,1,2023-12-31,2026-09-25,Table 4A.9 (PDF p. 422-423),Crime in India 2023,https://ncrb.gov.in/en/crime-india,"Extracted from NCRB Crime in India 2023, Vol. I (PDF, SHA-256 553ac8b2eadfe9e2…, copy retrieved via https://data.opencity.in/dataset/crime-in-india-2023) — see data/raw/ncrb/2023/PROVENANCE.md."
2023,2023-01-01,2023-12-31,state,KL,Kerala,pocso_victims_age,victims,age_band,6_12,231.0,victims,NCRB,1,2023-12-31,2026-09-25,Table 4A.9 (PDF p. 422-423),Crime in India 2023,https://ncrb.gov.in/en/crime-india,"Extracted from NCRB Crime in India 2023, Vol. I (PDF, SHA-256 553ac8b2eadfe9e2…, copy retrieved via https://data.opencity.in/dataset/crime-in-india-2023) — see data/raw/ncrb/2023/PROVENANCE.md."
2023,2023-01-01,2023-12-31,state,KL,Kerala,pocso_victims_age,victims,age_band,lt6,63.0,victims,NCRB,1,2023-12-31,2026-09-25,Table 4A.9 (PDF p. 422-423),Crime in India 2023,https://ncrb.gov.in/en/crime-india,"Extracted from NCRB Crime in India 2023, Vol. I (PDF, SHA-256 553ac8b2eadfe9e2…, copy retrieved via https://data.opencity.in/dataset/crime-in-india-2023) — see data/raw/ncrb/2023/PROVENANCE.md."
2023,2023-01-01,2023-12-31,state,KL,Kerala,pocso_victims_age,victims,age_band,total,1808.0,victims,NCRB,1,2023-12-31,2026-09-25,Table 4A.9 (PDF p. 422-423),Crime in India 2023,https://ncrb.gov.in/en/crime-india,"Extracted from NCRB Crime in India 2023, Vol. I (PDF, SHA-256 553ac8b2eadfe9e2…, copy retrieved via https://data.opencity.in/dataset/crime-in-india-2023) — see data/raw/ncrb/2023/PROVENANCE.md."
2024,2024-01-01,2024-12-31,state,KL,Kerala,pocso_victims_age,victims,age_band,12_16,786.0,victims,NCRB,1,2024-12-31,2026-09-25,Table 4A.9 (PDF p. 525-526),Crime in India 2024,https://ncrb.gov.in/en/crime-india,"Extracted from NCRB Crime in India 2024, Vol. I (PDF, SHA-256 75b827bdcfcd5e64…, copy retrieved via https://data.opencity.in/dataset/crime-in-india-2024) — see data/raw/ncrb/2024/PROVENANCE.md."
2024,2024-01-01,2024-12-31,state,KL,Kerala,pocso_victims_age,victims,age_band,16_18,964.0,victims,NCRB,1,2024-12-31,2026-09-25,Table 4A.9 (PDF p. 525-526),Crime in India 2024,https://ncrb.gov.in/en/crime-india,"Extracted from NCRB Crime in India 2024, Vol. I (PDF, SHA-256 75b827bdcfcd5e64…, copy retrieved via https://data.opencity.in/dataset/crime-in-india-2024) — see data/raw/ncrb/2024/PROVENANCE.md."
2024,2024-01-01,2024-12-31,state,KL,Kerala,pocso_victims_age,victims,age_band,6_12,276.0,victims,NCRB,1,2024-12-31,2026-09-25,Table 4A.9 (PDF p. 525-526),Crime in India 2024,https://ncrb.gov.in/en/crime-india,"Extracted from NCRB Crime in India 2024, Vol. I (PDF, SHA-256 75b827bdcfcd5e64…, copy retrieved via https://data.opencity.in/dataset/crime-in-india-2024) — see data/raw/ncrb/2024/PROVENANCE.md."
2024,2024-01-01,2024-12-31,state,KL,Kerala,pocso_victims_age,victims,age_band,lt6,68.0,victims,NCRB,1,2024-12-31,2026-09-25,Table 4A.9 (PDF p. 525-526),Crime in India 2024,https://ncrb.gov.in/en/crime-india,"Extracted from NCRB Crime in India 2024, Vol. I (PDF, SHA-256 75b827bdcfcd5e64…, copy retrieved via https://data.opencity.in/dataset/crime-in-india-2024) — see data/raw/ncrb/2024/PROVENANCE.md."
2024,2024-01-01,2024-12-31,state,KL,Kerala,pocso_victims_age,victims,age_band,total,2094.0,victims,NCRB,1,2024-12-31,2026-09-25,Table 4A.9 (PDF p. 525-526),Crime in India 2024,https://ncrb.gov.in/en/crime-india,"Extracted from NCRB Crime in India 2024, Vol. I (PDF, SHA-256 75b827bdcfcd5e64…, copy retrieved via https://data.opencity.in/dataset/crime-in-india-2024) — see data/raw/ncrb/2024/PROVENANCE.md."
2022,2022-01-01,2022-12-31,state,LA,Ladakh,pocso_victims_age,victims,age_band,12_16,0.0,victims,NCRB,1,2022-12-31,2026-09-25,Table 4A.9 (PDF p. 422-423),Crime in India 2022,https://ncrb.gov.in/en/crime-india,"Extracted from NCRB Crime in India 2022, Vol. I (PDF, SHA-256 7c5ee3128b0b6bc7…, copy retrieved via https://data.opencity.in/dataset/crime-in-india-2022) — see data/raw/ncrb/2022/PROVENANCE.md."
2022,2022-01-01,2022-12-31,state,LA,Ladakh,pocso_victims_age,victims,age_band,16_18,0.0,victims,NCRB,1,2022-12-31,2026-09-25,Table 4A.9 (PDF p. 422-423),Crime in India 2022,https://ncrb.gov.in/en/crime-india,"Extracted from NCRB Crime in India 2022, Vol. I (PDF, SHA-256 7c5ee3128b0b6bc7…, copy retrieved via https://data.opencity.in/dataset/crime-in-india-2022) — see data/raw/ncrb/2022/PROVENANCE.md."
2022,2022-01-01,2022-12-31,state,LA,Ladakh,pocso_victims_age,victims,age_band,6_12,0.0,victims,NCRB,1,2022-12-31,2026-09-25,Table 4A.9 (PDF p. 422-423),Crime in India 2022,https://ncrb.gov.in/en/crime-india,"Extracted from NCRB Crime in India 2022, Vol. I (PDF, SHA-256 7c5ee3128b0b6bc7…, copy retrieved via https://data.opencity.in/dataset/crime-in-india-2022) — see data/raw/ncrb/2022/PROVENANCE.md."
2022,2022-01-01,2022-12-31,state,LA,Ladakh,pocso_victims_age,victims,age_band,lt6,0.0,victims,NCRB,1,2022-12-31,2026-09-25,Table 4A.9 (PDF p. 422-423),Crime in India 2022,https://ncrb.gov.in/en/crime-india,"Extracted from NCRB Crime in India 2022, Vol. I (PDF, SHA-256 7c5ee3128b0b6bc7…, copy retrieved via https://data.opencity.in/dataset/crime-in-india-2022) — see data/raw/ncrb/2022/PROVENANCE.md."
2022,2022-01-01,2022-12-31,state,LA,Ladakh,pocso_victims_age,victims,age_band,total,0.0,victims,NCRB,1,2022-12-31,2026-09-25,Table 4A.9 (PDF p. 422-423),Crime in India 2022,https://ncrb.gov.in/en/crime-india,"Extracted from NCRB Crime in India 2022, Vol. I (PDF, SHA-256 7c5ee3128b0b6bc7…, copy retrieved via https://data.opencity.in/dataset/crime-in-india-2022) — see data/raw/ncrb/2022/PROVENANCE.md."
2023,2023-01-01,2023-12-31,state,LA,Ladakh,pocso_victims_age,victims,age_band,12_16,0.0,victims,NCRB,1,2023-12-31,2026-09-25,Table 4A.9 (PDF p. 422-423),Crime in India 2023,https://ncrb.gov.in/en/crime-india,"Extracted from NCRB Crime in India 2023, Vol. I (PDF, SHA-256 553ac8b2eadfe9e2…, copy retrieved via https://data.opencity.in/dataset/crime-in-india-2023) — see data/raw/ncrb/2023/PROVENANCE.md."
2023,2023-01-01,2023-12-31,state,LA,Ladakh,pocso_victims_age,victims,age_band,16_18,0.0,victims,NCRB,1,2023-12-31,2026-09-25,Table 4A.9 (PDF p. 422-423),Crime in India 2023,https://ncrb.gov.in/en/crime-india,"Extracted from NCRB Crime in India 2023, Vol. I (PDF, SHA-256 553ac8b2eadfe9e2…, copy retrieved via https://data.opencity.in/dataset/crime-in-india-2023) — see data/raw/ncrb/2023/PROVENANCE.md."
2023,2023-01-01,2023-12-31,state,LA,Ladakh,pocso_victims_age,victims,age_band,6_12,3.0,victims,NCRB,1,2023-12-31,2026-09-25,Table 4A.9 (PDF p. 422-423),Crime in India 2023,https://ncrb.gov.in/en/crime-india,"Extracted from NCRB Crime in India 2023, Vol. I (PDF, SHA-256 553ac8b2eadfe9e2…, copy retrieved via https://data.opencity.in/dataset/crime-in-india-2023) — see data/raw/ncrb/2023/PROVENANCE.md."
2023,2023-01-01,2023-12-31,state,LA,Ladakh,pocso_victims_age,victims,age_band,lt6,0.0,victims,NCRB,1,2023-12-31,2026-09-25,Table 4A.9 (PDF p. 422-423),Crime in India 2023,https://ncrb.gov.in/en/crime-india,"Extracted from NCRB Crime in India 2023, Vol. I (PDF, SHA-256 553ac8b2eadfe9e2…, copy retrieved via https://data.opencity.in/dataset/crime-in-india-2023) — see data/raw/ncrb/2023/PROVENANCE.md."
2023,2023-01-01,2023-12-31,state,LA,Ladakh,pocso_victims_age,victims,age_band,total,3.0,victims,NCRB,1,2023-12-31,2026-09-25,Table 4A.9 (PDF p. 422-423),Crime in India 2023,https://ncrb.gov.in/en/crime-india,"Extracted from NCRB Crime in India 2023, Vol. I (PDF, SHA-256 553ac8b2eadfe9e2…, copy retrieved via https://data.opencity.in/dataset/crime-in-india-2023) — see data/raw/ncrb/2023/PROVENANCE.md."
2024,2024-01-01,2024-12-31,state,LA,Ladakh,pocso_victims_age,victims,age_band,12_16,1.0,victims,NCRB,1,2024-12-31,2026-09-25,Table 4A.9 (PDF p. 525-526),Crime in India 2024,https://ncrb.gov.in/en/crime-india,"Extracted from NCRB Crime in India 2024, Vol. I (PDF, SHA-256 75b827bdcfcd5e64…, copy retrieved via https://data.opencity.in/dataset/crime-in-india-2024) — see data/raw/ncrb/2024/PROVENANCE.md."
2024,2024-01-01,2024-12-31,state,LA,Ladakh,pocso_victims_age,victims,age_band,16_18,3.0,victims,NCRB,1,2024-12-31,2026-09-25,Table 4A.9 (PDF p. 525-526),Crime in India 2024,https://ncrb.gov.in/en/crime-india,"Extracted from NCRB Crime in India 2024, Vol. I (PDF, SHA-256 75b827bdcfcd5e64…, copy retrieved via https://data.opencity.in/dataset/crime-in-india-2024) — see data/raw/ncrb/2024/PROVENANCE.md."
2024,2024-01-01,2024-12-31,state,LA,Ladakh,pocso_victims_age,victims,age_band,6_12,0.0,victims,NCRB,1,2024-12-31,2026-09-25,Table 4A.9 (PDF p. 525-526),Crime in India 2024,https://ncrb.gov.in/en/crime-india,"Extracted from NCRB Crime in India 2024, Vol. I (PDF, SHA-256 75b827bdcfcd5e64…, copy retrieved via https://data.opencity.in/dataset/crime-in-india-2024) — see data/raw/ncrb/2024/PROVENANCE.md."
2024,2024-01-01,2024-12-31,state,LA,Ladakh,pocso_victims_age,victims,age_band,lt6,0.0,victims,NCRB,1,2024-12-31,2026-09-25,Table 4A.9 (PDF p. 525-526),Crime in India 2024,https://ncrb.gov.in/en/crime-india,"Extracted from NCRB Crime in India 2024, Vol. I (PDF, SHA-256 75b827bdcfcd5e64…, copy retrieved via https://data.opencity.in/dataset/crime-in-india-2024) — see data/raw/ncrb/2024/PROVENANCE.md."
2024,2024-01-01,2024-12-31,state,LA,Ladakh,pocso_victims_age,victims,age_band,total,4.0,victims,NCRB,1,2024-12-31,2026-09-25,Table 4A.9 (PDF p. 525-526),Crime in India 2024,https://ncrb.gov.in/en/crime-india,"Extracted from NCRB Crime in India 2024, Vol. I (PDF, SHA-256 75b827bdcfcd5e64…, copy retrieved via https://data.opencity.in/dataset/crime-in-india-2024) — see data/raw/ncrb/2024/PROVENANCE.md."
2022,2022-01-01,2022-12-31,state,LD,Lakshadweep,pocso_victims_age,victims,age_band,12_16,1.0,victims,NCRB,1,2022-12-31,2026-09-25,Table 4A.9 (PDF p. 422-423),Crime in India 2022,https://ncrb.gov.in/en/crime-india,"Extracted from NCRB Crime in India 2022, Vol. I (PDF, SHA-256 7c5ee3128b0b6bc7…, copy retrieved via https://data.opencity.in/dataset/crime-in-india-2022) — see data/raw/ncrb/2022/PROVENANCE.md."
2022,2022-01-01,2022-12-31,state,LD,Lakshadweep,pocso_victims_age,victims,age_band,16_18,4.0,victims,NCRB,1,2022-12-31,2026-09-25,Table 4A.9 (PDF p. 422-423),Crime in India 2022,https://ncrb.gov.in/en/crime-india,"Extracted from NCRB Crime in India 2022, Vol. I (PDF, SHA-256 7c5ee3128b0b6bc7…, copy retrieved via https://data.opencity.in/dataset/crime-in-india-2022) — see data/raw/ncrb/2022/PROVENANCE.md."
2022,2022-01-01,2022-12-31,state,LD,Lakshadweep,pocso_victims_age,victims,age_band,6_12,0.0,victims,NCRB,1,2022-12-31,2026-09-25,Table 4A.9 (PDF p. 422-423),Crime in India 2022,https://ncrb.gov.in/en/crime-india,"Extracted from NCRB Crime in India 2022, Vol. I (PDF, SHA-256 7c5ee3128b0b6bc7…, copy retrieved via https://data.opencity.in/dataset/crime-in-india-2022) — see data/raw/ncrb/2022/PROVENANCE.md."
2022,2022-01-01,2022-12-31,state,LD,Lakshadweep,pocso_victims_age,victims,age_band,lt6,0.0,victims,NCRB,1,2022-12-31,2026-09-25,Table 4A.9 (PDF p. 422-423),Crime in India 2022,https://ncrb.gov.in/en/crime-india,"Extracted from NCRB Crime in India 2022, Vol. I (PDF, SHA-256 7c5ee3128b0b6bc7…, copy retrieved via https://data.opencity.in/dataset/crime-in-india-2022) — see data/raw/ncrb/2022/PROVENANCE.md."
2022,2022-01-01,2022-12-31,state,LD,Lakshadweep,pocso_victims_age,victims,age_band,total,5.0,victims,NCRB,1,2022-12-31,2026-09-25,Table 4A.9 (PDF p. 422-423),Crime in India 2022,https://ncrb.gov.in/en/crime-india,"Extracted from NCRB Crime in India 2022, Vol. I (PDF, SHA-256 7c5ee3128b0b6bc7…, copy retrieved via https://data.opencity.in/dataset/crime-in-india-2022) — see data/raw/ncrb/2022/PROVENANCE.md."
2023,2023-01-01,2023-12-31,state,LD,Lakshadweep,pocso_victims_age,victims,age_band,12_16,2.0,victims,NCRB,1,2023-12-31,2026-09-25,Table 4A.9 (PDF p. 422-423),Crime in India 2023,https://ncrb.gov.in/en/crime-india,"Extracted from NCRB Crime in India 2023, Vol. I (PDF, SHA-256 553ac8b2eadfe9e2…, copy retrieved via https://data.opencity.in/dataset/crime-in-india-2023) — see data/raw/ncrb/2023/PROVENANCE.md."
2023,2023-01-01,2023-12-31,state,LD,Lakshadweep,pocso_victims_age,victims,age_band,16_18,0.0,victims,NCRB,1,2023-12-31,2026-09-25,Table 4A.9 (PDF p. 422-423),Crime in India 2023,https://ncrb.gov.in/en/crime-india,"Extracted from NCRB Crime in India 2023, Vol. I (PDF, SHA-256 553ac8b2eadfe9e2…, copy retrieved via https://data.opencity.in/dataset/crime-in-india-2023) — see data/raw/ncrb/2023/PROVENANCE.md."
2023,2023-01-01,2023-12-31,state,LD,Lakshadweep,pocso_victims_age,victims,age_band,6_12,0.0,victims,NCRB,1,2023-12-31,2026-09-25,Table 4A.9 (PDF p. 422-423),Crime in India 2023,https://ncrb.gov.in/en/crime-india,"Extracted from NCRB Crime in India 2023, Vol. I (PDF, SHA-256 553ac8b2eadfe9e2…, copy retrieved via https://data.opencity.in/dataset/crime-in-india-2023) — see data/raw/ncrb/2023/PROVENANCE.md."
2023,2023-01-01,2023-12-31,state,LD,Lakshadweep,pocso_victims_age,victims,age_band,lt6,0.0,victims,NCRB,1,2023-12-31,2026-09-25,Table 4A.9 (PDF p. 422-423),Crime in India 2023,https://ncrb.gov.in/en/crime-india,"Extracted from NCRB Crime in India 2023, Vol. I (PDF, SHA-256 553ac8b2eadfe9e2…, copy retrieved via https://data.opencity.in/dataset/crime-in-india-2023) — see data/raw/ncrb/2023/PROVENANCE.md."
2023,2023-01-01,2023-12-31,state,LD,Lakshadweep,pocso_victims_age,victims,age_band,total,2.0,victims,NCRB,1,2023-12-31,2026-09-25,Table 4A.9 (PDF p. 422-423),Crime in India 2023,https://ncrb.gov.in/en/crime-india,"Extracted from NCRB Crime in India 2023, Vol. I (PDF, SHA-256 553ac8b2eadfe9e2…, copy retrieved via https://data.opencity.in/dataset/crime-in-india-2023) — see data/raw/ncrb/2023/PROVENANCE.md."
2024,2024-01-01,2024-12-31,state,LD,Lakshadweep,pocso_victims_age,victims,age_band,12_16,0.0,victims,NCRB,1,2024-12-31,2026-09-25,Table 4A.9 (PDF p. 525-526),Crime in India 2024,https://ncrb.gov.in/en/crime-india,"Extracted from NCRB Crime in India 2024, Vol. I (PDF, SHA-256 75b827bdcfcd5e64…, copy retrieved via https://data.opencity.in/dataset/crime-in-india-2024) — see data/raw/ncrb/2024/PROVENANCE.md."
2024,2024-01-01,2024-12-31,state,LD,Lakshadweep,pocso_victims_age,victims,age_band,16_18,0.0,victims,NCRB,1,2024-12-31,2026-09-25,Table 4A.9 (PDF p. 525-526),Crime in India 2024,https://ncrb.gov.in/en/crime-india,"Extracted from NCRB Crime in India 2024, Vol. I (PDF, SHA-256 75b827bdcfcd5e64…, copy retrieved via https://data.opencity.in/dataset/crime-in-india-2024) — see data/raw/ncrb/2024/PROVENANCE.md."
2024,2024-01-01,2024-12-31,state,LD,Lakshadweep,pocso_victims_age,victims,age_band,6_12,1.0,victims,NCRB,1,2024-12-31,2026-09-25,Table 4A.9 (PDF p. 525-526),Crime in India 2024,https://ncrb.gov.in/en/crime-india,"Extracted from NCRB Crime in India 2024, Vol. I (PDF, SHA-256 75b827bdcfcd5e64…, copy retrieved via https://data.opencity.in/dataset/crime-in-india-2024) — see data/raw/ncrb/2024/PROVENANCE.md."
2024,2024-01-01,2024-12-31,state,LD,Lakshadweep,pocso_victims_age,victims,age_band,lt6,0.0,victims,NCRB,1,2024-12-31,2026-09-25,Table 4A.9 (PDF p. 525-526),Crime in India 2024,https://ncrb.gov.in/en/crime-india,"Extracted from NCRB Crime in India 2024, Vol. I (PDF, SHA-256 75b827bdcfcd5e64…, copy retrieved via https://data.opencity.in/dataset/crime-in-india-2024) — see data/raw/ncrb/2024/PROVENANCE.md."
2024,2024-01-01,2024-12-31,state,LD,Lakshadweep,pocso_victims_age,victims,age_band,total,1.0,victims,NCRB,1,2024-12-31,2026-09-25,Table 4A.9 (PDF p. 525-526),Crime in India 2024,https://ncrb.gov.in/en/crime-india,"Extracted from NCRB Crime in India 2024, Vol. I (PDF, SHA-256 75b827bdcfcd5e64…, copy retrieved via https://data.opencity.in/dataset/crime-in-india-2024) — see data/raw/ncrb/2024/PROVENANCE.md."
2022,2022-01-01,2022-12-31,state,MH,Maharashtra,pocso_victims_age,victims,age_band,12_16,1676.0,victims,NCRB,1,2022-12-31,2026-09-25,Table 4A.9 (PDF p. 422-423),Crime in India 2022,https://ncrb.gov.in/en/crime-india,"Extracted from NCRB Crime in India 2022, Vol. I (PDF, SHA-256 7c5ee3128b0b6bc7…, copy retrieved via https://data.opencity.in/dataset/crime-in-india-2022) — see data/raw/ncrb/2022/PROVENANCE.md."
2022,2022-01-01,2022-12-31,state,MH,Maharashtra,pocso_victims_age,victims,age_band,16_18,2194.0,victims,NCRB,1,2022-12-31,2026-09-25,Table 4A.9 (PDF p. 422-423),Crime in India 2022,https://ncrb.gov.in/en/crime-india,"Extracted from NCRB Crime in India 2022, Vol. I (PDF, SHA-256 7c5ee3128b0b6bc7…, copy retrieved via https://data.opencity.in/dataset/crime-in-india-2022) — see data/raw/ncrb/2022/PROVENANCE.md."
2022,2022-01-01,2022-12-31,state,MH,Maharashtra,pocso_victims_age,victims,age_band,6_12,293.0,victims,NCRB,1,2022-12-31,2026-09-25,Table 4A.9 (PDF p. 422-423),Crime in India 2022,https://ncrb.gov.in/en/crime-india,"Extracted from NCRB Crime in India 2022, Vol. I (PDF, SHA-256 7c5ee3128b0b6bc7…, copy retrieved via https://data.opencity.in/dataset/crime-in-india-2022) — see data/raw/ncrb/2022/PROVENANCE.md."
2022,2022-01-01,2022-12-31,state,MH,Maharashtra,pocso_victims_age,victims,age_band,lt6,97.0,victims,NCRB,1,2022-12-31,2026-09-25,Table 4A.9 (PDF p. 422-423),Crime in India 2022,https://ncrb.gov.in/en/crime-india,"Extracted from NCRB Crime in India 2022, Vol. I (PDF, SHA-256 7c5ee3128b0b6bc7…, copy retrieved via https://data.opencity.in/dataset/crime-in-india-2022) — see data/raw/ncrb/2022/PROVENANCE.md."
2022,2022-01-01,2022-12-31,state,MH,Maharashtra,pocso_victims_age,victims,age_band,total,4260.0,victims,NCRB,1,2022-12-31,2026-09-25,Table 4A.9 (PDF p. 422-423),Crime in India 2022,https://ncrb.gov.in/en/crime-india,"Extracted from NCRB Crime in India 2022, Vol. I (PDF, SHA-256 7c5ee3128b0b6bc7…, copy retrieved via https://data.opencity.in/dataset/crime-in-india-2022) — see data/raw/ncrb/2022/PROVENANCE.md."
2023,2023-01-01,2023-12-31,state,MH,Maharashtra,pocso_victims_age,victims,age_band,12_16,1514.0,victims,NCRB,1,2023-12-31,2026-09-25,Table 4A.9 (PDF p. 422-423),Crime in India 2023,https://ncrb.gov.in/en/crime-india,"Extracted from NCRB Crime in India 2023, Vol. I (PDF, SHA-256 553ac8b2eadfe9e2…, copy retrieved via https://data.opencity.in/dataset/crime-in-india-2023) — see data/raw/ncrb/2023/PROVENANCE.md."
2023,2023-01-01,2023-12-31,state,MH,Maharashtra,pocso_victims_age,victims,age_band,16_18,2828.0,victims,NCRB,1,2023-12-31,2026-09-25,Table 4A.9 (PDF p. 422-423),Crime in India 2023,https://ncrb.gov.in/en/crime-india,"Extracted from NCRB Crime in India 2023, Vol. I (PDF, SHA-256 553ac8b2eadfe9e2…, copy retrieved via https://data.opencity.in/dataset/crime-in-india-2023) — see data/raw/ncrb/2023/PROVENANCE.md."
2023,2023-01-01,2023-12-31,state,MH,Maharashtra,pocso_victims_age,victims,age_band,6_12,240.0,victims,NCRB,1,2023-12-31,2026-09-25,Table 4A.9 (PDF p. 422-423),Crime in India 2023,https://ncrb.gov.in/en/crime-india,"Extracted from NCRB Crime in India 2023, Vol. I (PDF, SHA-256 553ac8b2eadfe9e2…, copy retrieved via https://data.opencity.in/dataset/crime-in-india-2023) — see data/raw/ncrb/2023/PROVENANCE.md."
2023,2023-01-01,2023-12-31,state,MH,Maharashtra,pocso_victims_age,victims,age_band,lt6,90.0,victims,NCRB,1,2023-12-31,2026-09-25,Table 4A.9 (PDF p. 422-423),Crime in India 2023,https://ncrb.gov.in/en/crime-india,"Extracted from NCRB Crime in India 2023, Vol. I (PDF, SHA-256 553ac8b2eadfe9e2…, copy retrieved via https://data.opencity.in/dataset/crime-in-india-2023) — see data/raw/ncrb/2023/PROVENANCE.md."
2023,2023-01-01,2023-12-31,state,MH,Maharashtra,pocso_victims_age,victims,age_band,total,4672.0,victims,NCRB,1,2023-12-31,2026-09-25,Table 4A.9 (PDF p. 422-423),Crime in India 2023,https://ncrb.gov.in/en/crime-india,"Extracted from NCRB Crime in India 2023, Vol. I (PDF, SHA-256 553ac8b2eadfe9e2…, copy retrieved via https://data.opencity.in/dataset/crime-in-india-2023) — see data/raw/ncrb/2023/PROVENANCE.md."
2024,2024-01-01,2024-12-31,state,MH,Maharashtra,pocso_victims_age,victims,age_band,12_16,1795.0,victims,NCRB,1,2024-12-31,2026-09-25,Table 4A.9 (PDF p. 525-526),Crime in India 2024,https://ncrb.gov.in/en/crime-india,"Extracted from NCRB Crime in India 2024, Vol. I (PDF, SHA-256 75b827bdcfcd5e64…, copy retrieved via https://data.opencity.in/dataset/crime-in-india-2024) — see data/raw/ncrb/2024/PROVENANCE.md."
2024,2024-01-01,2024-12-31,state,MH,Maharashtra,pocso_victims_age,victims,age_band,16_18,2693.0,victims,NCRB,1,2024-12-31,2026-09-25,Table 4A.9 (PDF p. 525-526),Crime in India 2024,https://ncrb.gov.in/en/crime-india,"Extracted from NCRB Crime in India 2024, Vol. I (PDF, SHA-256 75b827bdcfcd5e64…, copy retrieved via https://data.opencity.in/dataset/crime-in-india-2024) — see data/raw/ncrb/2024/PROVENANCE.md."
2024,2024-01-01,2024-12-31,state,MH,Maharashtra,pocso_victims_age,victims,age_band,6_12,386.0,victims,NCRB,1,2024-12-31,2026-09-25,Table 4A.9 (PDF p. 525-526),Crime in India 2024,https://ncrb.gov.in/en/crime-india,"Extracted from NCRB Crime in India 2024, Vol. I (PDF, SHA-256 75b827bdcfcd5e64…, copy retrieved via https://data.opencity.in/dataset/crime-in-india-2024) — see data/raw/ncrb/2024/PROVENANCE.md."
2024,2024-01-01,2024-12-31,state,MH,Maharashtra,pocso_victims_age,victims,age_band,lt6,106.0,victims,NCRB,1,2024-12-31,2026-09-25,Table 4A.9 (PDF p. 525-526),Crime in India 2024,https://ncrb.gov.in/en/crime-india,"Extracted from NCRB Crime in India 2024, Vol. I (PDF, SHA-256 75b827bdcfcd5e64…, copy retrieved via https://data.opencity.in/dataset/crime-in-india-2024) — see data/raw/ncrb/2024/PROVENANCE.md."
2024,2024-01-01,2024-12-31,state,MH,Maharashtra,pocso_victims_age,victims,age_band,total,4980.0,victims,NCRB,1,2024-12-31,2026-09-25,Table 4A.9 (PDF p. 525-526),Crime in India 2024,https://ncrb.gov.in/en/crime-india,"Extracted from NCRB Crime in India 2024, Vol. I (PDF, SHA-256 75b827bdcfcd5e64…, copy retrieved via https://data.opencity.in/dataset/crime-in-india-2024) — see data/raw/ncrb/2024/PROVENANCE.md."
2022,2022-01-01,2022-12-31,state,ML,Meghalaya,pocso_victims_age,victims,age_band,12_16,107.0,victims,NCRB,1,2022-12-31,2026-09-25,Table 4A.9 (PDF p. 422-423),Crime in India 2022,https://ncrb.gov.in/en/crime-india,"Extracted from NCRB Crime in India 2022, Vol. I (PDF, SHA-256 7c5ee3128b0b6bc7…, copy retrieved via https://data.opencity.in/dataset/crime-in-india-2022) — see data/raw/ncrb/2022/PROVENANCE.md."
2022,2022-01-01,2022-12-31,state,ML,Meghalaya,pocso_victims_age,victims,age_band,16_18,112.0,victims,NCRB,1,2022-12-31,2026-09-25,Table 4A.9 (PDF p. 422-423),Crime in India 2022,https://ncrb.gov.in/en/crime-india,"Extracted from NCRB Crime in India 2022, Vol. I (PDF, SHA-256 7c5ee3128b0b6bc7…, copy retrieved via https://data.opencity.in/dataset/crime-in-india-2022) — see data/raw/ncrb/2022/PROVENANCE.md."
2022,2022-01-01,2022-12-31,state,ML,Meghalaya,pocso_victims_age,victims,age_band,6_12,59.0,victims,NCRB,1,2022-12-31,2026-09-25,Table 4A.9 (PDF p. 422-423),Crime in India 2022,https://ncrb.gov.in/en/crime-india,"Extracted from NCRB Crime in India 2022, Vol. I (PDF, SHA-256 7c5ee3128b0b6bc7…, copy retrieved via https://data.opencity.in/dataset/crime-in-india-2022) — see data/raw/ncrb/2022/PROVENANCE.md."
2022,2022-01-01,2022-12-31,state,ML,Meghalaya,pocso_victims_age,victims,age_band,lt6,21.0,victims,NCRB,1,2022-12-31,2026-09-25,Table 4A.9 (PDF p. 422-423),Crime in India 2022,https://ncrb.gov.in/en/crime-india,"Extracted from NCRB Crime in India 2022, Vol. I (PDF, SHA-256 7c5ee3128b0b6bc7…, copy retrieved via https://data.opencity.in/dataset/crime-in-india-2022) — see data/raw/ncrb/2022/PROVENANCE.md."
2022,2022-01-01,2022-12-31,state,ML,Meghalaya,pocso_victims_age,victims,age_band,total,299.0,victims,NCRB,1,2022-12-31,2026-09-25,Table 4A.9 (PDF p. 422-423),Crime in India 2022,https://ncrb.gov.in/en/crime-india,"Extracted from NCRB Crime in India 2022, Vol. I (PDF, SHA-256 7c5ee3128b0b6bc7…, copy retrieved via https://data.opencity.in/dataset/crime-in-india-2022) — see data/raw/ncrb/2022/PROVENANCE.md."
2023,2023-01-01,2023-12-31,state,ML,Meghalaya,pocso_victims_age,victims,age_band,12_16,167.0,victims,NCRB,1,2023-12-31,2026-09-25,Table 4A.9 (PDF p. 422-423),Crime in India 2023,https://ncrb.gov.in/en/crime-india,"Extracted from NCRB Crime in India 2023, Vol. I (PDF, SHA-256 553ac8b2eadfe9e2…, copy retrieved via https://data.opencity.in/dataset/crime-in-india-2023) — see data/raw/ncrb/2023/PROVENANCE.md."
2023,2023-01-01,2023-12-31,state,ML,Meghalaya,pocso_victims_age,victims,age_band,16_18,52.0,victims,NCRB,1,2023-12-31,2026-09-25,Table 4A.9 (PDF p. 422-423),Crime in India 2023,https://ncrb.gov.in/en/crime-india,"Extracted from NCRB Crime in India 2023, Vol. I (PDF, SHA-256 553ac8b2eadfe9e2…, copy retrieved via https://data.opencity.in/dataset/crime-in-india-2023) — see data/raw/ncrb/2023/PROVENANCE.md."
2023,2023-01-01,2023-12-31,state,ML,Meghalaya,pocso_victims_age,victims,age_band,6_12,121.0,victims,NCRB,1,2023-12-31,2026-09-25,Table 4A.9 (PDF p. 422-423),Crime in India 2023,https://ncrb.gov.in/en/crime-india,"Extracted from NCRB Crime in India 2023, Vol. I (PDF, SHA-256 553ac8b2eadfe9e2…, copy retrieved via https://data.opencity.in/dataset/crime-in-india-2023) — see data/raw/ncrb/2023/PROVENANCE.md."
2023,2023-01-01,2023-12-31,state,ML,Meghalaya,pocso_victims_age,victims,age_band,lt6,15.0,victims,NCRB,1,2023-12-31,2026-09-25,Table 4A.9 (PDF p. 422-423),Crime in India 2023,https://ncrb.gov.in/en/crime-india,"Extracted from NCRB Crime in India 2023, Vol. I (PDF, SHA-256 553ac8b2eadfe9e2…, copy retrieved via https://data.opencity.in/dataset/crime-in-india-2023) — see data/raw/ncrb/2023/PROVENANCE.md."
2023,2023-01-01,2023-12-31,state,ML,Meghalaya,pocso_victims_age,victims,age_band,total,355.0,victims,NCRB,1,2023-12-31,2026-09-25,Table 4A.9 (PDF p. 422-423),Crime in India 2023,https://ncrb.gov.in/en/crime-india,"Extracted from NCRB Crime in India 2023, Vol. I (PDF, SHA-256 553ac8b2eadfe9e2…, copy retrieved via https://data.opencity.in/dataset/crime-in-india-2023) — see data/raw/ncrb/2023/PROVENANCE.md."
2024,2024-01-01,2024-12-31,state,ML,Meghalaya,pocso_victims_age,victims,age_band,12_16,141.0,victims,NCRB,1,2024-12-31,2026-09-25,Table 4A.9 (PDF p. 525-526),Crime in India 2024,https://ncrb.gov.in/en/crime-india,"Extracted from NCRB Crime in India 2024, Vol. I (PDF, SHA-256 75b827bdcfcd5e64…, copy retrieved via https://data.opencity.in/dataset/crime-in-india-2024) — see data/raw/ncrb/2024/PROVENANCE.md."
2024,2024-01-01,2024-12-31,state,ML,Meghalaya,pocso_victims_age,victims,age_band,16_18,132.0,victims,NCRB,1,2024-12-31,2026-09-25,Table 4A.9 (PDF p. 525-526),Crime in India 2024,https://ncrb.gov.in/en/crime-india,"Extracted from NCRB Crime in India 2024, Vol. I (PDF, SHA-256 75b827bdcfcd5e64…, copy retrieved via https://data.opencity.in/dataset/crime-in-india-2024) — see data/raw/ncrb/2024/PROVENANCE.md."
2024,2024-01-01,2024-12-31,state,ML,Meghalaya,pocso_victims_age,victims,age_band,6_12,63.0,victims,NCRB,1,2024-12-31,2026-09-25,Table 4A.9 (PDF p. 525-526),Crime in India 2024,https://ncrb.gov.in/en/crime-india,"Extracted from NCRB Crime in India 2024, Vol. I (PDF, SHA-256 75b827bdcfcd5e64…, copy retrieved via https://data.opencity.in/dataset/crime-in-india-2024) — see data/raw/ncrb/2024/PROVENANCE.md."
2024,2024-01-01,2024-12-31,state,ML,Meghalaya,pocso_victims_age,victims,age_band,lt6,17.0,victims,NCRB,1,2024-12-31,2026-09-25,Table 4A.9 (PDF p. 525-526),Crime in India 2024,https://ncrb.gov.in/en/crime-india,"Extracted from NCRB Crime in India 2024, Vol. I (PDF, SHA-256 75b827bdcfcd5e64…, copy retrieved via https://data.opencity.in/dataset/crime-in-india-2024) — see data/raw/ncrb/2024/PROVENANCE.md."
2024,2024-01-01,2024-12-31,state,ML,Meghalaya,pocso_victims_age,victims,age_band,total,353.0,victims,NCRB,1,2024-12-31,2026-09-25,Table 4A.9 (PDF p. 525-526),Crime in India 2024,https://ncrb.gov.in/en/crime-india,"Extracted from NCRB Crime in India 2024, Vol. I (PDF, SHA-256 75b827bdcfcd5e64…, copy retrieved via https://data.opencity.in/dataset/crime-in-india-2024) — see data/raw/ncrb/2024/PROVENANCE.md."
2022,2022-01-01,2022-12-31,state,MN,Manipur,pocso_victims_age,victims,age_band,12_16,19.0,victims,NCRB,1,2022-12-31,2026-09-25,Table 4A.9 (PDF p. 422-423),Crime in India 2022,https://ncrb.gov.in/en/crime-india,"Extracted from NCRB Crime in India 2022, Vol. I (PDF, SHA-256 7c5ee3128b0b6bc7…, copy retrieved via https://data.opencity.in/dataset/crime-in-india-2022) — see data/raw/ncrb/2022/PROVENANCE.md."
2022,2022-01-01,2022-12-31,state,MN,Manipur,pocso_victims_age,victims,age_band,16_18,14.0,victims,NCRB,1,2022-12-31,2026-09-25,Table 4A.9 (PDF p. 422-423),Crime in India 2022,https://ncrb.gov.in/en/crime-india,"Extracted from NCRB Crime in India 2022, Vol. I (PDF, SHA-256 7c5ee3128b0b6bc7…, copy retrieved via https://data.opencity.in/dataset/crime-in-india-2022) — see data/raw/ncrb/2022/PROVENANCE.md."
2022,2022-01-01,2022-12-31,state,MN,Manipur,pocso_victims_age,victims,age_band,6_12,11.0,victims,NCRB,1,2022-12-31,2026-09-25,Table 4A.9 (PDF p. 422-423),Crime in India 2022,https://ncrb.gov.in/en/crime-india,"Extracted from NCRB Crime in India 2022, Vol. I (PDF, SHA-256 7c5ee3128b0b6bc7…, copy retrieved via https://data.opencity.in/dataset/crime-in-india-2022) — see data/raw/ncrb/2022/PROVENANCE.md."
2022,2022-01-01,2022-12-31,state,MN,Manipur,pocso_victims_age,victims,age_band,lt6,1.0,victims,NCRB,1,2022-12-31,2026-09-25,Table 4A.9 (PDF p. 422-423),Crime in India 2022,https://ncrb.gov.in/en/crime-india,"Extracted from NCRB Crime in India 2022, Vol. I (PDF, SHA-256 7c5ee3128b0b6bc7…, copy retrieved via https://data.opencity.in/dataset/crime-in-india-2022) — see data/raw/ncrb/2022/PROVENANCE.md."
2022,2022-01-01,2022-12-31,state,MN,Manipur,pocso_victims_age,victims,age_band,total,45.0,victims,NCRB,1,2022-12-31,2026-09-25,Table 4A.9 (PDF p. 422-423),Crime in India 2022,https://ncrb.gov.in/en/crime-india,"Extracted from NCRB Crime in India 2022, Vol. I (PDF, SHA-256 7c5ee3128b0b6bc7…, copy retrieved via https://data.opencity.in/dataset/crime-in-india-2022) — see data/raw/ncrb/2022/PROVENANCE.md."
2023,2023-01-01,2023-12-31,state,MN,Manipur,pocso_victims_age,victims,age_band,12_16,29.0,victims,NCRB,1,2023-12-31,2026-09-25,Table 4A.9 (PDF p. 422-423),Crime in India 2023,https://ncrb.gov.in/en/crime-india,"Extracted from NCRB Crime in India 2023, Vol. I (PDF, SHA-256 553ac8b2eadfe9e2…, copy retrieved via https://data.opencity.in/dataset/crime-in-india-2023) — see data/raw/ncrb/2023/PROVENANCE.md."
2023,2023-01-01,2023-12-31,state,MN,Manipur,pocso_victims_age,victims,age_band,16_18,5.0,victims,NCRB,1,2023-12-31,2026-09-25,Table 4A.9 (PDF p. 422-423),Crime in India 2023,https://ncrb.gov.in/en/crime-india,"Extracted from NCRB Crime in India 2023, Vol. I (PDF, SHA-256 553ac8b2eadfe9e2…, copy retrieved via https://data.opencity.in/dataset/crime-in-india-2023) — see data/raw/ncrb/2023/PROVENANCE.md."
2023,2023-01-01,2023-12-31,state,MN,Manipur,pocso_victims_age,victims,age_band,6_12,8.0,victims,NCRB,1,2023-12-31,2026-09-25,Table 4A.9 (PDF p. 422-423),Crime in India 2023,https://ncrb.gov.in/en/crime-india,"Extracted from NCRB Crime in India 2023, Vol. I (PDF, SHA-256 553ac8b2eadfe9e2…, copy retrieved via https://data.opencity.in/dataset/crime-in-india-2023) — see data/raw/ncrb/2023/PROVENANCE.md."
2023,2023-01-01,2023-12-31,state,MN,Manipur,pocso_victims_age,victims,age_band,lt6,3.0,victims,NCRB,1,2023-12-31,2026-09-25,Table 4A.9 (PDF p. 422-423),Crime in India 2023,https://ncrb.gov.in/en/crime-india,"Extracted from NCRB Crime in India 2023, Vol. I (PDF, SHA-256 553ac8b2eadfe9e2…, copy retrieved via https://data.opencity.in/dataset/crime-in-india-2023) — see data/raw/ncrb/2023/PROVENANCE.md."
2023,2023-01-01,2023-12-31,state,MN,Manipur,pocso_victims_age,victims,age_band,total,45.0,victims,NCRB,1,2023-12-31,2026-09-25,Table 4A.9 (PDF p. 422-423),Crime in India 2023,https://ncrb.gov.in/en/crime-india,"Extracted from NCRB Crime in India 2023, Vol. I (PDF, SHA-256 553ac8b2eadfe9e2…, copy retrieved via https://data.opencity.in/dataset/crime-in-india-2023) — see data/raw/ncrb/2023/PROVENANCE.md."
2024,2024-01-01,2024-12-31,state,MN,Manipur,pocso_victims_age,victims,age_band,12_16,16.0,victims,NCRB,1,2024-12-31,2026-09-25,Table 4A.9 (PDF p. 525-526),Crime in India 2024,https://ncrb.gov.in/en/crime-india,"Extracted from NCRB Crime in India 2024, Vol. I (PDF, SHA-256 75b827bdcfcd5e64…, copy retrieved via https://data.opencity.in/dataset/crime-in-india-2024) — see data/raw/ncrb/2024/PROVENANCE.md."
2024,2024-01-01,2024-12-31,state,MN,Manipur,pocso_victims_age,victims,age_band,16_18,24.0,victims,NCRB,1,2024-12-31,2026-09-25,Table 4A.9 (PDF p. 525-526),Crime in India 2024,https://ncrb.gov.in/en/crime-india,"Extracted from NCRB Crime in India 2024, Vol. I (PDF, SHA-256 75b827bdcfcd5e64…, copy retrieved via https://data.opencity.in/dataset/crime-in-india-2024) — see data/raw/ncrb/2024/PROVENANCE.md."
2024,2024-01-01,2024-12-31,state,MN,Manipur,pocso_victims_age,victims,age_band,6_12,8.0,victims,NCRB,1,2024-12-31,2026-09-25,Table 4A.9 (PDF p. 525-526),Crime in India 2024,https://ncrb.gov.in/en/crime-india,"Extracted from NCRB Crime in India 2024, Vol. I (PDF, SHA-256 75b827bdcfcd5e64…, copy retrieved via https://data.opencity.in/dataset/crime-in-india-2024) — see data/raw/ncrb/2024/PROVENANCE.md."
2024,2024-01-01,2024-12-31,state,MN,Manipur,pocso_victims_age,victims,age_band,lt6,6.0,victims,NCRB,1,2024-12-31,2026-09-25,Table 4A.9 (PDF p. 525-526),Crime in India 2024,https://ncrb.gov.in/en/crime-india,"Extracted from NCRB Crime in India 2024, Vol. I (PDF, SHA-256 75b827bdcfcd5e64…, copy retrieved via https://data.opencity.in/dataset/crime-in-india-2024) — see data/raw/ncrb/2024/PROVENANCE.md."
2024,2024-01-01,2024-12-31,state,MN,Manipur,pocso_victims_age,victims,age_band,total,54.0,victims,NCRB,1,2024-12-31,2026-09-25,Table 4A.9 (PDF p. 525-526),Crime in India 2024,https://ncrb.gov.in/en/crime-india,"Extracted from NCRB Crime in India 2024, Vol. I (PDF, SHA-256 75b827bdcfcd5e64…, copy retrieved via https://data.opencity.in/dataset/crime-in-india-2024) — see data/raw/ncrb/2024/PROVENANCE.md."
2022,2022-01-01,2022-12-31,state,MP,Madhya Pradesh,pocso_victims_age,victims,age_band,12_16,1532.0,victims,NCRB,1,2022-12-31,2026-09-25,Table 4A.9 (PDF p. 422-423),Crime in India 2022,https://ncrb.gov.in/en/crime-india,"Extracted from NCRB Crime in India 2022, Vol. I (PDF, SHA-256 7c5ee3128b0b6bc7…, copy retrieved via https://data.opencity.in/dataset/crime-in-india-2022) — see data/raw/ncrb/2022/PROVENANCE.md."
2022,2022-01-01,2022-12-31,state,MP,Madhya Pradesh,pocso_victims_age,victims,age_band,16_18,1861.0,victims,NCRB,1,2022-12-31,2026-09-25,Table 4A.9 (PDF p. 422-423),Crime in India 2022,https://ncrb.gov.in/en/crime-india,"Extracted from NCRB Crime in India 2022, Vol. I (PDF, SHA-256 7c5ee3128b0b6bc7…, copy retrieved via https://data.opencity.in/dataset/crime-in-india-2022) — see data/raw/ncrb/2022/PROVENANCE.md."
2022,2022-01-01,2022-12-31,state,MP,Madhya Pradesh,pocso_victims_age,victims,age_band,6_12,195.0,victims,NCRB,1,2022-12-31,2026-09-25,Table 4A.9 (PDF p. 422-423),Crime in India 2022,https://ncrb.gov.in/en/crime-india,"Extracted from NCRB Crime in India 2022, Vol. I (PDF, SHA-256 7c5ee3128b0b6bc7…, copy retrieved via https://data.opencity.in/dataset/crime-in-india-2022) — see data/raw/ncrb/2022/PROVENANCE.md."
2022,2022-01-01,2022-12-31,state,MP,Madhya Pradesh,pocso_victims_age,victims,age_band,lt6,70.0,victims,NCRB,1,2022-12-31,2026-09-25,Table 4A.9 (PDF p. 422-423),Crime in India 2022,https://ncrb.gov.in/en/crime-india,"Extracted from NCRB Crime in India 2022, Vol. I (PDF, SHA-256 7c5ee3128b0b6bc7…, copy retrieved via https://data.opencity.in/dataset/crime-in-india-2022) — see data/raw/ncrb/2022/PROVENANCE.md."
2022,2022-01-01,2022-12-31,state,MP,Madhya Pradesh,pocso_victims_age,victims,age_band,total,3658.0,victims,NCRB,1,2022-12-31,2026-09-25,Table 4A.9 (PDF p. 422-423),Crime in India 2022,https://ncrb.gov.in/en/crime-india,"Extracted from NCRB Crime in India 2022, Vol. I (PDF, SHA-256 7c5ee3128b0b6bc7…, copy retrieved via https://data.opencity.in/dataset/crime-in-india-2022) — see data/raw/ncrb/2022/PROVENANCE.md."
2023,2023-01-01,2023-12-31,state,MP,Madhya Pradesh,pocso_victims_age,victims,age_band,12_16,1567.0,victims,NCRB,1,2023-12-31,2026-09-25,Table 4A.9 (PDF p. 422-423),Crime in India 2023,https://ncrb.gov.in/en/crime-india,"Extracted from NCRB Crime in India 2023, Vol. I (PDF, SHA-256 553ac8b2eadfe9e2…, copy retrieved via https://data.opencity.in/dataset/crime-in-india-2023) — see data/raw/ncrb/2023/PROVENANCE.md."
2023,2023-01-01,2023-12-31,state,MP,Madhya Pradesh,pocso_victims_age,victims,age_band,16_18,2018.0,victims,NCRB,1,2023-12-31,2026-09-25,Table 4A.9 (PDF p. 422-423),Crime in India 2023,https://ncrb.gov.in/en/crime-india,"Extracted from NCRB Crime in India 2023, Vol. I (PDF, SHA-256 553ac8b2eadfe9e2…, copy retrieved via https://data.opencity.in/dataset/crime-in-india-2023) — see data/raw/ncrb/2023/PROVENANCE.md."
2023,2023-01-01,2023-12-31,state,MP,Madhya Pradesh,pocso_victims_age,victims,age_band,6_12,246.0,victims,NCRB,1,2023-12-31,2026-09-25,Table 4A.9 (PDF p. 422-423),Crime in India 2023,https://ncrb.gov.in/en/crime-india,"Extracted from NCRB Crime in India 2023, Vol. I (PDF, SHA-256 553ac8b2eadfe9e2…, copy retrieved via https://data.opencity.in/dataset/crime-in-india-2023) — see data/raw/ncrb/2023/PROVENANCE.md."
2023,2023-01-01,2023-12-31,state,MP,Madhya Pradesh,pocso_victims_age,victims,age_band,lt6,62.0,victims,NCRB,1,2023-12-31,2026-09-25,Table 4A.9 (PDF p. 422-423),Crime in India 2023,https://ncrb.gov.in/en/crime-india,"Extracted from NCRB Crime in India 2023, Vol. I (PDF, SHA-256 553ac8b2eadfe9e2…, copy retrieved via https://data.opencity.in/dataset/crime-in-india-2023) — see data/raw/ncrb/2023/PROVENANCE.md."
2023,2023-01-01,2023-12-31,state,MP,Madhya Pradesh,pocso_victims_age,victims,age_band,total,3893.0,victims,NCRB,1,2023-12-31,2026-09-25,Table 4A.9 (PDF p. 422-423),Crime in India 2023,https://ncrb.gov.in/en/crime-india,"Extracted from NCRB Crime in India 2023, Vol. I (PDF, SHA-256 553ac8b2eadfe9e2…, copy retrieved via https://data.opencity.in/dataset/crime-in-india-2023) — see data/raw/ncrb/2023/PROVENANCE.md."
2024,2024-01-01,2024-12-31,state,MP,Madhya Pradesh,pocso_victims_age,victims,age_band,12_16,1551.0,victims,NCRB,1,2024-12-31,2026-09-25,Table 4A.9 (PDF p. 525-526),Crime in India 2024,https://ncrb.gov.in/en/crime-india,"Extracted from NCRB Crime in India 2024, Vol. I (PDF, SHA-256 75b827bdcfcd5e64…, copy retrieved via https://data.opencity.in/dataset/crime-in-india-2024) — see data/raw/ncrb/2024/PROVENANCE.md."
2024,2024-01-01,2024-12-31,state,MP,Madhya Pradesh,pocso_victims_age,victims,age_band,16_18,1937.0,victims,NCRB,1,2024-12-31,2026-09-25,Table 4A.9 (PDF p. 525-526),Crime in India 2024,https://ncrb.gov.in/en/crime-india,"Extracted from NCRB Crime in India 2024, Vol. I (PDF, SHA-256 75b827bdcfcd5e64…, copy retrieved via https://data.opencity.in/dataset/crime-in-india-2024) — see data/raw/ncrb/2024/PROVENANCE.md."
2024,2024-01-01,2024-12-31,state,MP,Madhya Pradesh,pocso_victims_age,victims,age_band,6_12,193.0,victims,NCRB,1,2024-12-31,2026-09-25,Table 4A.9 (PDF p. 525-526),Crime in India 2024,https://ncrb.gov.in/en/crime-india,"Extracted from NCRB Crime in India 2024, Vol. I (PDF, SHA-256 75b827bdcfcd5e64…, copy retrieved via https://data.opencity.in/dataset/crime-in-india-2024) — see data/raw/ncrb/2024/PROVENANCE.md."
2024,2024-01-01,2024-12-31,state,MP,Madhya Pradesh,pocso_victims_age,victims,age_band,lt6,49.0,victims,NCRB,1,2024-12-31,2026-09-25,Table 4A.9 (PDF p. 525-526),Crime in India 2024,https://ncrb.gov.in/en/crime-india,"Extracted from NCRB Crime in India 2024, Vol. I (PDF, SHA-256 75b827bdcfcd5e64…, copy retrieved via https://data.opencity.in/dataset/crime-in-india-2024) — see data/raw/ncrb/2024/PROVENANCE.md."
2024,2024-01-01,2024-12-31,state,MP,Madhya Pradesh,pocso_victims_age,victims,age_band,total,3730.0,victims,NCRB,1,2024-12-31,2026-09-25,Table 4A.9 (PDF p. 525-526),Crime in India 2024,https://ncrb.gov.in/en/crime-india,"Extracted from NCRB Crime in India 2024, Vol. I (PDF, SHA-256 75b827bdcfcd5e64…, copy retrieved via https://data.opencity.in/dataset/crime-in-india-2024) — see data/raw/ncrb/2024/PROVENANCE.md."
2022,2022-01-01,2022-12-31,state,MZ,Mizoram,pocso_victims_age,victims,age_band,12_16,19.0,victims,NCRB,1,2022-12-31,2026-09-25,Table 4A.9 (PDF p. 422-423),Crime in India 2022,https://ncrb.gov.in/en/crime-india,"Extracted from NCRB Crime in India 2022, Vol. I (PDF, SHA-256 7c5ee3128b0b6bc7…, copy retrieved via https://data.opencity.in/dataset/crime-in-india-2022) — see data/raw/ncrb/2022/PROVENANCE.md."
2022,2022-01-01,2022-12-31,state,MZ,Mizoram,pocso_victims_age,victims,age_band,16_18,8.0,victims,NCRB,1,2022-12-31,2026-09-25,Table 4A.9 (PDF p. 422-423),Crime in India 2022,https://ncrb.gov.in/en/crime-india,"Extracted from NCRB Crime in India 2022, Vol. I (PDF, SHA-256 7c5ee3128b0b6bc7…, copy retrieved via https://data.opencity.in/dataset/crime-in-india-2022) — see data/raw/ncrb/2022/PROVENANCE.md."
2022,2022-01-01,2022-12-31,state,MZ,Mizoram,pocso_victims_age,victims,age_band,6_12,27.0,victims,NCRB,1,2022-12-31,2026-09-25,Table 4A.9 (PDF p. 422-423),Crime in India 2022,https://ncrb.gov.in/en/crime-india,"Extracted from NCRB Crime in India 2022, Vol. I (PDF, SHA-256 7c5ee3128b0b6bc7…, copy retrieved via https://data.opencity.in/dataset/crime-in-india-2022) — see data/raw/ncrb/2022/PROVENANCE.md."
2022,2022-01-01,2022-12-31,state,MZ,Mizoram,pocso_victims_age,victims,age_band,lt6,11.0,victims,NCRB,1,2022-12-31,2026-09-25,Table 4A.9 (PDF p. 422-423),Crime in India 2022,https://ncrb.gov.in/en/crime-india,"Extracted from NCRB Crime in India 2022, Vol. I (PDF, SHA-256 7c5ee3128b0b6bc7…, copy retrieved via https://data.opencity.in/dataset/crime-in-india-2022) — see data/raw/ncrb/2022/PROVENANCE.md."
2022,2022-01-01,2022-12-31,state,MZ,Mizoram,pocso_victims_age,victims,age_band,total,65.0,victims,NCRB,1,2022-12-31,2026-09-25,Table 4A.9 (PDF p. 422-423),Crime in India 2022,https://ncrb.gov.in/en/crime-india,"Extracted from NCRB Crime in India 2022, Vol. I (PDF, SHA-256 7c5ee3128b0b6bc7…, copy retrieved via https://data.opencity.in/dataset/crime-in-india-2022) — see data/raw/ncrb/2022/PROVENANCE.md."
2023,2023-01-01,2023-12-31,state,MZ,Mizoram,pocso_victims_age,victims,age_band,12_16,36.0,victims,NCRB,1,2023-12-31,2026-09-25,Table 4A.9 (PDF p. 422-423),Crime in India 2023,https://ncrb.gov.in/en/crime-india,"Extracted from NCRB Crime in India 2023, Vol. I (PDF, SHA-256 553ac8b2eadfe9e2…, copy retrieved via https://data.opencity.in/dataset/crime-in-india-2023) — see data/raw/ncrb/2023/PROVENANCE.md."
2023,2023-01-01,2023-12-31,state,MZ,Mizoram,pocso_victims_age,victims,age_band,16_18,10.0,victims,NCRB,1,2023-12-31,2026-09-25,Table 4A.9 (PDF p. 422-423),Crime in India 2023,https://ncrb.gov.in/en/crime-india,"Extracted from NCRB Crime in India 2023, Vol. I (PDF, SHA-256 553ac8b2eadfe9e2…, copy retrieved via https://data.opencity.in/dataset/crime-in-india-2023) — see data/raw/ncrb/2023/PROVENANCE.md."
2023,2023-01-01,2023-12-31,state,MZ,Mizoram,pocso_victims_age,victims,age_band,6_12,26.0,victims,NCRB,1,2023-12-31,2026-09-25,Table 4A.9 (PDF p. 422-423),Crime in India 2023,https://ncrb.gov.in/en/crime-india,"Extracted from NCRB Crime in India 2023, Vol. I (PDF, SHA-256 553ac8b2eadfe9e2…, copy retrieved via https://data.opencity.in/dataset/crime-in-india-2023) — see data/raw/ncrb/2023/PROVENANCE.md."
2023,2023-01-01,2023-12-31,state,MZ,Mizoram,pocso_victims_age,victims,age_band,lt6,4.0,victims,NCRB,1,2023-12-31,2026-09-25,Table 4A.9 (PDF p. 422-423),Crime in India 2023,https://ncrb.gov.in/en/crime-india,"Extracted from NCRB Crime in India 2023, Vol. I (PDF, SHA-256 553ac8b2eadfe9e2…, copy retrieved via https://data.opencity.in/dataset/crime-in-india-2023) — see data/raw/ncrb/2023/PROVENANCE.md."
2023,2023-01-01,2023-12-31,state,MZ,Mizoram,pocso_victims_age,victims,age_band,total,76.0,victims,NCRB,1,2023-12-31,2026-09-25,Table 4A.9 (PDF p. 422-423),Crime in India 2023,https://ncrb.gov.in/en/crime-india,"Extracted from NCRB Crime in India 2023, Vol. I (PDF, SHA-256 553ac8b2eadfe9e2…, copy retrieved via https://data.opencity.in/dataset/crime-in-india-2023) — see data/raw/ncrb/2023/PROVENANCE.md."
2024,2024-01-01,2024-12-31,state,MZ,Mizoram,pocso_victims_age,victims,age_band,12_16,53.0,victims,NCRB,1,2024-12-31,2026-09-25,Table 4A.9 (PDF p. 525-526),Crime in India 2024,https://ncrb.gov.in/en/crime-india,"Extracted from NCRB Crime in India 2024, Vol. I (PDF, SHA-256 75b827bdcfcd5e64…, copy retrieved via https://data.opencity.in/dataset/crime-in-india-2024) — see data/raw/ncrb/2024/PROVENANCE.md."
2024,2024-01-01,2024-12-31,state,MZ,Mizoram,pocso_victims_age,victims,age_band,16_18,16.0,victims,NCRB,1,2024-12-31,2026-09-25,Table 4A.9 (PDF p. 525-526),Crime in India 2024,https://ncrb.gov.in/en/crime-india,"Extracted from NCRB Crime in India 2024, Vol. I (PDF, SHA-256 75b827bdcfcd5e64…, copy retrieved via https://data.opencity.in/dataset/crime-in-india-2024) — see data/raw/ncrb/2024/PROVENANCE.md."
2024,2024-01-01,2024-12-31,state,MZ,Mizoram,pocso_victims_age,victims,age_band,6_12,27.0,victims,NCRB,1,2024-12-31,2026-09-25,Table 4A.9 (PDF p. 525-526),Crime in India 2024,https://ncrb.gov.in/en/crime-india,"Extracted from NCRB Crime in India 2024, Vol. I (PDF, SHA-256 75b827bdcfcd5e64…, copy retrieved via https://data.opencity.in/dataset/crime-in-india-2024) — see data/raw/ncrb/2024/PROVENANCE.md."
2024,2024-01-01,2024-12-31,state,MZ,Mizoram,pocso_victims_age,victims,age_band,lt6,10.0,victims,NCRB,1,2024-12-31,2026-09-25,Table 4A.9 (PDF p. 525-526),Crime in India 2024,https://ncrb.gov.in/en/crime-india,"Extracted from NCRB Crime in India 2024, Vol. I (PDF, SHA-256 75b827bdcfcd5e64…, copy retrieved via https://data.opencity.in/dataset/crime-in-india-2024) — see data/raw/ncrb/2024/PROVENANCE.md."
2024,2024-01-01,2024-12-31,state,MZ,Mizoram,pocso_victims_age,victims,age_band,total,106.0,victims,NCRB,1,2024-12-31,2026-09-25,Table 4A.9 (PDF p. 525-526),Crime in India 2024,https://ncrb.gov.in/en/crime-india,"Extracted from NCRB Crime in India 2024, Vol. I (PDF, SHA-256 75b827bdcfcd5e64…, copy retrieved via https://data.opencity.in/dataset/crime-in-india-2024) — see data/raw/ncrb/2024/PROVENANCE.md."
2022,2022-01-01,2022-12-31,state,NL,Nagaland,pocso_victims_age,victims,age_band,12_16,13.0,victims,NCRB,1,2022-12-31,2026-09-25,Table 4A.9 (PDF p. 422-423),Crime in India 2022,https://ncrb.gov.in/en/crime-india,"Extracted from NCRB Crime in India 2022, Vol. I (PDF, SHA-256 7c5ee3128b0b6bc7…, copy retrieved via https://data.opencity.in/dataset/crime-in-india-2022) — see data/raw/ncrb/2022/PROVENANCE.md."
2022,2022-01-01,2022-12-31,state,NL,Nagaland,pocso_victims_age,victims,age_band,16_18,2.0,victims,NCRB,1,2022-12-31,2026-09-25,Table 4A.9 (PDF p. 422-423),Crime in India 2022,https://ncrb.gov.in/en/crime-india,"Extracted from NCRB Crime in India 2022, Vol. I (PDF, SHA-256 7c5ee3128b0b6bc7…, copy retrieved via https://data.opencity.in/dataset/crime-in-india-2022) — see data/raw/ncrb/2022/PROVENANCE.md."
2022,2022-01-01,2022-12-31,state,NL,Nagaland,pocso_victims_age,victims,age_band,6_12,7.0,victims,NCRB,1,2022-12-31,2026-09-25,Table 4A.9 (PDF p. 422-423),Crime in India 2022,https://ncrb.gov.in/en/crime-india,"Extracted from NCRB Crime in India 2022, Vol. I (PDF, SHA-256 7c5ee3128b0b6bc7…, copy retrieved via https://data.opencity.in/dataset/crime-in-india-2022) — see data/raw/ncrb/2022/PROVENANCE.md."
2022,2022-01-01,2022-12-31,state,NL,Nagaland,pocso_victims_age,victims,age_band,lt6,0.0,victims,NCRB,1,2022-12-31,2026-09-25,Table 4A.9 (PDF p. 422-423),Crime in India 2022,https://ncrb.gov.in/en/crime-india,"Extracted from NCRB Crime in India 2022, Vol. I (PDF, SHA-256 7c5ee3128b0b6bc7…, copy retrieved via https://data.opencity.in/dataset/crime-in-india-2022) — see data/raw/ncrb/2022/PROVENANCE.md."
2022,2022-01-01,2022-12-31,state,NL,Nagaland,pocso_victims_age,victims,age_band,total,22.0,victims,NCRB,1,2022-12-31,2026-09-25,Table 4A.9 (PDF p. 422-423),Crime in India 2022,https://ncrb.gov.in/en/crime-india,"Extracted from NCRB Crime in India 2022, Vol. I (PDF, SHA-256 7c5ee3128b0b6bc7…, copy retrieved via https://data.opencity.in/dataset/crime-in-india-2022) — see data/raw/ncrb/2022/PROVENANCE.md."
2023,2023-01-01,2023-12-31,state,NL,Nagaland,pocso_victims_age,victims,age_band,12_16,6.0,victims,NCRB,1,2023-12-31,2026-09-25,Table 4A.9 (PDF p. 422-423),Crime in India 2023,https://ncrb.gov.in/en/crime-india,"Extracted from NCRB Crime in India 2023, Vol. I (PDF, SHA-256 553ac8b2eadfe9e2…, copy retrieved via https://data.opencity.in/dataset/crime-in-india-2023) — see data/raw/ncrb/2023/PROVENANCE.md."
2023,2023-01-01,2023-12-31,state,NL,Nagaland,pocso_victims_age,victims,age_band,16_18,0.0,victims,NCRB,1,2023-12-31,2026-09-25,Table 4A.9 (PDF p. 422-423),Crime in India 2023,https://ncrb.gov.in/en/crime-india,"Extracted from NCRB Crime in India 2023, Vol. I (PDF, SHA-256 553ac8b2eadfe9e2…, copy retrieved via https://data.opencity.in/dataset/crime-in-india-2023) — see data/raw/ncrb/2023/PROVENANCE.md."
2023,2023-01-01,2023-12-31,state,NL,Nagaland,pocso_victims_age,victims,age_band,6_12,0.0,victims,NCRB,1,2023-12-31,2026-09-25,Table 4A.9 (PDF p. 422-423),Crime in India 2023,https://ncrb.gov.in/en/crime-india,"Extracted from NCRB Crime in India 2023, Vol. I (PDF, SHA-256 553ac8b2eadfe9e2…, copy retrieved via https://data.opencity.in/dataset/crime-in-india-2023) — see data/raw/ncrb/2023/PROVENANCE.md."
2023,2023-01-01,2023-12-31,state,NL,Nagaland,pocso_victims_age,victims,age_band,lt6,1.0,victims,NCRB,1,2023-12-31,2026-09-25,Table 4A.9 (PDF p. 422-423),Crime in India 2023,https://ncrb.gov.in/en/crime-india,"Extracted from NCRB Crime in India 2023, Vol. I (PDF, SHA-256 553ac8b2eadfe9e2…, copy retrieved via https://data.opencity.in/dataset/crime-in-india-2023) — see data/raw/ncrb/2023/PROVENANCE.md."
2023,2023-01-01,2023-12-31,state,NL,Nagaland,pocso_victims_age,victims,age_band,total,7.0,victims,NCRB,1,2023-12-31,2026-09-25,Table 4A.9 (PDF p. 422-423),Crime in India 2023,https://ncrb.gov.in/en/crime-india,"Extracted from NCRB Crime in India 2023, Vol. I (PDF, SHA-256 553ac8b2eadfe9e2…, copy retrieved via https://data.opencity.in/dataset/crime-in-india-2023) — see data/raw/ncrb/2023/PROVENANCE.md."
2024,2024-01-01,2024-12-31,state,NL,Nagaland,pocso_victims_age,victims,age_band,12_16,6.0,victims,NCRB,1,2024-12-31,2026-09-25,Table 4A.9 (PDF p. 525-526),Crime in India 2024,https://ncrb.gov.in/en/crime-india,"Extracted from NCRB Crime in India 2024, Vol. I (PDF, SHA-256 75b827bdcfcd5e64…, copy retrieved via https://data.opencity.in/dataset/crime-in-india-2024) — see data/raw/ncrb/2024/PROVENANCE.md."
2024,2024-01-01,2024-12-31,state,NL,Nagaland,pocso_victims_age,victims,age_band,16_18,3.0,victims,NCRB,1,2024-12-31,2026-09-25,Table 4A.9 (PDF p. 525-526),Crime in India 2024,https://ncrb.gov.in/en/crime-india,"Extracted from NCRB Crime in India 2024, Vol. I (PDF, SHA-256 75b827bdcfcd5e64…, copy retrieved via https://data.opencity.in/dataset/crime-in-india-2024) — see data/raw/ncrb/2024/PROVENANCE.md."
2024,2024-01-01,2024-12-31,state,NL,Nagaland,pocso_victims_age,victims,age_band,6_12,2.0,victims,NCRB,1,2024-12-31,2026-09-25,Table 4A.9 (PDF p. 525-526),Crime in India 2024,https://ncrb.gov.in/en/crime-india,"Extracted from NCRB Crime in India 2024, Vol. I (PDF, SHA-256 75b827bdcfcd5e64…, copy retrieved via https://data.opencity.in/dataset/crime-in-india-2024) — see data/raw/ncrb/2024/PROVENANCE.md."
2024,2024-01-01,2024-12-31,state,NL,Nagaland,pocso_victims_age,victims,age_band,lt6,1.0,victims,NCRB,1,2024-12-31,2026-09-25,Table 4A.9 (PDF p. 525-526),Crime in India 2024,https://ncrb.gov.in/en/crime-india,"Extracted from NCRB Crime in India 2024, Vol. I (PDF, SHA-256 75b827bdcfcd5e64…, copy retrieved via https://data.opencity.in/dataset/crime-in-india-2024) — see data/raw/ncrb/2024/PROVENANCE.md."
2024,2024-01-01,2024-12-31,state,NL,Nagaland,pocso_victims_age,victims,age_band,total,12.0,victims,NCRB,1,2024-12-31,2026-09-25,Table 4A.9 (PDF p. 525-526),Crime in India 2024,https://ncrb.gov.in/en/crime-india,"Extracted from NCRB Crime in India 2024, Vol. I (PDF, SHA-256 75b827bdcfcd5e64…, copy retrieved via https://data.opencity.in/dataset/crime-in-india-2024) — see data/raw/ncrb/2024/PROVENANCE.md."
2022,2022-01-01,2022-12-31,state,OR,Odisha,pocso_victims_age,victims,age_band,12_16,44.0,victims,NCRB,1,2022-12-31,2026-09-25,Table 4A.9 (PDF p. 422-423),Crime in India 2022,https://ncrb.gov.in/en/crime-india,"Extracted from NCRB Crime in India 2022, Vol. I (PDF, SHA-256 7c5ee3128b0b6bc7…, copy retrieved via https://data.opencity.in/dataset/crime-in-india-2022) — see data/raw/ncrb/2022/PROVENANCE.md."
2022,2022-01-01,2022-12-31,state,OR,Odisha,pocso_victims_age,victims,age_band,16_18,1672.0,victims,NCRB,1,2022-12-31,2026-09-25,Table 4A.9 (PDF p. 422-423),Crime in India 2022,https://ncrb.gov.in/en/crime-india,"Extracted from NCRB Crime in India 2022, Vol. I (PDF, SHA-256 7c5ee3128b0b6bc7…, copy retrieved via https://data.opencity.in/dataset/crime-in-india-2022) — see data/raw/ncrb/2022/PROVENANCE.md."
2022,2022-01-01,2022-12-31,state,OR,Odisha,pocso_victims_age,victims,age_band,6_12,1.0,victims,NCRB,1,2022-12-31,2026-09-25,Table 4A.9 (PDF p. 422-423),Crime in India 2022,https://ncrb.gov.in/en/crime-india,"Extracted from NCRB Crime in India 2022, Vol. I (PDF, SHA-256 7c5ee3128b0b6bc7…, copy retrieved via https://data.opencity.in/dataset/crime-in-india-2022) — see data/raw/ncrb/2022/PROVENANCE.md."
2022,2022-01-01,2022-12-31,state,OR,Odisha,pocso_victims_age,victims,age_band,lt6,3.0,victims,NCRB,1,2022-12-31,2026-09-25,Table 4A.9 (PDF p. 422-423),Crime in India 2022,https://ncrb.gov.in/en/crime-india,"Extracted from NCRB Crime in India 2022, Vol. I (PDF, SHA-256 7c5ee3128b0b6bc7…, copy retrieved via https://data.opencity.in/dataset/crime-in-india-2022) — see data/raw/ncrb/2022/PROVENANCE.md."
2022,2022-01-01,2022-12-31,state,OR,Odisha,pocso_victims_age,victims,age_band,total,1720.0,victims,NCRB,1,2022-12-31,2026-09-25,Table 4A.9 (PDF p. 422-423),Crime in India 2022,https://ncrb.gov.in/en/crime-india,"Extracted from NCRB Crime in India 2022, Vol. I (PDF, SHA-256 7c5ee3128b0b6bc7…, copy retrieved via https://data.opencity.in/dataset/crime-in-india-2022) — see data/raw/ncrb/2022/PROVENANCE.md."
2023,2023-01-01,2023-12-31,state,OR,Odisha,pocso_victims_age,victims,age_band,12_16,756.0,victims,NCRB,1,2023-12-31,2026-09-25,Table 4A.9 (PDF p. 422-423),Crime in India 2023,https://ncrb.gov.in/en/crime-india,"Extracted from NCRB Crime in India 2023, Vol. I (PDF, SHA-256 553ac8b2eadfe9e2…, copy retrieved via https://data.opencity.in/dataset/crime-in-india-2023) — see data/raw/ncrb/2023/PROVENANCE.md."
2023,2023-01-01,2023-12-31,state,OR,Odisha,pocso_victims_age,victims,age_band,16_18,875.0,victims,NCRB,1,2023-12-31,2026-09-25,Table 4A.9 (PDF p. 422-423),Crime in India 2023,https://ncrb.gov.in/en/crime-india,"Extracted from NCRB Crime in India 2023, Vol. I (PDF, SHA-256 553ac8b2eadfe9e2…, copy retrieved via https://data.opencity.in/dataset/crime-in-india-2023) — see data/raw/ncrb/2023/PROVENANCE.md."
2023,2023-01-01,2023-12-31,state,OR,Odisha,pocso_victims_age,victims,age_band,6_12,0.0,victims,NCRB,1,2023-12-31,2026-09-25,Table 4A.9 (PDF p. 422-423),Crime in India 2023,https://ncrb.gov.in/en/crime-india,"Extracted from NCRB Crime in India 2023, Vol. I (PDF, SHA-256 553ac8b2eadfe9e2…, copy retrieved via https://data.opencity.in/dataset/crime-in-india-2023) — see data/raw/ncrb/2023/PROVENANCE.md."
2023,2023-01-01,2023-12-31,state,OR,Odisha,pocso_victims_age,victims,age_band,lt6,0.0,victims,NCRB,1,2023-12-31,2026-09-25,Table 4A.9 (PDF p. 422-423),Crime in India 2023,https://ncrb.gov.in/en/crime-india,"Extracted from NCRB Crime in India 2023, Vol. I (PDF, SHA-256 553ac8b2eadfe9e2…, copy retrieved via https://data.opencity.in/dataset/crime-in-india-2023) — see data/raw/ncrb/2023/PROVENANCE.md."
2023,2023-01-01,2023-12-31,state,OR,Odisha,pocso_victims_age,victims,age_band,total,1631.0,victims,NCRB,1,2023-12-31,2026-09-25,Table 4A.9 (PDF p. 422-423),Crime in India 2023,https://ncrb.gov.in/en/crime-india,"Extracted from NCRB Crime in India 2023, Vol. I (PDF, SHA-256 553ac8b2eadfe9e2…, copy retrieved via https://data.opencity.in/dataset/crime-in-india-2023) — see data/raw/ncrb/2023/PROVENANCE.md."
2024,2024-01-01,2024-12-31,state,OR,Odisha,pocso_victims_age,victims,age_band,12_16,326.0,victims,NCRB,1,2024-12-31,2026-09-25,Table 4A.9 (PDF p. 525-526),Crime in India 2024,https://ncrb.gov.in/en/crime-india,"Extracted from NCRB Crime in India 2024, Vol. I (PDF, SHA-256 75b827bdcfcd5e64…, copy retrieved via https://data.opencity.in/dataset/crime-in-india-2024) — see data/raw/ncrb/2024/PROVENANCE.md."
2024,2024-01-01,2024-12-31,state,OR,Odisha,pocso_victims_age,victims,age_band,16_18,1445.0,victims,NCRB,1,2024-12-31,2026-09-25,Table 4A.9 (PDF p. 525-526),Crime in India 2024,https://ncrb.gov.in/en/crime-india,"Extracted from NCRB Crime in India 2024, Vol. I (PDF, SHA-256 75b827bdcfcd5e64…, copy retrieved via https://data.opencity.in/dataset/crime-in-india-2024) — see data/raw/ncrb/2024/PROVENANCE.md."
2024,2024-01-01,2024-12-31,state,OR,Odisha,pocso_victims_age,victims,age_band,6_12,15.0,victims,NCRB,1,2024-12-31,2026-09-25,Table 4A.9 (PDF p. 525-526),Crime in India 2024,https://ncrb.gov.in/en/crime-india,"Extracted from NCRB Crime in India 2024, Vol. I (PDF, SHA-256 75b827bdcfcd5e64…, copy retrieved via https://data.opencity.in/dataset/crime-in-india-2024) — see data/raw/ncrb/2024/PROVENANCE.md."
2024,2024-01-01,2024-12-31,state,OR,Odisha,pocso_victims_age,victims,age_band,lt6,0.0,victims,NCRB,1,2024-12-31,2026-09-25,Table 4A.9 (PDF p. 525-526),Crime in India 2024,https://ncrb.gov.in/en/crime-india,"Extracted from NCRB Crime in India 2024, Vol. I (PDF, SHA-256 75b827bdcfcd5e64…, copy retrieved via https://data.opencity.in/dataset/crime-in-india-2024) — see data/raw/ncrb/2024/PROVENANCE.md."
2024,2024-01-01,2024-12-31,state,OR,Odisha,pocso_victims_age,victims,age_band,total,1786.0,victims,NCRB,1,2024-12-31,2026-09-25,Table 4A.9 (PDF p. 525-526),Crime in India 2024,https://ncrb.gov.in/en/crime-india,"Extracted from NCRB Crime in India 2024, Vol. I (PDF, SHA-256 75b827bdcfcd5e64…, copy retrieved via https://data.opencity.in/dataset/crime-in-india-2024) — see data/raw/ncrb/2024/PROVENANCE.md."
2022,2022-01-01,2022-12-31,state,PB,Punjab,pocso_victims_age,victims,age_band,12_16,272.0,victims,NCRB,1,2022-12-31,2026-09-25,Table 4A.9 (PDF p. 422-423),Crime in India 2022,https://ncrb.gov.in/en/crime-india,"Extracted from NCRB Crime in India 2022, Vol. I (PDF, SHA-256 7c5ee3128b0b6bc7…, copy retrieved via https://data.opencity.in/dataset/crime-in-india-2022) — see data/raw/ncrb/2022/PROVENANCE.md."
2022,2022-01-01,2022-12-31,state,PB,Punjab,pocso_victims_age,victims,age_band,16_18,295.0,victims,NCRB,1,2022-12-31,2026-09-25,Table 4A.9 (PDF p. 422-423),Crime in India 2022,https://ncrb.gov.in/en/crime-india,"Extracted from NCRB Crime in India 2022, Vol. I (PDF, SHA-256 7c5ee3128b0b6bc7…, copy retrieved via https://data.opencity.in/dataset/crime-in-india-2022) — see data/raw/ncrb/2022/PROVENANCE.md."
2022,2022-01-01,2022-12-31,state,PB,Punjab,pocso_victims_age,victims,age_band,6_12,48.0,victims,NCRB,1,2022-12-31,2026-09-25,Table 4A.9 (PDF p. 422-423),Crime in India 2022,https://ncrb.gov.in/en/crime-india,"Extracted from NCRB Crime in India 2022, Vol. I (PDF, SHA-256 7c5ee3128b0b6bc7…, copy retrieved via https://data.opencity.in/dataset/crime-in-india-2022) — see data/raw/ncrb/2022/PROVENANCE.md."
2022,2022-01-01,2022-12-31,state,PB,Punjab,pocso_victims_age,victims,age_band,lt6,15.0,victims,NCRB,1,2022-12-31,2026-09-25,Table 4A.9 (PDF p. 422-423),Crime in India 2022,https://ncrb.gov.in/en/crime-india,"Extracted from NCRB Crime in India 2022, Vol. I (PDF, SHA-256 7c5ee3128b0b6bc7…, copy retrieved via https://data.opencity.in/dataset/crime-in-india-2022) — see data/raw/ncrb/2022/PROVENANCE.md."
2022,2022-01-01,2022-12-31,state,PB,Punjab,pocso_victims_age,victims,age_band,total,630.0,victims,NCRB,1,2022-12-31,2026-09-25,Table 4A.9 (PDF p. 422-423),Crime in India 2022,https://ncrb.gov.in/en/crime-india,"Extracted from NCRB Crime in India 2022, Vol. I (PDF, SHA-256 7c5ee3128b0b6bc7…, copy retrieved via https://data.opencity.in/dataset/crime-in-india-2022) — see data/raw/ncrb/2022/PROVENANCE.md."
2023,2023-01-01,2023-12-31,state,PB,Punjab,pocso_victims_age,victims,age_band,12_16,258.0,victims,NCRB,1,2023-12-31,2026-09-25,Table 4A.9 (PDF p. 422-423),Crime in India 2023,https://ncrb.gov.in/en/crime-india,"Extracted from NCRB Crime in India 2023, Vol. I (PDF, SHA-256 553ac8b2eadfe9e2…, copy retrieved via https://data.opencity.in/dataset/crime-in-india-2023) — see data/raw/ncrb/2023/PROVENANCE.md."
2023,2023-01-01,2023-12-31,state,PB,Punjab,pocso_victims_age,victims,age_band,16_18,315.0,victims,NCRB,1,2023-12-31,2026-09-25,Table 4A.9 (PDF p. 422-423),Crime in India 2023,https://ncrb.gov.in/en/crime-india,"Extracted from NCRB Crime in India 2023, Vol. I (PDF, SHA-256 553ac8b2eadfe9e2…, copy retrieved via https://data.opencity.in/dataset/crime-in-india-2023) — see data/raw/ncrb/2023/PROVENANCE.md."
2023,2023-01-01,2023-12-31,state,PB,Punjab,pocso_victims_age,victims,age_band,6_12,54.0,victims,NCRB,1,2023-12-31,2026-09-25,Table 4A.9 (PDF p. 422-423),Crime in India 2023,https://ncrb.gov.in/en/crime-india,"Extracted from NCRB Crime in India 2023, Vol. I (PDF, SHA-256 553ac8b2eadfe9e2…, copy retrieved via https://data.opencity.in/dataset/crime-in-india-2023) — see data/raw/ncrb/2023/PROVENANCE.md."
2023,2023-01-01,2023-12-31,state,PB,Punjab,pocso_victims_age,victims,age_band,lt6,13.0,victims,NCRB,1,2023-12-31,2026-09-25,Table 4A.9 (PDF p. 422-423),Crime in India 2023,https://ncrb.gov.in/en/crime-india,"Extracted from NCRB Crime in India 2023, Vol. I (PDF, SHA-256 553ac8b2eadfe9e2…, copy retrieved via https://data.opencity.in/dataset/crime-in-india-2023) — see data/raw/ncrb/2023/PROVENANCE.md."
2023,2023-01-01,2023-12-31,state,PB,Punjab,pocso_victims_age,victims,age_band,total,640.0,victims,NCRB,1,2023-12-31,2026-09-25,Table 4A.9 (PDF p. 422-423),Crime in India 2023,https://ncrb.gov.in/en/crime-india,"Extracted from NCRB Crime in India 2023, Vol. I (PDF, SHA-256 553ac8b2eadfe9e2…, copy retrieved via https://data.opencity.in/dataset/crime-in-india-2023) — see data/raw/ncrb/2023/PROVENANCE.md."
2024,2024-01-01,2024-12-31,state,PB,Punjab,pocso_victims_age,victims,age_band,12_16,261.0,victims,NCRB,1,2024-12-31,2026-09-25,Table 4A.9 (PDF p. 525-526),Crime in India 2024,https://ncrb.gov.in/en/crime-india,"Extracted from NCRB Crime in India 2024, Vol. I (PDF, SHA-256 75b827bdcfcd5e64…, copy retrieved via https://data.opencity.in/dataset/crime-in-india-2024) — see data/raw/ncrb/2024/PROVENANCE.md."
2024,2024-01-01,2024-12-31,state,PB,Punjab,pocso_victims_age,victims,age_band,16_18,252.0,victims,NCRB,1,2024-12-31,2026-09-25,Table 4A.9 (PDF p. 525-526),Crime in India 2024,https://ncrb.gov.in/en/crime-india,"Extracted from NCRB Crime in India 2024, Vol. I (PDF, SHA-256 75b827bdcfcd5e64…, copy retrieved via https://data.opencity.in/dataset/crime-in-india-2024) — see data/raw/ncrb/2024/PROVENANCE.md."
2024,2024-01-01,2024-12-31,state,PB,Punjab,pocso_victims_age,victims,age_band,6_12,42.0,victims,NCRB,1,2024-12-31,2026-09-25,Table 4A.9 (PDF p. 525-526),Crime in India 2024,https://ncrb.gov.in/en/crime-india,"Extracted from NCRB Crime in India 2024, Vol. I (PDF, SHA-256 75b827bdcfcd5e64…, copy retrieved via https://data.opencity.in/dataset/crime-in-india-2024) — see data/raw/ncrb/2024/PROVENANCE.md."
2024,2024-01-01,2024-12-31,state,PB,Punjab,pocso_victims_age,victims,age_band,lt6,20.0,victims,NCRB,1,2024-12-31,2026-09-25,Table 4A.9 (PDF p. 525-526),Crime in India 2024,https://ncrb.gov.in/en/crime-india,"Extracted from NCRB Crime in India 2024, Vol. I (PDF, SHA-256 75b827bdcfcd5e64…, copy retrieved via https://data.opencity.in/dataset/crime-in-india-2024) — see data/raw/ncrb/2024/PROVENANCE.md."
2024,2024-01-01,2024-12-31,state,PB,Punjab,pocso_victims_age,victims,age_band,total,575.0,victims,NCRB,1,2024-12-31,2026-09-25,Table 4A.9 (PDF p. 525-526),Crime in India 2024,https://ncrb.gov.in/en/crime-india,"Extracted from NCRB Crime in India 2024, Vol. I (PDF, SHA-256 75b827bdcfcd5e64…, copy retrieved via https://data.opencity.in/dataset/crime-in-india-2024) — see data/raw/ncrb/2024/PROVENANCE.md."
2022,2022-01-01,2022-12-31,state,PY,Puducherry,pocso_victims_age,victims,age_band,12_16,17.0,victims,NCRB,1,2022-12-31,2026-09-25,Table 4A.9 (PDF p. 422-423),Crime in India 2022,https://ncrb.gov.in/en/crime-india,"Extracted from NCRB Crime in India 2022, Vol. I (PDF, SHA-256 7c5ee3128b0b6bc7…, copy retrieved via https://data.opencity.in/dataset/crime-in-india-2022) — see data/raw/ncrb/2022/PROVENANCE.md."
2022,2022-01-01,2022-12-31,state,PY,Puducherry,pocso_victims_age,victims,age_band,16_18,49.0,victims,NCRB,1,2022-12-31,2026-09-25,Table 4A.9 (PDF p. 422-423),Crime in India 2022,https://ncrb.gov.in/en/crime-india,"Extracted from NCRB Crime in India 2022, Vol. I (PDF, SHA-256 7c5ee3128b0b6bc7…, copy retrieved via https://data.opencity.in/dataset/crime-in-india-2022) — see data/raw/ncrb/2022/PROVENANCE.md."
2022,2022-01-01,2022-12-31,state,PY,Puducherry,pocso_victims_age,victims,age_band,6_12,1.0,victims,NCRB,1,2022-12-31,2026-09-25,Table 4A.9 (PDF p. 422-423),Crime in India 2022,https://ncrb.gov.in/en/crime-india,"Extracted from NCRB Crime in India 2022, Vol. I (PDF, SHA-256 7c5ee3128b0b6bc7…, copy retrieved via https://data.opencity.in/dataset/crime-in-india-2022) — see data/raw/ncrb/2022/PROVENANCE.md."
2022,2022-01-01,2022-12-31,state,PY,Puducherry,pocso_victims_age,victims,age_band,lt6,2.0,victims,NCRB,1,2022-12-31,2026-09-25,Table 4A.9 (PDF p. 422-423),Crime in India 2022,https://ncrb.gov.in/en/crime-india,"Extracted from NCRB Crime in India 2022, Vol. I (PDF, SHA-256 7c5ee3128b0b6bc7…, copy retrieved via https://data.opencity.in/dataset/crime-in-india-2022) — see data/raw/ncrb/2022/PROVENANCE.md."
2022,2022-01-01,2022-12-31,state,PY,Puducherry,pocso_victims_age,victims,age_band,total,69.0,victims,NCRB,1,2022-12-31,2026-09-25,Table 4A.9 (PDF p. 422-423),Crime in India 2022,https://ncrb.gov.in/en/crime-india,"Extracted from NCRB Crime in India 2022, Vol. I (PDF, SHA-256 7c5ee3128b0b6bc7…, copy retrieved via https://data.opencity.in/dataset/crime-in-india-2022) — see data/raw/ncrb/2022/PROVENANCE.md."
2023,2023-01-01,2023-12-31,state,PY,Puducherry,pocso_victims_age,victims,age_band,12_16,15.0,victims,NCRB,1,2023-12-31,2026-09-25,Table 4A.9 (PDF p. 422-423),Crime in India 2023,https://ncrb.gov.in/en/crime-india,"Extracted from NCRB Crime in India 2023, Vol. I (PDF, SHA-256 553ac8b2eadfe9e2…, copy retrieved via https://data.opencity.in/dataset/crime-in-india-2023) — see data/raw/ncrb/2023/PROVENANCE.md."
2023,2023-01-01,2023-12-31,state,PY,Puducherry,pocso_victims_age,victims,age_band,16_18,40.0,victims,NCRB,1,2023-12-31,2026-09-25,Table 4A.9 (PDF p. 422-423),Crime in India 2023,https://ncrb.gov.in/en/crime-india,"Extracted from NCRB Crime in India 2023, Vol. I (PDF, SHA-256 553ac8b2eadfe9e2…, copy retrieved via https://data.opencity.in/dataset/crime-in-india-2023) — see data/raw/ncrb/2023/PROVENANCE.md."
2023,2023-01-01,2023-12-31,state,PY,Puducherry,pocso_victims_age,victims,age_band,6_12,2.0,victims,NCRB,1,2023-12-31,2026-09-25,Table 4A.9 (PDF p. 422-423),Crime in India 2023,https://ncrb.gov.in/en/crime-india,"Extracted from NCRB Crime in India 2023, Vol. I (PDF, SHA-256 553ac8b2eadfe9e2…, copy retrieved via https://data.opencity.in/dataset/crime-in-india-2023) — see data/raw/ncrb/2023/PROVENANCE.md."
2023,2023-01-01,2023-12-31,state,PY,Puducherry,pocso_victims_age,victims,age_band,lt6,0.0,victims,NCRB,1,2023-12-31,2026-09-25,Table 4A.9 (PDF p. 422-423),Crime in India 2023,https://ncrb.gov.in/en/crime-india,"Extracted from NCRB Crime in India 2023, Vol. I (PDF, SHA-256 553ac8b2eadfe9e2…, copy retrieved via https://data.opencity.in/dataset/crime-in-india-2023) — see data/raw/ncrb/2023/PROVENANCE.md."
2023,2023-01-01,2023-12-31,state,PY,Puducherry,pocso_victims_age,victims,age_band,total,57.0,victims,NCRB,1,2023-12-31,2026-09-25,Table 4A.9 (PDF p. 422-423),Crime in India 2023,https://ncrb.gov.in/en/crime-india,"Extracted from NCRB Crime in India 2023, Vol. I (PDF, SHA-256 553ac8b2eadfe9e2…, copy retrieved via https://data.opencity.in/dataset/crime-in-india-2023) — see data/raw/ncrb/2023/PROVENANCE.md."
2024,2024-01-01,2024-12-31,state,PY,Puducherry,pocso_victims_age,victims,age_band,12_16,19.0,victims,NCRB,1,2024-12-31,2026-09-25,Table 4A.9 (PDF p. 525-526),Crime in India 2024,https://ncrb.gov.in/en/crime-india,"Extracted from NCRB Crime in India 2024, Vol. I (PDF, SHA-256 75b827bdcfcd5e64…, copy retrieved via https://data.opencity.in/dataset/crime-in-india-2024) — see data/raw/ncrb/2024/PROVENANCE.md."
2024,2024-01-01,2024-12-31,state,PY,Puducherry,pocso_victims_age,victims,age_band,16_18,60.0,victims,NCRB,1,2024-12-31,2026-09-25,Table 4A.9 (PDF p. 525-526),Crime in India 2024,https://ncrb.gov.in/en/crime-india,"Extracted from NCRB Crime in India 2024, Vol. I (PDF, SHA-256 75b827bdcfcd5e64…, copy retrieved via https://data.opencity.in/dataset/crime-in-india-2024) — see data/raw/ncrb/2024/PROVENANCE.md."
2024,2024-01-01,2024-12-31,state,PY,Puducherry,pocso_victims_age,victims,age_band,6_12,2.0,victims,NCRB,1,2024-12-31,2026-09-25,Table 4A.9 (PDF p. 525-526),Crime in India 2024,https://ncrb.gov.in/en/crime-india,"Extracted from NCRB Crime in India 2024, Vol. I (PDF, SHA-256 75b827bdcfcd5e64…, copy retrieved via https://data.opencity.in/dataset/crime-in-india-2024) — see data/raw/ncrb/2024/PROVENANCE.md."
2024,2024-01-01,2024-12-31,state,PY,Puducherry,pocso_victims_age,victims,age_band,lt6,1.0,victims,NCRB,1,2024-12-31,2026-09-25,Table 4A.9 (PDF p. 525-526),Crime in India 2024,https://ncrb.gov.in/en/crime-india,"Extracted from NCRB Crime in India 2024, Vol. I (PDF, SHA-256 75b827bdcfcd5e64…, copy retrieved via https://data.opencity.in/dataset/crime-in-india-2024) — see data/raw/ncrb/2024/PROVENANCE.md."
2024,2024-01-01,2024-12-31,state,PY,Puducherry,pocso_victims_age,victims,age_band,total,82.0,victims,NCRB,1,2024-12-31,2026-09-25,Table 4A.9 (PDF p. 525-526),Crime in India 2024,https://ncrb.gov.in/en/crime-india,"Extracted from NCRB Crime in India 2024, Vol. I (PDF, SHA-256 75b827bdcfcd5e64…, copy retrieved via https://data.opencity.in/dataset/crime-in-india-2024) — see data/raw/ncrb/2024/PROVENANCE.md."
2022,2022-01-01,2022-12-31,state,RJ,Rajasthan,pocso_victims_age,victims,age_band,12_16,557.0,victims,NCRB,1,2022-12-31,2026-09-25,Table 4A.9 (PDF p. 422-423),Crime in India 2022,https://ncrb.gov.in/en/crime-india,"Extracted from NCRB Crime in India 2022, Vol. I (PDF, SHA-256 7c5ee3128b0b6bc7…, copy retrieved via https://data.opencity.in/dataset/crime-in-india-2022) — see data/raw/ncrb/2022/PROVENANCE.md."
2022,2022-01-01,2022-12-31,state,RJ,Rajasthan,pocso_victims_age,victims,age_band,16_18,1021.0,victims,NCRB,1,2022-12-31,2026-09-25,Table 4A.9 (PDF p. 422-423),Crime in India 2022,https://ncrb.gov.in/en/crime-india,"Extracted from NCRB Crime in India 2022, Vol. I (PDF, SHA-256 7c5ee3128b0b6bc7…, copy retrieved via https://data.opencity.in/dataset/crime-in-india-2022) — see data/raw/ncrb/2022/PROVENANCE.md."
2022,2022-01-01,2022-12-31,state,RJ,Rajasthan,pocso_victims_age,victims,age_band,6_12,107.0,victims,NCRB,1,2022-12-31,2026-09-25,Table 4A.9 (PDF p. 422-423),Crime in India 2022,https://ncrb.gov.in/en/crime-india,"Extracted from NCRB Crime in India 2022, Vol. I (PDF, SHA-256 7c5ee3128b0b6bc7…, copy retrieved via https://data.opencity.in/dataset/crime-in-india-2022) — see data/raw/ncrb/2022/PROVENANCE.md."
2022,2022-01-01,2022-12-31,state,RJ,Rajasthan,pocso_victims_age,victims,age_band,lt6,9.0,victims,NCRB,1,2022-12-31,2026-09-25,Table 4A.9 (PDF p. 422-423),Crime in India 2022,https://ncrb.gov.in/en/crime-india,"Extracted from NCRB Crime in India 2022, Vol. I (PDF, SHA-256 7c5ee3128b0b6bc7…, copy retrieved via https://data.opencity.in/dataset/crime-in-india-2022) — see data/raw/ncrb/2022/PROVENANCE.md."
2022,2022-01-01,2022-12-31,state,RJ,Rajasthan,pocso_victims_age,victims,age_band,total,1694.0,victims,NCRB,1,2022-12-31,2026-09-25,Table 4A.9 (PDF p. 422-423),Crime in India 2022,https://ncrb.gov.in/en/crime-india,"Extracted from NCRB Crime in India 2022, Vol. I (PDF, SHA-256 7c5ee3128b0b6bc7…, copy retrieved via https://data.opencity.in/dataset/crime-in-india-2022) — see data/raw/ncrb/2022/PROVENANCE.md."
2023,2023-01-01,2023-12-31,state,RJ,Rajasthan,pocso_victims_age,victims,age_band,12_16,576.0,victims,NCRB,1,2023-12-31,2026-09-25,Table 4A.9 (PDF p. 422-423),Crime in India 2023,https://ncrb.gov.in/en/crime-india,"Extracted from NCRB Crime in India 2023, Vol. I (PDF, SHA-256 553ac8b2eadfe9e2…, copy retrieved via https://data.opencity.in/dataset/crime-in-india-2023) — see data/raw/ncrb/2023/PROVENANCE.md."
2023,2023-01-01,2023-12-31,state,RJ,Rajasthan,pocso_victims_age,victims,age_band,16_18,1185.0,victims,NCRB,1,2023-12-31,2026-09-25,Table 4A.9 (PDF p. 422-423),Crime in India 2023,https://ncrb.gov.in/en/crime-india,"Extracted from NCRB Crime in India 2023, Vol. I (PDF, SHA-256 553ac8b2eadfe9e2…, copy retrieved via https://data.opencity.in/dataset/crime-in-india-2023) — see data/raw/ncrb/2023/PROVENANCE.md."
2023,2023-01-01,2023-12-31,state,RJ,Rajasthan,pocso_victims_age,victims,age_band,6_12,96.0,victims,NCRB,1,2023-12-31,2026-09-25,Table 4A.9 (PDF p. 422-423),Crime in India 2023,https://ncrb.gov.in/en/crime-india,"Extracted from NCRB Crime in India 2023, Vol. I (PDF, SHA-256 553ac8b2eadfe9e2…, copy retrieved via https://data.opencity.in/dataset/crime-in-india-2023) — see data/raw/ncrb/2023/PROVENANCE.md."
2023,2023-01-01,2023-12-31,state,RJ,Rajasthan,pocso_victims_age,victims,age_band,lt6,11.0,victims,NCRB,1,2023-12-31,2026-09-25,Table 4A.9 (PDF p. 422-423),Crime in India 2023,https://ncrb.gov.in/en/crime-india,"Extracted from NCRB Crime in India 2023, Vol. I (PDF, SHA-256 553ac8b2eadfe9e2…, copy retrieved via https://data.opencity.in/dataset/crime-in-india-2023) — see data/raw/ncrb/2023/PROVENANCE.md."
2023,2023-01-01,2023-12-31,state,RJ,Rajasthan,pocso_victims_age,victims,age_band,total,1868.0,victims,NCRB,1,2023-12-31,2026-09-25,Table 4A.9 (PDF p. 422-423),Crime in India 2023,https://ncrb.gov.in/en/crime-india,"Extracted from NCRB Crime in India 2023, Vol. I (PDF, SHA-256 553ac8b2eadfe9e2…, copy retrieved via https://data.opencity.in/dataset/crime-in-india-2023) — see data/raw/ncrb/2023/PROVENANCE.md."
2024,2024-01-01,2024-12-31,state,RJ,Rajasthan,pocso_victims_age,victims,age_band,12_16,501.0,victims,NCRB,1,2024-12-31,2026-09-25,Table 4A.9 (PDF p. 525-526),Crime in India 2024,https://ncrb.gov.in/en/crime-india,"Extracted from NCRB Crime in India 2024, Vol. I (PDF, SHA-256 75b827bdcfcd5e64…, copy retrieved via https://data.opencity.in/dataset/crime-in-india-2024) — see data/raw/ncrb/2024/PROVENANCE.md."
2024,2024-01-01,2024-12-31,state,RJ,Rajasthan,pocso_victims_age,victims,age_band,16_18,1066.0,victims,NCRB,1,2024-12-31,2026-09-25,Table 4A.9 (PDF p. 525-526),Crime in India 2024,https://ncrb.gov.in/en/crime-india,"Extracted from NCRB Crime in India 2024, Vol. I (PDF, SHA-256 75b827bdcfcd5e64…, copy retrieved via https://data.opencity.in/dataset/crime-in-india-2024) — see data/raw/ncrb/2024/PROVENANCE.md."
2024,2024-01-01,2024-12-31,state,RJ,Rajasthan,pocso_victims_age,victims,age_band,6_12,65.0,victims,NCRB,1,2024-12-31,2026-09-25,Table 4A.9 (PDF p. 525-526),Crime in India 2024,https://ncrb.gov.in/en/crime-india,"Extracted from NCRB Crime in India 2024, Vol. I (PDF, SHA-256 75b827bdcfcd5e64…, copy retrieved via https://data.opencity.in/dataset/crime-in-india-2024) — see data/raw/ncrb/2024/PROVENANCE.md."
2024,2024-01-01,2024-12-31,state,RJ,Rajasthan,pocso_victims_age,victims,age_band,lt6,14.0,victims,NCRB,1,2024-12-31,2026-09-25,Table 4A.9 (PDF p. 525-526),Crime in India 2024,https://ncrb.gov.in/en/crime-india,"Extracted from NCRB Crime in India 2024, Vol. I (PDF, SHA-256 75b827bdcfcd5e64…, copy retrieved via https://data.opencity.in/dataset/crime-in-india-2024) — see data/raw/ncrb/2024/PROVENANCE.md."
2024,2024-01-01,2024-12-31,state,RJ,Rajasthan,pocso_victims_age,victims,age_band,total,1646.0,victims,NCRB,1,2024-12-31,2026-09-25,Table 4A.9 (PDF p. 525-526),Crime in India 2024,https://ncrb.gov.in/en/crime-india,"Extracted from NCRB Crime in India 2024, Vol. I (PDF, SHA-256 75b827bdcfcd5e64…, copy retrieved via https://data.opencity.in/dataset/crime-in-india-2024) — see data/raw/ncrb/2024/PROVENANCE.md."
2022,2022-01-01,2022-12-31,state,SK,Sikkim,pocso_victims_age,victims,age_band,12_16,44.0,victims,NCRB,1,2022-12-31,2026-09-25,Table 4A.9 (PDF p. 422-423),Crime in India 2022,https://ncrb.gov.in/en/crime-india,"Extracted from NCRB Crime in India 2022, Vol. I (PDF, SHA-256 7c5ee3128b0b6bc7…, copy retrieved via https://data.opencity.in/dataset/crime-in-india-2022) — see data/raw/ncrb/2022/PROVENANCE.md."
2022,2022-01-01,2022-12-31,state,SK,Sikkim,pocso_victims_age,victims,age_band,16_18,18.0,victims,NCRB,1,2022-12-31,2026-09-25,Table 4A.9 (PDF p. 422-423),Crime in India 2022,https://ncrb.gov.in/en/crime-india,"Extracted from NCRB Crime in India 2022, Vol. I (PDF, SHA-256 7c5ee3128b0b6bc7…, copy retrieved via https://data.opencity.in/dataset/crime-in-india-2022) — see data/raw/ncrb/2022/PROVENANCE.md."
2022,2022-01-01,2022-12-31,state,SK,Sikkim,pocso_victims_age,victims,age_band,6_12,8.0,victims,NCRB,1,2022-12-31,2026-09-25,Table 4A.9 (PDF p. 422-423),Crime in India 2022,https://ncrb.gov.in/en/crime-india,"Extracted from NCRB Crime in India 2022, Vol. I (PDF, SHA-256 7c5ee3128b0b6bc7…, copy retrieved via https://data.opencity.in/dataset/crime-in-india-2022) — see data/raw/ncrb/2022/PROVENANCE.md."
2022,2022-01-01,2022-12-31,state,SK,Sikkim,pocso_victims_age,victims,age_band,lt6,4.0,victims,NCRB,1,2022-12-31,2026-09-25,Table 4A.9 (PDF p. 422-423),Crime in India 2022,https://ncrb.gov.in/en/crime-india,"Extracted from NCRB Crime in India 2022, Vol. I (PDF, SHA-256 7c5ee3128b0b6bc7…, copy retrieved via https://data.opencity.in/dataset/crime-in-india-2022) — see data/raw/ncrb/2022/PROVENANCE.md."
2022,2022-01-01,2022-12-31,state,SK,Sikkim,pocso_victims_age,victims,age_band,total,74.0,victims,NCRB,1,2022-12-31,2026-09-25,Table 4A.9 (PDF p. 422-423),Crime in India 2022,https://ncrb.gov.in/en/crime-india,"Extracted from NCRB Crime in India 2022, Vol. I (PDF, SHA-256 7c5ee3128b0b6bc7…, copy retrieved via https://data.opencity.in/dataset/crime-in-india-2022) — see data/raw/ncrb/2022/PROVENANCE.md."
2023,2023-01-01,2023-12-31,state,SK,Sikkim,pocso_victims_age,victims,age_band,12_16,35.0,victims,NCRB,1,2023-12-31,2026-09-25,Table 4A.9 (PDF p. 422-423),Crime in India 2023,https://ncrb.gov.in/en/crime-india,"Extracted from NCRB Crime in India 2023, Vol. I (PDF, SHA-256 553ac8b2eadfe9e2…, copy retrieved via https://data.opencity.in/dataset/crime-in-india-2023) — see data/raw/ncrb/2023/PROVENANCE.md."
2023,2023-01-01,2023-12-31,state,SK,Sikkim,pocso_victims_age,victims,age_band,16_18,19.0,victims,NCRB,1,2023-12-31,2026-09-25,Table 4A.9 (PDF p. 422-423),Crime in India 2023,https://ncrb.gov.in/en/crime-india,"Extracted from NCRB Crime in India 2023, Vol. I (PDF, SHA-256 553ac8b2eadfe9e2…, copy retrieved via https://data.opencity.in/dataset/crime-in-india-2023) — see data/raw/ncrb/2023/PROVENANCE.md."
2023,2023-01-01,2023-12-31,state,SK,Sikkim,pocso_victims_age,victims,age_band,6_12,9.0,victims,NCRB,1,2023-12-31,2026-09-25,Table 4A.9 (PDF p. 422-423),Crime in India 2023,https://ncrb.gov.in/en/crime-india,"Extracted from NCRB Crime in India 2023, Vol. I (PDF, SHA-256 553ac8b2eadfe9e2…, copy retrieved via https://data.opencity.in/dataset/crime-in-india-2023) — see data/raw/ncrb/2023/PROVENANCE.md."
2023,2023-01-01,2023-12-31,state,SK,Sikkim,pocso_victims_age,victims,age_band,lt6,3.0,victims,NCRB,1,2023-12-31,2026-09-25,Table 4A.9 (PDF p. 422-423),Crime in India 2023,https://ncrb.gov.in/en/crime-india,"Extracted from NCRB Crime in India 2023, Vol. I (PDF, SHA-256 553ac8b2eadfe9e2…, copy retrieved via https://data.opencity.in/dataset/crime-in-india-2023) — see data/raw/ncrb/2023/PROVENANCE.md."
2023,2023-01-01,2023-12-31,state,SK,Sikkim,pocso_victims_age,victims,age_band,total,66.0,victims,NCRB,1,2023-12-31,2026-09-25,Table 4A.9 (PDF p. 422-423),Crime in India 2023,https://ncrb.gov.in/en/crime-india,"Extracted from NCRB Crime in India 2023, Vol. I (PDF, SHA-256 553ac8b2eadfe9e2…, copy retrieved via https://data.opencity.in/dataset/crime-in-india-2023) — see data/raw/ncrb/2023/PROVENANCE.md."
2024,2024-01-01,2024-12-31,state,SK,Sikkim,pocso_victims_age,victims,age_band,12_16,23.0,victims,NCRB,1,2024-12-31,2026-09-25,Table 4A.9 (PDF p. 525-526),Crime in India 2024,https://ncrb.gov.in/en/crime-india,"Extracted from NCRB Crime in India 2024, Vol. I (PDF, SHA-256 75b827bdcfcd5e64…, copy retrieved via https://data.opencity.in/dataset/crime-in-india-2024) — see data/raw/ncrb/2024/PROVENANCE.md."
2024,2024-01-01,2024-12-31,state,SK,Sikkim,pocso_victims_age,victims,age_band,16_18,19.0,victims,NCRB,1,2024-12-31,2026-09-25,Table 4A.9 (PDF p. 525-526),Crime in India 2024,https://ncrb.gov.in/en/crime-india,"Extracted from NCRB Crime in India 2024, Vol. I (PDF, SHA-256 75b827bdcfcd5e64…, copy retrieved via https://data.opencity.in/dataset/crime-in-india-2024) — see data/raw/ncrb/2024/PROVENANCE.md."
2024,2024-01-01,2024-12-31,state,SK,Sikkim,pocso_victims_age,victims,age_band,6_12,16.0,victims,NCRB,1,2024-12-31,2026-09-25,Table 4A.9 (PDF p. 525-526),Crime in India 2024,https://ncrb.gov.in/en/crime-india,"Extracted from NCRB Crime in India 2024, Vol. I (PDF, SHA-256 75b827bdcfcd5e64…, copy retrieved via https://data.opencity.in/dataset/crime-in-india-2024) — see data/raw/ncrb/2024/PROVENANCE.md."
2024,2024-01-01,2024-12-31,state,SK,Sikkim,pocso_victims_age,victims,age_band,lt6,2.0,victims,NCRB,1,2024-12-31,2026-09-25,Table 4A.9 (PDF p. 525-526),Crime in India 2024,https://ncrb.gov.in/en/crime-india,"Extracted from NCRB Crime in India 2024, Vol. I (PDF, SHA-256 75b827bdcfcd5e64…, copy retrieved via https://data.opencity.in/dataset/crime-in-india-2024) — see data/raw/ncrb/2024/PROVENANCE.md."
2024,2024-01-01,2024-12-31,state,SK,Sikkim,pocso_victims_age,victims,age_band,total,60.0,victims,NCRB,1,2024-12-31,2026-09-25,Table 4A.9 (PDF p. 525-526),Crime in India 2024,https://ncrb.gov.in/en/crime-india,"Extracted from NCRB Crime in India 2024, Vol. I (PDF, SHA-256 75b827bdcfcd5e64…, copy retrieved via https://data.opencity.in/dataset/crime-in-india-2024) — see data/raw/ncrb/2024/PROVENANCE.md."
2022,2022-01-01,2022-12-31,state,TG,Telangana,pocso_victims_age,victims,age_band,12_16,631.0,victims,NCRB,1,2022-12-31,2026-09-25,Table 4A.9 (PDF p. 422-423),Crime in India 2022,https://ncrb.gov.in/en/crime-india,"Extracted from NCRB Crime in India 2022, Vol. I (PDF, SHA-256 7c5ee3128b0b6bc7…, copy retrieved via https://data.opencity.in/dataset/crime-in-india-2022) — see data/raw/ncrb/2022/PROVENANCE.md."
2022,2022-01-01,2022-12-31,state,TG,Telangana,pocso_victims_age,victims,age_band,16_18,964.0,victims,NCRB,1,2022-12-31,2026-09-25,Table 4A.9 (PDF p. 422-423),Crime in India 2022,https://ncrb.gov.in/en/crime-india,"Extracted from NCRB Crime in India 2022, Vol. I (PDF, SHA-256 7c5ee3128b0b6bc7…, copy retrieved via https://data.opencity.in/dataset/crime-in-india-2022) — see data/raw/ncrb/2022/PROVENANCE.md."
2022,2022-01-01,2022-12-31,state,TG,Telangana,pocso_victims_age,victims,age_band,6_12,141.0,victims,NCRB,1,2022-12-31,2026-09-25,Table 4A.9 (PDF p. 422-423),Crime in India 2022,https://ncrb.gov.in/en/crime-india,"Extracted from NCRB Crime in India 2022, Vol. I (PDF, SHA-256 7c5ee3128b0b6bc7…, copy retrieved via https://data.opencity.in/dataset/crime-in-india-2022) — see data/raw/ncrb/2022/PROVENANCE.md."
2022,2022-01-01,2022-12-31,state,TG,Telangana,pocso_victims_age,victims,age_band,lt6,18.0,victims,NCRB,1,2022-12-31,2026-09-25,Table 4A.9 (PDF p. 422-423),Crime in India 2022,https://ncrb.gov.in/en/crime-india,"Extracted from NCRB Crime in India 2022, Vol. I (PDF, SHA-256 7c5ee3128b0b6bc7…, copy retrieved via https://data.opencity.in/dataset/crime-in-india-2022) — see data/raw/ncrb/2022/PROVENANCE.md."
2022,2022-01-01,2022-12-31,state,TG,Telangana,pocso_victims_age,victims,age_band,total,1754.0,victims,NCRB,1,2022-12-31,2026-09-25,Table 4A.9 (PDF p. 422-423),Crime in India 2022,https://ncrb.gov.in/en/crime-india,"Extracted from NCRB Crime in India 2022, Vol. I (PDF, SHA-256 7c5ee3128b0b6bc7…, copy retrieved via https://data.opencity.in/dataset/crime-in-india-2022) — see data/raw/ncrb/2022/PROVENANCE.md."
2023,2023-01-01,2023-12-31,state,TG,Telangana,pocso_victims_age,victims,age_band,12_16,554.0,victims,NCRB,1,2023-12-31,2026-09-25,Table 4A.9 (PDF p. 422-423),Crime in India 2023,https://ncrb.gov.in/en/crime-india,"Extracted from NCRB Crime in India 2023, Vol. I (PDF, SHA-256 553ac8b2eadfe9e2…, copy retrieved via https://data.opencity.in/dataset/crime-in-india-2023) — see data/raw/ncrb/2023/PROVENANCE.md."
2023,2023-01-01,2023-12-31,state,TG,Telangana,pocso_victims_age,victims,age_band,16_18,1067.0,victims,NCRB,1,2023-12-31,2026-09-25,Table 4A.9 (PDF p. 422-423),Crime in India 2023,https://ncrb.gov.in/en/crime-india,"Extracted from NCRB Crime in India 2023, Vol. I (PDF, SHA-256 553ac8b2eadfe9e2…, copy retrieved via https://data.opencity.in/dataset/crime-in-india-2023) — see data/raw/ncrb/2023/PROVENANCE.md."
2023,2023-01-01,2023-12-31,state,TG,Telangana,pocso_victims_age,victims,age_band,6_12,109.0,victims,NCRB,1,2023-12-31,2026-09-25,Table 4A.9 (PDF p. 422-423),Crime in India 2023,https://ncrb.gov.in/en/crime-india,"Extracted from NCRB Crime in India 2023, Vol. I (PDF, SHA-256 553ac8b2eadfe9e2…, copy retrieved via https://data.opencity.in/dataset/crime-in-india-2023) — see data/raw/ncrb/2023/PROVENANCE.md."
2023,2023-01-01,2023-12-31,state,TG,Telangana,pocso_victims_age,victims,age_band,lt6,30.0,victims,NCRB,1,2023-12-31,2026-09-25,Table 4A.9 (PDF p. 422-423),Crime in India 2023,https://ncrb.gov.in/en/crime-india,"Extracted from NCRB Crime in India 2023, Vol. I (PDF, SHA-256 553ac8b2eadfe9e2…, copy retrieved via https://data.opencity.in/dataset/crime-in-india-2023) — see data/raw/ncrb/2023/PROVENANCE.md."
2023,2023-01-01,2023-12-31,state,TG,Telangana,pocso_victims_age,victims,age_band,total,1760.0,victims,NCRB,1,2023-12-31,2026-09-25,Table 4A.9 (PDF p. 422-423),Crime in India 2023,https://ncrb.gov.in/en/crime-india,"Extracted from NCRB Crime in India 2023, Vol. I (PDF, SHA-256 553ac8b2eadfe9e2…, copy retrieved via https://data.opencity.in/dataset/crime-in-india-2023) — see data/raw/ncrb/2023/PROVENANCE.md."
2024,2024-01-01,2024-12-31,state,TG,Telangana,pocso_victims_age,victims,age_band,12_16,741.0,victims,NCRB,1,2024-12-31,2026-09-25,Table 4A.9 (PDF p. 525-526),Crime in India 2024,https://ncrb.gov.in/en/crime-india,"Extracted from NCRB Crime in India 2024, Vol. I (PDF, SHA-256 75b827bdcfcd5e64…, copy retrieved via https://data.opencity.in/dataset/crime-in-india-2024) — see data/raw/ncrb/2024/PROVENANCE.md."
2024,2024-01-01,2024-12-31,state,TG,Telangana,pocso_victims_age,victims,age_band,16_18,1240.0,victims,NCRB,1,2024-12-31,2026-09-25,Table 4A.9 (PDF p. 525-526),Crime in India 2024,https://ncrb.gov.in/en/crime-india,"Extracted from NCRB Crime in India 2024, Vol. I (PDF, SHA-256 75b827bdcfcd5e64…, copy retrieved via https://data.opencity.in/dataset/crime-in-india-2024) — see data/raw/ncrb/2024/PROVENANCE.md."
2024,2024-01-01,2024-12-31,state,TG,Telangana,pocso_victims_age,victims,age_band,6_12,98.0,victims,NCRB,1,2024-12-31,2026-09-25,Table 4A.9 (PDF p. 525-526),Crime in India 2024,https://ncrb.gov.in/en/crime-india,"Extracted from NCRB Crime in India 2024, Vol. I (PDF, SHA-256 75b827bdcfcd5e64…, copy retrieved via https://data.opencity.in/dataset/crime-in-india-2024) — see data/raw/ncrb/2024/PROVENANCE.md."
2024,2024-01-01,2024-12-31,state,TG,Telangana,pocso_victims_age,victims,age_band,lt6,24.0,victims,NCRB,1,2024-12-31,2026-09-25,Table 4A.9 (PDF p. 525-526),Crime in India 2024,https://ncrb.gov.in/en/crime-india,"Extracted from NCRB Crime in India 2024, Vol. I (PDF, SHA-256 75b827bdcfcd5e64…, copy retrieved via https://data.opencity.in/dataset/crime-in-india-2024) — see data/raw/ncrb/2024/PROVENANCE.md."
2024,2024-01-01,2024-12-31,state,TG,Telangana,pocso_victims_age,victims,age_band,total,2103.0,victims,NCRB,1,2024-12-31,2026-09-25,Table 4A.9 (PDF p. 525-526),Crime in India 2024,https://ncrb.gov.in/en/crime-india,"Extracted from NCRB Crime in India 2024, Vol. I (PDF, SHA-256 75b827bdcfcd5e64…, copy retrieved via https://data.opencity.in/dataset/crime-in-india-2024) — see data/raw/ncrb/2024/PROVENANCE.md."
2022,2022-01-01,2022-12-31,state,TN,Tamil Nadu,pocso_victims_age,victims,age_band,12_16,1375.0,victims,NCRB,1,2022-12-31,2026-09-25,Table 4A.9 (PDF p. 422-423),Crime in India 2022,https://ncrb.gov.in/en/crime-india,"Extracted from NCRB Crime in India 2022, Vol. I (PDF, SHA-256 7c5ee3128b0b6bc7…, copy retrieved via https://data.opencity.in/dataset/crime-in-india-2022) — see data/raw/ncrb/2022/PROVENANCE.md."
2022,2022-01-01,2022-12-31,state,TN,Tamil Nadu,pocso_victims_age,victims,age_band,16_18,2002.0,victims,NCRB,1,2022-12-31,2026-09-25,Table 4A.9 (PDF p. 422-423),Crime in India 2022,https://ncrb.gov.in/en/crime-india,"Extracted from NCRB Crime in India 2022, Vol. I (PDF, SHA-256 7c5ee3128b0b6bc7…, copy retrieved via https://data.opencity.in/dataset/crime-in-india-2022) — see data/raw/ncrb/2022/PROVENANCE.md."
2022,2022-01-01,2022-12-31,state,TN,Tamil Nadu,pocso_victims_age,victims,age_band,6_12,231.0,victims,NCRB,1,2022-12-31,2026-09-25,Table 4A.9 (PDF p. 422-423),Crime in India 2022,https://ncrb.gov.in/en/crime-india,"Extracted from NCRB Crime in India 2022, Vol. I (PDF, SHA-256 7c5ee3128b0b6bc7…, copy retrieved via https://data.opencity.in/dataset/crime-in-india-2022) — see data/raw/ncrb/2022/PROVENANCE.md."
2022,2022-01-01,2022-12-31,state,TN,Tamil Nadu,pocso_victims_age,victims,age_band,lt6,68.0,victims,NCRB,1,2022-12-31,2026-09-25,Table 4A.9 (PDF p. 422-423),Crime in India 2022,https://ncrb.gov.in/en/crime-india,"Extracted from NCRB Crime in India 2022, Vol. I (PDF, SHA-256 7c5ee3128b0b6bc7…, copy retrieved via https://data.opencity.in/dataset/crime-in-india-2022) — see data/raw/ncrb/2022/PROVENANCE.md."
2022,2022-01-01,2022-12-31,state,TN,Tamil Nadu,pocso_victims_age,victims,age_band,total,3676.0,victims,NCRB,1,2022-12-31,2026-09-25,Table 4A.9 (PDF p. 422-423),Crime in India 2022,https://ncrb.gov.in/en/crime-india,"Extracted from NCRB Crime in India 2022, Vol. I (PDF, SHA-256 7c5ee3128b0b6bc7…, copy retrieved via https://data.opencity.in/dataset/crime-in-india-2022) — see data/raw/ncrb/2022/PROVENANCE.md."
2023,2023-01-01,2023-12-31,state,TN,Tamil Nadu,pocso_victims_age,victims,age_band,12_16,1406.0,victims,NCRB,1,2023-12-31,2026-09-25,Table 4A.9 (PDF p. 422-423),Crime in India 2023,https://ncrb.gov.in/en/crime-india,"Extracted from NCRB Crime in India 2023, Vol. I (PDF, SHA-256 553ac8b2eadfe9e2…, copy retrieved via https://data.opencity.in/dataset/crime-in-india-2023) — see data/raw/ncrb/2023/PROVENANCE.md."
2023,2023-01-01,2023-12-31,state,TN,Tamil Nadu,pocso_victims_age,victims,age_band,16_18,1748.0,victims,NCRB,1,2023-12-31,2026-09-25,Table 4A.9 (PDF p. 422-423),Crime in India 2023,https://ncrb.gov.in/en/crime-india,"Extracted from NCRB Crime in India 2023, Vol. I (PDF, SHA-256 553ac8b2eadfe9e2…, copy retrieved via https://data.opencity.in/dataset/crime-in-india-2023) — see data/raw/ncrb/2023/PROVENANCE.md."
2023,2023-01-01,2023-12-31,state,TN,Tamil Nadu,pocso_victims_age,victims,age_band,6_12,241.0,victims,NCRB,1,2023-12-31,2026-09-25,Table 4A.9 (PDF p. 422-423),Crime in India 2023,https://ncrb.gov.in/en/crime-india,"Extracted from NCRB Crime in India 2023, Vol. I (PDF, SHA-256 553ac8b2eadfe9e2…, copy retrieved via https://data.opencity.in/dataset/crime-in-india-2023) — see data/raw/ncrb/2023/PROVENANCE.md."
2023,2023-01-01,2023-12-31,state,TN,Tamil Nadu,pocso_victims_age,victims,age_band,lt6,70.0,victims,NCRB,1,2023-12-31,2026-09-25,Table 4A.9 (PDF p. 422-423),Crime in India 2023,https://ncrb.gov.in/en/crime-india,"Extracted from NCRB Crime in India 2023, Vol. I (PDF, SHA-256 553ac8b2eadfe9e2…, copy retrieved via https://data.opencity.in/dataset/crime-in-india-2023) — see data/raw/ncrb/2023/PROVENANCE.md."
2023,2023-01-01,2023-12-31,state,TN,Tamil Nadu,pocso_victims_age,victims,age_band,total,3465.0,victims,NCRB,1,2023-12-31,2026-09-25,Table 4A.9 (PDF p. 422-423),Crime in India 2023,https://ncrb.gov.in/en/crime-india,"Extracted from NCRB Crime in India 2023, Vol. I (PDF, SHA-256 553ac8b2eadfe9e2…, copy retrieved via https://data.opencity.in/dataset/crime-in-india-2023) — see data/raw/ncrb/2023/PROVENANCE.md."
2024,2024-01-01,2024-12-31,state,TN,Tamil Nadu,pocso_victims_age,victims,age_band,12_16,2026.0,victims,NCRB,1,2024-12-31,2026-09-25,Table 4A.9 (PDF p. 525-526),Crime in India 2024,https://ncrb.gov.in/en/crime-india,"Extracted from NCRB Crime in India 2024, Vol. I (PDF, SHA-256 75b827bdcfcd5e64…, copy retrieved via https://data.opencity.in/dataset/crime-in-india-2024) — see data/raw/ncrb/2024/PROVENANCE.md."
2024,2024-01-01,2024-12-31,state,TN,Tamil Nadu,pocso_victims_age,victims,age_band,16_18,3003.0,victims,NCRB,1,2024-12-31,2026-09-25,Table 4A.9 (PDF p. 525-526),Crime in India 2024,https://ncrb.gov.in/en/crime-india,"Extracted from NCRB Crime in India 2024, Vol. I (PDF, SHA-256 75b827bdcfcd5e64…, copy retrieved via https://data.opencity.in/dataset/crime-in-india-2024) — see data/raw/ncrb/2024/PROVENANCE.md."
2024,2024-01-01,2024-12-31,state,TN,Tamil Nadu,pocso_victims_age,victims,age_band,6_12,246.0,victims,NCRB,1,2024-12-31,2026-09-25,Table 4A.9 (PDF p. 525-526),Crime in India 2024,https://ncrb.gov.in/en/crime-india,"Extracted from NCRB Crime in India 2024, Vol. I (PDF, SHA-256 75b827bdcfcd5e64…, copy retrieved via https://data.opencity.in/dataset/crime-in-india-2024) — see data/raw/ncrb/2024/PROVENANCE.md."
2024,2024-01-01,2024-12-31,state,TN,Tamil Nadu,pocso_victims_age,victims,age_band,lt6,84.0,victims,NCRB,1,2024-12-31,2026-09-25,Table 4A.9 (PDF p. 525-526),Crime in India 2024,https://ncrb.gov.in/en/crime-india,"Extracted from NCRB Crime in India 2024, Vol. I (PDF, SHA-256 75b827bdcfcd5e64…, copy retrieved via https://data.opencity.in/dataset/crime-in-india-2024) — see data/raw/ncrb/2024/PROVENANCE.md."
2024,2024-01-01,2024-12-31,state,TN,Tamil Nadu,pocso_victims_age,victims,age_band,total,5359.0,victims,NCRB,1,2024-12-31,2026-09-25,Table 4A.9 (PDF p. 525-526),Crime in India 2024,https://ncrb.gov.in/en/crime-india,"Extracted from NCRB Crime in India 2024, Vol. I (PDF, SHA-256 75b827bdcfcd5e64…, copy retrieved via https://data.opencity.in/dataset/crime-in-india-2024) — see data/raw/ncrb/2024/PROVENANCE.md."
2022,2022-01-01,2022-12-31,state,TR,Tripura,pocso_victims_age,victims,age_band,12_16,41.0,victims,NCRB,1,2022-12-31,2026-09-25,Table 4A.9 (PDF p. 422-423),Crime in India 2022,https://ncrb.gov.in/en/crime-india,"Extracted from NCRB Crime in India 2022, Vol. I (PDF, SHA-256 7c5ee3128b0b6bc7…, copy retrieved via https://data.opencity.in/dataset/crime-in-india-2022) — see data/raw/ncrb/2022/PROVENANCE.md."
2022,2022-01-01,2022-12-31,state,TR,Tripura,pocso_victims_age,victims,age_band,16_18,17.0,victims,NCRB,1,2022-12-31,2026-09-25,Table 4A.9 (PDF p. 422-423),Crime in India 2022,https://ncrb.gov.in/en/crime-india,"Extracted from NCRB Crime in India 2022, Vol. I (PDF, SHA-256 7c5ee3128b0b6bc7…, copy retrieved via https://data.opencity.in/dataset/crime-in-india-2022) — see data/raw/ncrb/2022/PROVENANCE.md."
2022,2022-01-01,2022-12-31,state,TR,Tripura,pocso_victims_age,victims,age_band,6_12,15.0,victims,NCRB,1,2022-12-31,2026-09-25,Table 4A.9 (PDF p. 422-423),Crime in India 2022,https://ncrb.gov.in/en/crime-india,"Extracted from NCRB Crime in India 2022, Vol. I (PDF, SHA-256 7c5ee3128b0b6bc7…, copy retrieved via https://data.opencity.in/dataset/crime-in-india-2022) — see data/raw/ncrb/2022/PROVENANCE.md."
2022,2022-01-01,2022-12-31,state,TR,Tripura,pocso_victims_age,victims,age_band,lt6,5.0,victims,NCRB,1,2022-12-31,2026-09-25,Table 4A.9 (PDF p. 422-423),Crime in India 2022,https://ncrb.gov.in/en/crime-india,"Extracted from NCRB Crime in India 2022, Vol. I (PDF, SHA-256 7c5ee3128b0b6bc7…, copy retrieved via https://data.opencity.in/dataset/crime-in-india-2022) — see data/raw/ncrb/2022/PROVENANCE.md."
2022,2022-01-01,2022-12-31,state,TR,Tripura,pocso_victims_age,victims,age_band,total,78.0,victims,NCRB,1,2022-12-31,2026-09-25,Table 4A.9 (PDF p. 422-423),Crime in India 2022,https://ncrb.gov.in/en/crime-india,"Extracted from NCRB Crime in India 2022, Vol. I (PDF, SHA-256 7c5ee3128b0b6bc7…, copy retrieved via https://data.opencity.in/dataset/crime-in-india-2022) — see data/raw/ncrb/2022/PROVENANCE.md."
2023,2023-01-01,2023-12-31,state,TR,Tripura,pocso_victims_age,victims,age_band,12_16,37.0,victims,NCRB,1,2023-12-31,2026-09-25,Table 4A.9 (PDF p. 422-423),Crime in India 2023,https://ncrb.gov.in/en/crime-india,"Extracted from NCRB Crime in India 2023, Vol. I (PDF, SHA-256 553ac8b2eadfe9e2…, copy retrieved via https://data.opencity.in/dataset/crime-in-india-2023) — see data/raw/ncrb/2023/PROVENANCE.md."
2023,2023-01-01,2023-12-31,state,TR,Tripura,pocso_victims_age,victims,age_band,16_18,19.0,victims,NCRB,1,2023-12-31,2026-09-25,Table 4A.9 (PDF p. 422-423),Crime in India 2023,https://ncrb.gov.in/en/crime-india,"Extracted from NCRB Crime in India 2023, Vol. I (PDF, SHA-256 553ac8b2eadfe9e2…, copy retrieved via https://data.opencity.in/dataset/crime-in-india-2023) — see data/raw/ncrb/2023/PROVENANCE.md."
2023,2023-01-01,2023-12-31,state,TR,Tripura,pocso_victims_age,victims,age_band,6_12,23.0,victims,NCRB,1,2023-12-31,2026-09-25,Table 4A.9 (PDF p. 422-423),Crime in India 2023,https://ncrb.gov.in/en/crime-india,"Extracted from NCRB Crime in India 2023, Vol. I (PDF, SHA-256 553ac8b2eadfe9e2…, copy retrieved via https://data.opencity.in/dataset/crime-in-india-2023) — see data/raw/ncrb/2023/PROVENANCE.md."
2023,2023-01-01,2023-12-31,state,TR,Tripura,pocso_victims_age,victims,age_band,lt6,7.0,victims,NCRB,1,2023-12-31,2026-09-25,Table 4A.9 (PDF p. 422-423),Crime in India 2023,https://ncrb.gov.in/en/crime-india,"Extracted from NCRB Crime in India 2023, Vol. I (PDF, SHA-256 553ac8b2eadfe9e2…, copy retrieved via https://data.opencity.in/dataset/crime-in-india-2023) — see data/raw/ncrb/2023/PROVENANCE.md."
2023,2023-01-01,2023-12-31,state,TR,Tripura,pocso_victims_age,victims,age_band,total,86.0,victims,NCRB,1,2023-12-31,2026-09-25,Table 4A.9 (PDF p. 422-423),Crime in India 2023,https://ncrb.gov.in/en/crime-india,"Extracted from NCRB Crime in India 2023, Vol. I (PDF, SHA-256 553ac8b2eadfe9e2…, copy retrieved via https://data.opencity.in/dataset/crime-in-india-2023) — see data/raw/ncrb/2023/PROVENANCE.md."
2024,2024-01-01,2024-12-31,state,TR,Tripura,pocso_victims_age,victims,age_band,12_16,49.0,victims,NCRB,1,2024-12-31,2026-09-25,Table 4A.9 (PDF p. 525-526),Crime in India 2024,https://ncrb.gov.in/en/crime-india,"Extracted from NCRB Crime in India 2024, Vol. I (PDF, SHA-256 75b827bdcfcd5e64…, copy retrieved via https://data.opencity.in/dataset/crime-in-india-2024) — see data/raw/ncrb/2024/PROVENANCE.md."
2024,2024-01-01,2024-12-31,state,TR,Tripura,pocso_victims_age,victims,age_band,16_18,34.0,victims,NCRB,1,2024-12-31,2026-09-25,Table 4A.9 (PDF p. 525-526),Crime in India 2024,https://ncrb.gov.in/en/crime-india,"Extracted from NCRB Crime in India 2024, Vol. I (PDF, SHA-256 75b827bdcfcd5e64…, copy retrieved via https://data.opencity.in/dataset/crime-in-india-2024) — see data/raw/ncrb/2024/PROVENANCE.md."
2024,2024-01-01,2024-12-31,state,TR,Tripura,pocso_victims_age,victims,age_band,6_12,31.0,victims,NCRB,1,2024-12-31,2026-09-25,Table 4A.9 (PDF p. 525-526),Crime in India 2024,https://ncrb.gov.in/en/crime-india,"Extracted from NCRB Crime in India 2024, Vol. I (PDF, SHA-256 75b827bdcfcd5e64…, copy retrieved via https://data.opencity.in/dataset/crime-in-india-2024) — see data/raw/ncrb/2024/PROVENANCE.md."
2024,2024-01-01,2024-12-31,state,TR,Tripura,pocso_victims_age,victims,age_band,lt6,6.0,victims,NCRB,1,2024-12-31,2026-09-25,Table 4A.9 (PDF p. 525-526),Crime in India 2024,https://ncrb.gov.in/en/crime-india,"Extracted from NCRB Crime in India 2024, Vol. I (PDF, SHA-256 75b827bdcfcd5e64…, copy retrieved via https://data.opencity.in/dataset/crime-in-india-2024) — see data/raw/ncrb/2024/PROVENANCE.md."
2024,2024-01-01,2024-12-31,state,TR,Tripura,pocso_victims_age,victims,age_band,total,120.0,victims,NCRB,1,2024-12-31,2026-09-25,Table 4A.9 (PDF p. 525-526),Crime in India 2024,https://ncrb.gov.in/en/crime-india,"Extracted from NCRB Crime in India 2024, Vol. I (PDF, SHA-256 75b827bdcfcd5e64…, copy retrieved via https://data.opencity.in/dataset/crime-in-india-2024) — see data/raw/ncrb/2024/PROVENANCE.md."
2022,2022-01-01,2022-12-31,state,UP,Uttar Pradesh,pocso_victims_age,victims,age_band,12_16,1474.0,victims,NCRB,1,2022-12-31,2026-09-25,Table 4A.9 (PDF p. 422-423),Crime in India 2022,https://ncrb.gov.in/en/crime-india,"Extracted from NCRB Crime in India 2022, Vol. I (PDF, SHA-256 7c5ee3128b0b6bc7…, copy retrieved via https://data.opencity.in/dataset/crime-in-india-2022) — see data/raw/ncrb/2022/PROVENANCE.md."
2022,2022-01-01,2022-12-31,state,UP,Uttar Pradesh,pocso_victims_age,victims,age_band,16_18,1212.0,victims,NCRB,1,2022-12-31,2026-09-25,Table 4A.9 (PDF p. 422-423),Crime in India 2022,https://ncrb.gov.in/en/crime-india,"Extracted from NCRB Crime in India 2022, Vol. I (PDF, SHA-256 7c5ee3128b0b6bc7…, copy retrieved via https://data.opencity.in/dataset/crime-in-india-2022) — see data/raw/ncrb/2022/PROVENANCE.md."
2022,2022-01-01,2022-12-31,state,UP,Uttar Pradesh,pocso_victims_age,victims,age_band,6_12,604.0,victims,NCRB,1,2022-12-31,2026-09-25,Table 4A.9 (PDF p. 422-423),Crime in India 2022,https://ncrb.gov.in/en/crime-india,"Extracted from NCRB Crime in India 2022, Vol. I (PDF, SHA-256 7c5ee3128b0b6bc7…, copy retrieved via https://data.opencity.in/dataset/crime-in-india-2022) — see data/raw/ncrb/2022/PROVENANCE.md."
2022,2022-01-01,2022-12-31,state,UP,Uttar Pradesh,pocso_victims_age,victims,age_band,lt6,164.0,victims,NCRB,1,2022-12-31,2026-09-25,Table 4A.9 (PDF p. 422-423),Crime in India 2022,https://ncrb.gov.in/en/crime-india,"Extracted from NCRB Crime in India 2022, Vol. I (PDF, SHA-256 7c5ee3128b0b6bc7…, copy retrieved via https://data.opencity.in/dataset/crime-in-india-2022) — see data/raw/ncrb/2022/PROVENANCE.md."
2022,2022-01-01,2022-12-31,state,UP,Uttar Pradesh,pocso_victims_age,victims,age_band,total,3454.0,victims,NCRB,1,2022-12-31,2026-09-25,Table 4A.9 (PDF p. 422-423),Crime in India 2022,https://ncrb.gov.in/en/crime-india,"Extracted from NCRB Crime in India 2022, Vol. I (PDF, SHA-256 7c5ee3128b0b6bc7…, copy retrieved via https://data.opencity.in/dataset/crime-in-india-2022) — see data/raw/ncrb/2022/PROVENANCE.md."
2023,2023-01-01,2023-12-31,state,UP,Uttar Pradesh,pocso_victims_age,victims,age_band,12_16,1566.0,victims,NCRB,1,2023-12-31,2026-09-25,Table 4A.9 (PDF p. 422-423),Crime in India 2023,https://ncrb.gov.in/en/crime-india,"Extracted from NCRB Crime in India 2023, Vol. I (PDF, SHA-256 553ac8b2eadfe9e2…, copy retrieved via https://data.opencity.in/dataset/crime-in-india-2023) — see data/raw/ncrb/2023/PROVENANCE.md."
2023,2023-01-01,2023-12-31,state,UP,Uttar Pradesh,pocso_victims_age,victims,age_band,16_18,1725.0,victims,NCRB,1,2023-12-31,2026-09-25,Table 4A.9 (PDF p. 422-423),Crime in India 2023,https://ncrb.gov.in/en/crime-india,"Extracted from NCRB Crime in India 2023, Vol. I (PDF, SHA-256 553ac8b2eadfe9e2…, copy retrieved via https://data.opencity.in/dataset/crime-in-india-2023) — see data/raw/ncrb/2023/PROVENANCE.md."
2023,2023-01-01,2023-12-31,state,UP,Uttar Pradesh,pocso_victims_age,victims,age_band,6_12,477.0,victims,NCRB,1,2023-12-31,2026-09-25,Table 4A.9 (PDF p. 422-423),Crime in India 2023,https://ncrb.gov.in/en/crime-india,"Extracted from NCRB Crime in India 2023, Vol. I (PDF, SHA-256 553ac8b2eadfe9e2…, copy retrieved via https://data.opencity.in/dataset/crime-in-india-2023) — see data/raw/ncrb/2023/PROVENANCE.md."
2023,2023-01-01,2023-12-31,state,UP,Uttar Pradesh,pocso_victims_age,victims,age_band,lt6,87.0,victims,NCRB,1,2023-12-31,2026-09-25,Table 4A.9 (PDF p. 422-423),Crime in India 2023,https://ncrb.gov.in/en/crime-india,"Extracted from NCRB Crime in India 2023, Vol. I (PDF, SHA-256 553ac8b2eadfe9e2…, copy retrieved via https://data.opencity.in/dataset/crime-in-india-2023) — see data/raw/ncrb/2023/PROVENANCE.md."
2023,2023-01-01,2023-12-31,state,UP,Uttar Pradesh,pocso_victims_age,victims,age_band,total,3855.0,victims,NCRB,1,2023-12-31,2026-09-25,Table 4A.9 (PDF p. 422-423),Crime in India 2023,https://ncrb.gov.in/en/crime-india,"Extracted from NCRB Crime in India 2023, Vol. I (PDF, SHA-256 553ac8b2eadfe9e2…, copy retrieved via https://data.opencity.in/dataset/crime-in-india-2023) — see data/raw/ncrb/2023/PROVENANCE.md."
2024,2024-01-01,2024-12-31,state,UP,Uttar Pradesh,pocso_victims_age,victims,age_band,12_16,1759.0,victims,NCRB,1,2024-12-31,2026-09-25,Table 4A.9 (PDF p. 525-526),Crime in India 2024,https://ncrb.gov.in/en/crime-india,"Extracted from NCRB Crime in India 2024, Vol. I (PDF, SHA-256 75b827bdcfcd5e64…, copy retrieved via https://data.opencity.in/dataset/crime-in-india-2024) — see data/raw/ncrb/2024/PROVENANCE.md."
2024,2024-01-01,2024-12-31,state,UP,Uttar Pradesh,pocso_victims_age,victims,age_band,16_18,1181.0,victims,NCRB,1,2024-12-31,2026-09-25,Table 4A.9 (PDF p. 525-526),Crime in India 2024,https://ncrb.gov.in/en/crime-india,"Extracted from NCRB Crime in India 2024, Vol. I (PDF, SHA-256 75b827bdcfcd5e64…, copy retrieved via https://data.opencity.in/dataset/crime-in-india-2024) — see data/raw/ncrb/2024/PROVENANCE.md."
2024,2024-01-01,2024-12-31,state,UP,Uttar Pradesh,pocso_victims_age,victims,age_band,6_12,602.0,victims,NCRB,1,2024-12-31,2026-09-25,Table 4A.9 (PDF p. 525-526),Crime in India 2024,https://ncrb.gov.in/en/crime-india,"Extracted from NCRB Crime in India 2024, Vol. I (PDF, SHA-256 75b827bdcfcd5e64…, copy retrieved via https://data.opencity.in/dataset/crime-in-india-2024) — see data/raw/ncrb/2024/PROVENANCE.md."
2024,2024-01-01,2024-12-31,state,UP,Uttar Pradesh,pocso_victims_age,victims,age_band,lt6,130.0,victims,NCRB,1,2024-12-31,2026-09-25,Table 4A.9 (PDF p. 525-526),Crime in India 2024,https://ncrb.gov.in/en/crime-india,"Extracted from NCRB Crime in India 2024, Vol. I (PDF, SHA-256 75b827bdcfcd5e64…, copy retrieved via https://data.opencity.in/dataset/crime-in-india-2024) — see data/raw/ncrb/2024/PROVENANCE.md."
2024,2024-01-01,2024-12-31,state,UP,Uttar Pradesh,pocso_victims_age,victims,age_band,total,3672.0,victims,NCRB,1,2024-12-31,2026-09-25,Table 4A.9 (PDF p. 525-526),Crime in India 2024,https://ncrb.gov.in/en/crime-india,"Extracted from NCRB Crime in India 2024, Vol. I (PDF, SHA-256 75b827bdcfcd5e64…, copy retrieved via https://data.opencity.in/dataset/crime-in-india-2024) — see data/raw/ncrb/2024/PROVENANCE.md."
2022,2022-01-01,2022-12-31,state,UT,Uttarakhand,pocso_victims_age,victims,age_band,12_16,337.0,victims,NCRB,1,2022-12-31,2026-09-25,Table 4A.9 (PDF p. 422-423),Crime in India 2022,https://ncrb.gov.in/en/crime-india,"Extracted from NCRB Crime in India 2022, Vol. I (PDF, SHA-256 7c5ee3128b0b6bc7…, copy retrieved via https://data.opencity.in/dataset/crime-in-india-2022) — see data/raw/ncrb/2022/PROVENANCE.md."
2022,2022-01-01,2022-12-31,state,UT,Uttarakhand,pocso_victims_age,victims,age_band,16_18,287.0,victims,NCRB,1,2022-12-31,2026-09-25,Table 4A.9 (PDF p. 422-423),Crime in India 2022,https://ncrb.gov.in/en/crime-india,"Extracted from NCRB Crime in India 2022, Vol. I (PDF, SHA-256 7c5ee3128b0b6bc7…, copy retrieved via https://data.opencity.in/dataset/crime-in-india-2022) — see data/raw/ncrb/2022/PROVENANCE.md."
2022,2022-01-01,2022-12-31,state,UT,Uttarakhand,pocso_victims_age,victims,age_band,6_12,22.0,victims,NCRB,1,2022-12-31,2026-09-25,Table 4A.9 (PDF p. 422-423),Crime in India 2022,https://ncrb.gov.in/en/crime-india,"Extracted from NCRB Crime in India 2022, Vol. I (PDF, SHA-256 7c5ee3128b0b6bc7…, copy retrieved via https://data.opencity.in/dataset/crime-in-india-2022) — see data/raw/ncrb/2022/PROVENANCE.md."
2022,2022-01-01,2022-12-31,state,UT,Uttarakhand,pocso_victims_age,victims,age_band,lt6,2.0,victims,NCRB,1,2022-12-31,2026-09-25,Table 4A.9 (PDF p. 422-423),Crime in India 2022,https://ncrb.gov.in/en/crime-india,"Extracted from NCRB Crime in India 2022, Vol. I (PDF, SHA-256 7c5ee3128b0b6bc7…, copy retrieved via https://data.opencity.in/dataset/crime-in-india-2022) — see data/raw/ncrb/2022/PROVENANCE.md."
2022,2022-01-01,2022-12-31,state,UT,Uttarakhand,pocso_victims_age,victims,age_band,total,648.0,victims,NCRB,1,2022-12-31,2026-09-25,Table 4A.9 (PDF p. 422-423),Crime in India 2022,https://ncrb.gov.in/en/crime-india,"Extracted from NCRB Crime in India 2022, Vol. I (PDF, SHA-256 7c5ee3128b0b6bc7…, copy retrieved via https://data.opencity.in/dataset/crime-in-india-2022) — see data/raw/ncrb/2022/PROVENANCE.md."
2023,2023-01-01,2023-12-31,state,UT,Uttarakhand,pocso_victims_age,victims,age_band,12_16,282.0,victims,NCRB,1,2023-12-31,2026-09-25,Table 4A.9 (PDF p. 422-423),Crime in India 2023,https://ncrb.gov.in/en/crime-india,"Extracted from NCRB Crime in India 2023, Vol. I (PDF, SHA-256 553ac8b2eadfe9e2…, copy retrieved via https://data.opencity.in/dataset/crime-in-india-2023) — see data/raw/ncrb/2023/PROVENANCE.md."
2023,2023-01-01,2023-12-31,state,UT,Uttarakhand,pocso_victims_age,victims,age_band,16_18,263.0,victims,NCRB,1,2023-12-31,2026-09-25,Table 4A.9 (PDF p. 422-423),Crime in India 2023,https://ncrb.gov.in/en/crime-india,"Extracted from NCRB Crime in India 2023, Vol. I (PDF, SHA-256 553ac8b2eadfe9e2…, copy retrieved via https://data.opencity.in/dataset/crime-in-india-2023) — see data/raw/ncrb/2023/PROVENANCE.md."
2023,2023-01-01,2023-12-31,state,UT,Uttarakhand,pocso_victims_age,victims,age_band,6_12,88.0,victims,NCRB,1,2023-12-31,2026-09-25,Table 4A.9 (PDF p. 422-423),Crime in India 2023,https://ncrb.gov.in/en/crime-india,"Extracted from NCRB Crime in India 2023, Vol. I (PDF, SHA-256 553ac8b2eadfe9e2…, copy retrieved via https://data.opencity.in/dataset/crime-in-india-2023) — see data/raw/ncrb/2023/PROVENANCE.md."
2023,2023-01-01,2023-12-31,state,UT,Uttarakhand,pocso_victims_age,victims,age_band,lt6,13.0,victims,NCRB,1,2023-12-31,2026-09-25,Table 4A.9 (PDF p. 422-423),Crime in India 2023,https://ncrb.gov.in/en/crime-india,"Extracted from NCRB Crime in India 2023, Vol. I (PDF, SHA-256 553ac8b2eadfe9e2…, copy retrieved via https://data.opencity.in/dataset/crime-in-india-2023) — see data/raw/ncrb/2023/PROVENANCE.md."
2023,2023-01-01,2023-12-31,state,UT,Uttarakhand,pocso_victims_age,victims,age_band,total,646.0,victims,NCRB,1,2023-12-31,2026-09-25,Table 4A.9 (PDF p. 422-423),Crime in India 2023,https://ncrb.gov.in/en/crime-india,"Extracted from NCRB Crime in India 2023, Vol. I (PDF, SHA-256 553ac8b2eadfe9e2…, copy retrieved via https://data.opencity.in/dataset/crime-in-india-2023) — see data/raw/ncrb/2023/PROVENANCE.md."
2024,2024-01-01,2024-12-31,state,UT,Uttarakhand,pocso_victims_age,victims,age_band,12_16,210.0,victims,NCRB,1,2024-12-31,2026-09-25,Table 4A.9 (PDF p. 525-526),Crime in India 2024,https://ncrb.gov.in/en/crime-india,"Extracted from NCRB Crime in India 2024, Vol. I (PDF, SHA-256 75b827bdcfcd5e64…, copy retrieved via https://data.opencity.in/dataset/crime-in-india-2024) — see data/raw/ncrb/2024/PROVENANCE.md."
2024,2024-01-01,2024-12-31,state,UT,Uttarakhand,pocso_victims_age,victims,age_band,16_18,384.0,victims,NCRB,1,2024-12-31,2026-09-25,Table 4A.9 (PDF p. 525-526),Crime in India 2024,https://ncrb.gov.in/en/crime-india,"Extracted from NCRB Crime in India 2024, Vol. I (PDF, SHA-256 75b827bdcfcd5e64…, copy retrieved via https://data.opencity.in/dataset/crime-in-india-2024) — see data/raw/ncrb/2024/PROVENANCE.md."
2024,2024-01-01,2024-12-31,state,UT,Uttarakhand,pocso_victims_age,victims,age_band,6_12,34.0,victims,NCRB,1,2024-12-31,2026-09-25,Table 4A.9 (PDF p. 525-526),Crime in India 2024,https://ncrb.gov.in/en/crime-india,"Extracted from NCRB Crime in India 2024, Vol. I (PDF, SHA-256 75b827bdcfcd5e64…, copy retrieved via https://data.opencity.in/dataset/crime-in-india-2024) — see data/raw/ncrb/2024/PROVENANCE.md."
2024,2024-01-01,2024-12-31,state,UT,Uttarakhand,pocso_victims_age,victims,age_band,lt6,5.0,victims,NCRB,1,2024-12-31,2026-09-25,Table 4A.9 (PDF p. 525-526),Crime in India 2024,https://ncrb.gov.in/en/crime-india,"Extracted from NCRB Crime in India 2024, Vol. I (PDF, SHA-256 75b827bdcfcd5e64…, copy retrieved via https://data.opencity.in/dataset/crime-in-india-2024) — see data/raw/ncrb/2024/PROVENANCE.md."
2024,2024-01-01,2024-12-31,state,UT,Uttarakhand,pocso_victims_age,victims,age_band,total,633.0,victims,NCRB,1,2024-12-31,2026-09-25,Table 4A.9 (PDF p. 525-526),Crime in India 2024,https://ncrb.gov.in/en/crime-india,"Extracted from NCRB Crime in India 2024, Vol. I (PDF, SHA-256 75b827bdcfcd5e64…, copy retrieved via https://data.opencity.in/dataset/crime-in-india-2024) — see data/raw/ncrb/2024/PROVENANCE.md."
2022,2022-01-01,2022-12-31,state,WB,West Bengal,pocso_victims_age,victims,age_band,12_16,675.0,victims,NCRB,1,2022-12-31,2026-09-25,Table 4A.9 (PDF p. 422-423),Crime in India 2022,https://ncrb.gov.in/en/crime-india,"Extracted from NCRB Crime in India 2022, Vol. I (PDF, SHA-256 7c5ee3128b0b6bc7…, copy retrieved via https://data.opencity.in/dataset/crime-in-india-2022) — see data/raw/ncrb/2022/PROVENANCE.md."
2022,2022-01-01,2022-12-31,state,WB,West Bengal,pocso_victims_age,victims,age_band,16_18,554.0,victims,NCRB,1,2022-12-31,2026-09-25,Table 4A.9 (PDF p. 422-423),Crime in India 2022,https://ncrb.gov.in/en/crime-india,"Extracted from NCRB Crime in India 2022, Vol. I (PDF, SHA-256 7c5ee3128b0b6bc7…, copy retrieved via https://data.opencity.in/dataset/crime-in-india-2022) — see data/raw/ncrb/2022/PROVENANCE.md."
2022,2022-01-01,2022-12-31,state,WB,West Bengal,pocso_victims_age,victims,age_band,6_12,360.0,victims,NCRB,1,2022-12-31,2026-09-25,Table 4A.9 (PDF p. 422-423),Crime in India 2022,https://ncrb.gov.in/en/crime-india,"Extracted from NCRB Crime in India 2022, Vol. I (PDF, SHA-256 7c5ee3128b0b6bc7…, copy retrieved via https://data.opencity.in/dataset/crime-in-india-2022) — see data/raw/ncrb/2022/PROVENANCE.md."
2022,2022-01-01,2022-12-31,state,WB,West Bengal,pocso_victims_age,victims,age_band,lt6,110.0,victims,NCRB,1,2022-12-31,2026-09-25,Table 4A.9 (PDF p. 422-423),Crime in India 2022,https://ncrb.gov.in/en/crime-india,"Extracted from NCRB Crime in India 2022, Vol. I (PDF, SHA-256 7c5ee3128b0b6bc7…, copy retrieved via https://data.opencity.in/dataset/crime-in-india-2022) — see data/raw/ncrb/2022/PROVENANCE.md."
2022,2022-01-01,2022-12-31,state,WB,West Bengal,pocso_victims_age,victims,age_band,total,1699.0,victims,NCRB,1,2022-12-31,2026-09-25,Table 4A.9 (PDF p. 422-423),Crime in India 2022,https://ncrb.gov.in/en/crime-india,"Extracted from NCRB Crime in India 2022, Vol. I (PDF, SHA-256 7c5ee3128b0b6bc7…, copy retrieved via https://data.opencity.in/dataset/crime-in-india-2022) — see data/raw/ncrb/2022/PROVENANCE.md."
2023,2023-01-01,2023-12-31,state,WB,West Bengal,pocso_victims_age,victims,age_band,12_16,635.0,victims,NCRB,1,2023-12-31,2026-09-25,Table 4A.9 (PDF p. 422-423),Crime in India 2023,https://ncrb.gov.in/en/crime-india,"Extracted from NCRB Crime in India 2023, Vol. I (PDF, SHA-256 553ac8b2eadfe9e2…, copy retrieved via https://data.opencity.in/dataset/crime-in-india-2023) — see data/raw/ncrb/2023/PROVENANCE.md."
2023,2023-01-01,2023-12-31,state,WB,West Bengal,pocso_victims_age,victims,age_band,16_18,694.0,victims,NCRB,1,2023-12-31,2026-09-25,Table 4A.9 (PDF p. 422-423),Crime in India 2023,https://ncrb.gov.in/en/crime-india,"Extracted from NCRB Crime in India 2023, Vol. I (PDF, SHA-256 553ac8b2eadfe9e2…, copy retrieved via https://data.opencity.in/dataset/crime-in-india-2023) — see data/raw/ncrb/2023/PROVENANCE.md."
2023,2023-01-01,2023-12-31,state,WB,West Bengal,pocso_victims_age,victims,age_band,6_12,384.0,victims,NCRB,1,2023-12-31,2026-09-25,Table 4A.9 (PDF p. 422-423),Crime in India 2023,https://ncrb.gov.in/en/crime-india,"Extracted from NCRB Crime in India 2023, Vol. I (PDF, SHA-256 553ac8b2eadfe9e2…, copy retrieved via https://data.opencity.in/dataset/crime-in-india-2023) — see data/raw/ncrb/2023/PROVENANCE.md."
2023,2023-01-01,2023-12-31,state,WB,West Bengal,pocso_victims_age,victims,age_band,lt6,110.0,victims,NCRB,1,2023-12-31,2026-09-25,Table 4A.9 (PDF p. 422-423),Crime in India 2023,https://ncrb.gov.in/en/crime-india,"Extracted from NCRB Crime in India 2023, Vol. I (PDF, SHA-256 553ac8b2eadfe9e2…, copy retrieved via https://data.opencity.in/dataset/crime-in-india-2023) — see data/raw/ncrb/2023/PROVENANCE.md."
2023,2023-01-01,2023-12-31,state,WB,West Bengal,pocso_victims_age,victims,age_band,total,1823.0,victims,NCRB,1,2023-12-31,2026-09-25,Table 4A.9 (PDF p. 422-423),Crime in India 2023,https://ncrb.gov.in/en/crime-india,"Extracted from NCRB Crime in India 2023, Vol. I (PDF, SHA-256 553ac8b2eadfe9e2…, copy retrieved via https://data.opencity.in/dataset/crime-in-india-2023) — see data/raw/ncrb/2023/PROVENANCE.md."
2024,2024-01-01,2024-12-31,state,WB,West Bengal,pocso_victims_age,victims,age_band,12_16,780.0,victims,NCRB,1,2024-12-31,2026-09-25,Table 4A.9 (PDF p. 525-526),Crime in India 2024,https://ncrb.gov.in/en/crime-india,"Extracted from NCRB Crime in India 2024, Vol. I (PDF, SHA-256 75b827bdcfcd5e64…, copy retrieved via https://data.opencity.in/dataset/crime-in-india-2024) — see data/raw/ncrb/2024/PROVENANCE.md."
2024,2024-01-01,2024-12-31,state,WB,West Bengal,pocso_victims_age,victims,age_band,16_18,637.0,victims,NCRB,1,2024-12-31,2026-09-25,Table 4A.9 (PDF p. 525-526),Crime in India 2024,https://ncrb.gov.in/en/crime-india,"Extracted from NCRB Crime in India 2024, Vol. I (PDF, SHA-256 75b827bdcfcd5e64…, copy retrieved via https://data.opencity.in/dataset/crime-in-india-2024) — see data/raw/ncrb/2024/PROVENANCE.md."
2024,2024-01-01,2024-12-31,state,WB,West Bengal,pocso_victims_age,victims,age_band,6_12,370.0,victims,NCRB,1,2024-12-31,2026-09-25,Table 4A.9 (PDF p. 525-526),Crime in India 2024,https://ncrb.gov.in/en/crime-india,"Extracted from NCRB Crime in India 2024, Vol. I (PDF, SHA-256 75b827bdcfcd5e64…, copy retrieved via https://data.opencity.in/dataset/crime-in-india-2024) — see data/raw/ncrb/2024/PROVENANCE.md."
2024,2024-01-01,2024-12-31,state,WB,West Bengal,pocso_victims_age,victims,age_band,lt6,90.0,victims,NCRB,1,2024-12-31,2026-09-25,Table 4A.9 (PDF p. 525-526),Crime in India 2024,https://ncrb.gov.in/en/crime-india,"Extracted from NCRB Crime in India 2024, Vol. I (PDF, SHA-256 75b827bdcfcd5e64…, copy retrieved via https://data.opencity.in/dataset/crime-in-india-2024) — see data/raw/ncrb/2024/PROVENANCE.md."
2024,2024-01-01,2024-12-31,state,WB,West Bengal,pocso_victims_age,victims,age_band,total,1877.0,victims,NCRB,1,2024-12-31,2026-09-25,Table 4A.9 (PDF p. 525-526),Crime in India 2024,https://ncrb.gov.in/en/crime-india,"Extracted from NCRB Crime in India 2024, Vol. I (PDF, SHA-256 75b827bdcfcd5e64…, copy retrieved via https://data.opencity.in/dataset/crime-in-india-2024) — see data/raw/ncrb/2024/PROVENANCE.md."
