year,period_start,period_end,geo_level,geo_code,geo_name,dataset,metric,dimension,dimension_value,value,unit,source_org,tier,as_of_date,retrieved_on,source_table,source_edition,source_url,notes
2022,2022-01-01,2022-12-31,aggregate,IN-STATES,Total (States),pocso_relationship,cases,relationship,family_friends_neighbours_known,13143.0,cases,NCRB,1,2022-12-31,2026-09-25,Table 4A.10 (PDF p. 424),Crime in India 2022,https://ncrb.gov.in/en/crime-india,"Extracted from NCRB Crime in India 2022, Vol. I (PDF, SHA-256 7c5ee3128b0b6bc7…, copy retrieved via https://data.opencity.in/dataset/crime-in-india-2022) — see data/raw/ncrb/2022/PROVENANCE.md."
2022,2022-01-01,2022-12-31,aggregate,IN-STATES,Total (States),pocso_relationship,cases,relationship,family_members,3157.0,cases,NCRB,1,2022-12-31,2026-09-25,Table 4A.10 (PDF p. 424),Crime in India 2022,https://ncrb.gov.in/en/crime-india,"Extracted from NCRB Crime in India 2022, Vol. I (PDF, SHA-256 7c5ee3128b0b6bc7…, copy retrieved via https://data.opencity.in/dataset/crime-in-india-2022) — see data/raw/ncrb/2022/PROVENANCE.md."
2022,2022-01-01,2022-12-31,aggregate,IN-STATES,Total (States),pocso_relationship,cases,relationship,friends_online_partners,19107.0,cases,NCRB,1,2022-12-31,2026-09-25,Table 4A.10 (PDF p. 424),Crime in India 2022,https://ncrb.gov.in/en/crime-india,"Extracted from NCRB Crime in India 2022, Vol. I (PDF, SHA-256 7c5ee3128b0b6bc7…, copy retrieved via https://data.opencity.in/dataset/crime-in-india-2022) — see data/raw/ncrb/2022/PROVENANCE.md."
2022,2022-01-01,2022-12-31,aggregate,IN-STATES,Total (States),pocso_relationship,cases,relationship,known_total,35407.0,cases,NCRB,1,2022-12-31,2026-09-25,Table 4A.10 (PDF p. 424),Crime in India 2022,https://ncrb.gov.in/en/crime-india,"Extracted from NCRB Crime in India 2022, Vol. I (PDF, SHA-256 7c5ee3128b0b6bc7…, copy retrieved via https://data.opencity.in/dataset/crime-in-india-2022) — see data/raw/ncrb/2022/PROVENANCE.md."
2022,2022-01-01,2022-12-31,aggregate,IN-STATES,Total (States),pocso_relationship,cases,relationship,total,36584.0,cases,NCRB,1,2022-12-31,2026-09-25,Table 4A.10 (PDF p. 424),Crime in India 2022,https://ncrb.gov.in/en/crime-india,"Extracted from NCRB Crime in India 2022, Vol. I (PDF, SHA-256 7c5ee3128b0b6bc7…, copy retrieved via https://data.opencity.in/dataset/crime-in-india-2022) — see data/raw/ncrb/2022/PROVENANCE.md."
2022,2022-01-01,2022-12-31,aggregate,IN-STATES,Total (States),pocso_relationship,cases,relationship,unknown,1177.0,cases,NCRB,1,2022-12-31,2026-09-25,Table 4A.10 (PDF p. 424),Crime in India 2022,https://ncrb.gov.in/en/crime-india,"Extracted from NCRB Crime in India 2022, Vol. I (PDF, SHA-256 7c5ee3128b0b6bc7…, copy retrieved via https://data.opencity.in/dataset/crime-in-india-2022) — see data/raw/ncrb/2022/PROVENANCE.md."
2023,2023-01-01,2023-12-31,aggregate,IN-STATES,Total (States),pocso_relationship,cases,relationship,family_friends_neighbours_known,14514.0,cases,NCRB,1,2023-12-31,2026-09-25,Table 4A.10 (PDF p. 424),Crime in India 2023,https://ncrb.gov.in/en/crime-india,"Extracted from NCRB Crime in India 2023, Vol. I (PDF, SHA-256 553ac8b2eadfe9e2…, copy retrieved via https://data.opencity.in/dataset/crime-in-india-2023) — see data/raw/ncrb/2023/PROVENANCE.md."
2023,2023-01-01,2023-12-31,aggregate,IN-STATES,Total (States),pocso_relationship,cases,relationship,family_members,3063.0,cases,NCRB,1,2023-12-31,2026-09-25,Table 4A.10 (PDF p. 424),Crime in India 2023,https://ncrb.gov.in/en/crime-india,"Extracted from NCRB Crime in India 2023, Vol. I (PDF, SHA-256 553ac8b2eadfe9e2…, copy retrieved via https://data.opencity.in/dataset/crime-in-india-2023) — see data/raw/ncrb/2023/PROVENANCE.md."
2023,2023-01-01,2023-12-31,aggregate,IN-STATES,Total (States),pocso_relationship,cases,relationship,friends_online_partners,20063.0,cases,NCRB,1,2023-12-31,2026-09-25,Table 4A.10 (PDF p. 424),Crime in India 2023,https://ncrb.gov.in/en/crime-india,"Extracted from NCRB Crime in India 2023, Vol. I (PDF, SHA-256 553ac8b2eadfe9e2…, copy retrieved via https://data.opencity.in/dataset/crime-in-india-2023) — see data/raw/ncrb/2023/PROVENANCE.md."
2023,2023-01-01,2023-12-31,aggregate,IN-STATES,Total (States),pocso_relationship,cases,relationship,known_total,37640.0,cases,NCRB,1,2023-12-31,2026-09-25,Table 4A.10 (PDF p. 424),Crime in India 2023,https://ncrb.gov.in/en/crime-india,"Extracted from NCRB Crime in India 2023, Vol. I (PDF, SHA-256 553ac8b2eadfe9e2…, copy retrieved via https://data.opencity.in/dataset/crime-in-india-2023) — see data/raw/ncrb/2023/PROVENANCE.md."
2023,2023-01-01,2023-12-31,aggregate,IN-STATES,Total (States),pocso_relationship,cases,relationship,total,38976.0,cases,NCRB,1,2023-12-31,2026-09-25,Table 4A.10 (PDF p. 424),Crime in India 2023,https://ncrb.gov.in/en/crime-india,"Extracted from NCRB Crime in India 2023, Vol. I (PDF, SHA-256 553ac8b2eadfe9e2…, copy retrieved via https://data.opencity.in/dataset/crime-in-india-2023) — see data/raw/ncrb/2023/PROVENANCE.md."
2023,2023-01-01,2023-12-31,aggregate,IN-STATES,Total (States),pocso_relationship,cases,relationship,unknown,1336.0,cases,NCRB,1,2023-12-31,2026-09-25,Table 4A.10 (PDF p. 424),Crime in India 2023,https://ncrb.gov.in/en/crime-india,"Extracted from NCRB Crime in India 2023, Vol. I (PDF, SHA-256 553ac8b2eadfe9e2…, copy retrieved via https://data.opencity.in/dataset/crime-in-india-2023) — see data/raw/ncrb/2023/PROVENANCE.md."
2024,2024-01-01,2024-12-31,aggregate,IN-STATES,Total (States),pocso_relationship,cases,relationship,family_friends_neighbours_known,16028.0,cases,NCRB,1,2024-12-31,2026-09-25,Table 4A.10 (PDF p. 527),Crime in India 2024,https://ncrb.gov.in/en/crime-india,"Extracted from NCRB Crime in India 2024, Vol. I (PDF, SHA-256 75b827bdcfcd5e64…, copy retrieved via https://data.opencity.in/dataset/crime-in-india-2024) — see data/raw/ncrb/2024/PROVENANCE.md."
2024,2024-01-01,2024-12-31,aggregate,IN-STATES,Total (States),pocso_relationship,cases,relationship,family_members,3510.0,cases,NCRB,1,2024-12-31,2026-09-25,Table 4A.10 (PDF p. 527),Crime in India 2024,https://ncrb.gov.in/en/crime-india,"Extracted from NCRB Crime in India 2024, Vol. I (PDF, SHA-256 75b827bdcfcd5e64…, copy retrieved via https://data.opencity.in/dataset/crime-in-india-2024) — see data/raw/ncrb/2024/PROVENANCE.md."
2024,2024-01-01,2024-12-31,aggregate,IN-STATES,Total (States),pocso_relationship,cases,relationship,friends_online_partners,21705.0,cases,NCRB,1,2024-12-31,2026-09-25,Table 4A.10 (PDF p. 527),Crime in India 2024,https://ncrb.gov.in/en/crime-india,"Extracted from NCRB Crime in India 2024, Vol. I (PDF, SHA-256 75b827bdcfcd5e64…, copy retrieved via https://data.opencity.in/dataset/crime-in-india-2024) — see data/raw/ncrb/2024/PROVENANCE.md."
2024,2024-01-01,2024-12-31,aggregate,IN-STATES,Total (States),pocso_relationship,cases,relationship,known_total,41243.0,cases,NCRB,1,2024-12-31,2026-09-25,Table 4A.10 (PDF p. 527),Crime in India 2024,https://ncrb.gov.in/en/crime-india,"Extracted from NCRB Crime in India 2024, Vol. I (PDF, SHA-256 75b827bdcfcd5e64…, copy retrieved via https://data.opencity.in/dataset/crime-in-india-2024) — see data/raw/ncrb/2024/PROVENANCE.md."
2024,2024-01-01,2024-12-31,aggregate,IN-STATES,Total (States),pocso_relationship,cases,relationship,total,42671.0,cases,NCRB,1,2024-12-31,2026-09-25,Table 4A.10 (PDF p. 527),Crime in India 2024,https://ncrb.gov.in/en/crime-india,"Extracted from NCRB Crime in India 2024, Vol. I (PDF, SHA-256 75b827bdcfcd5e64…, copy retrieved via https://data.opencity.in/dataset/crime-in-india-2024) — see data/raw/ncrb/2024/PROVENANCE.md."
2024,2024-01-01,2024-12-31,aggregate,IN-STATES,Total (States),pocso_relationship,cases,relationship,unknown,1428.0,cases,NCRB,1,2024-12-31,2026-09-25,Table 4A.10 (PDF p. 527),Crime in India 2024,https://ncrb.gov.in/en/crime-india,"Extracted from NCRB Crime in India 2024, Vol. I (PDF, SHA-256 75b827bdcfcd5e64…, copy retrieved via https://data.opencity.in/dataset/crime-in-india-2024) — see data/raw/ncrb/2024/PROVENANCE.md."
2022,2022-01-01,2022-12-31,aggregate,IN-UTS,Total (UTs),pocso_relationship,cases,relationship,family_friends_neighbours_known,498.0,cases,NCRB,1,2022-12-31,2026-09-25,Table 4A.10 (PDF p. 424),Crime in India 2022,https://ncrb.gov.in/en/crime-india,"Extracted from NCRB Crime in India 2022, Vol. I (PDF, SHA-256 7c5ee3128b0b6bc7…, copy retrieved via https://data.opencity.in/dataset/crime-in-india-2022) — see data/raw/ncrb/2022/PROVENANCE.md."
2022,2022-01-01,2022-12-31,aggregate,IN-UTS,Total (UTs),pocso_relationship,cases,relationship,family_members,119.0,cases,NCRB,1,2022-12-31,2026-09-25,Table 4A.10 (PDF p. 424),Crime in India 2022,https://ncrb.gov.in/en/crime-india,"Extracted from NCRB Crime in India 2022, Vol. I (PDF, SHA-256 7c5ee3128b0b6bc7…, copy retrieved via https://data.opencity.in/dataset/crime-in-india-2022) — see data/raw/ncrb/2022/PROVENANCE.md."
2022,2022-01-01,2022-12-31,aggregate,IN-UTS,Total (UTs),pocso_relationship,cases,relationship,friends_online_partners,658.0,cases,NCRB,1,2022-12-31,2026-09-25,Table 4A.10 (PDF p. 424),Crime in India 2022,https://ncrb.gov.in/en/crime-india,"Extracted from NCRB Crime in India 2022, Vol. I (PDF, SHA-256 7c5ee3128b0b6bc7…, copy retrieved via https://data.opencity.in/dataset/crime-in-india-2022) — see data/raw/ncrb/2022/PROVENANCE.md."
2022,2022-01-01,2022-12-31,aggregate,IN-UTS,Total (UTs),pocso_relationship,cases,relationship,known_total,1275.0,cases,NCRB,1,2022-12-31,2026-09-25,Table 4A.10 (PDF p. 424),Crime in India 2022,https://ncrb.gov.in/en/crime-india,"Extracted from NCRB Crime in India 2022, Vol. I (PDF, SHA-256 7c5ee3128b0b6bc7…, copy retrieved via https://data.opencity.in/dataset/crime-in-india-2022) — see data/raw/ncrb/2022/PROVENANCE.md."
2022,2022-01-01,2022-12-31,aggregate,IN-UTS,Total (UTs),pocso_relationship,cases,relationship,total,1323.0,cases,NCRB,1,2022-12-31,2026-09-25,Table 4A.10 (PDF p. 424),Crime in India 2022,https://ncrb.gov.in/en/crime-india,"Extracted from NCRB Crime in India 2022, Vol. I (PDF, SHA-256 7c5ee3128b0b6bc7…, copy retrieved via https://data.opencity.in/dataset/crime-in-india-2022) — see data/raw/ncrb/2022/PROVENANCE.md."
2022,2022-01-01,2022-12-31,aggregate,IN-UTS,Total (UTs),pocso_relationship,cases,relationship,unknown,48.0,cases,NCRB,1,2022-12-31,2026-09-25,Table 4A.10 (PDF p. 424),Crime in India 2022,https://ncrb.gov.in/en/crime-india,"Extracted from NCRB Crime in India 2022, Vol. I (PDF, SHA-256 7c5ee3128b0b6bc7…, copy retrieved via https://data.opencity.in/dataset/crime-in-india-2022) — see data/raw/ncrb/2022/PROVENANCE.md."
2023,2023-01-01,2023-12-31,aggregate,IN-UTS,Total (UTs),pocso_relationship,cases,relationship,family_friends_neighbours_known,632.0,cases,NCRB,1,2023-12-31,2026-09-25,Table 4A.10 (PDF p. 424),Crime in India 2023,https://ncrb.gov.in/en/crime-india,"Extracted from NCRB Crime in India 2023, Vol. I (PDF, SHA-256 553ac8b2eadfe9e2…, copy retrieved via https://data.opencity.in/dataset/crime-in-india-2023) — see data/raw/ncrb/2023/PROVENANCE.md."
2023,2023-01-01,2023-12-31,aggregate,IN-UTS,Total (UTs),pocso_relationship,cases,relationship,family_members,161.0,cases,NCRB,1,2023-12-31,2026-09-25,Table 4A.10 (PDF p. 424),Crime in India 2023,https://ncrb.gov.in/en/crime-india,"Extracted from NCRB Crime in India 2023, Vol. I (PDF, SHA-256 553ac8b2eadfe9e2…, copy retrieved via https://data.opencity.in/dataset/crime-in-india-2023) — see data/raw/ncrb/2023/PROVENANCE.md."
2023,2023-01-01,2023-12-31,aggregate,IN-UTS,Total (UTs),pocso_relationship,cases,relationship,friends_online_partners,643.0,cases,NCRB,1,2023-12-31,2026-09-25,Table 4A.10 (PDF p. 424),Crime in India 2023,https://ncrb.gov.in/en/crime-india,"Extracted from NCRB Crime in India 2023, Vol. I (PDF, SHA-256 553ac8b2eadfe9e2…, copy retrieved via https://data.opencity.in/dataset/crime-in-india-2023) — see data/raw/ncrb/2023/PROVENANCE.md."
2023,2023-01-01,2023-12-31,aggregate,IN-UTS,Total (UTs),pocso_relationship,cases,relationship,known_total,1436.0,cases,NCRB,1,2023-12-31,2026-09-25,Table 4A.10 (PDF p. 424),Crime in India 2023,https://ncrb.gov.in/en/crime-india,"Extracted from NCRB Crime in India 2023, Vol. I (PDF, SHA-256 553ac8b2eadfe9e2…, copy retrieved via https://data.opencity.in/dataset/crime-in-india-2023) — see data/raw/ncrb/2023/PROVENANCE.md."
2023,2023-01-01,2023-12-31,aggregate,IN-UTS,Total (UTs),pocso_relationship,cases,relationship,total,1458.0,cases,NCRB,1,2023-12-31,2026-09-25,Table 4A.10 (PDF p. 424),Crime in India 2023,https://ncrb.gov.in/en/crime-india,"Extracted from NCRB Crime in India 2023, Vol. I (PDF, SHA-256 553ac8b2eadfe9e2…, copy retrieved via https://data.opencity.in/dataset/crime-in-india-2023) — see data/raw/ncrb/2023/PROVENANCE.md."
2023,2023-01-01,2023-12-31,aggregate,IN-UTS,Total (UTs),pocso_relationship,cases,relationship,unknown,22.0,cases,NCRB,1,2023-12-31,2026-09-25,Table 4A.10 (PDF p. 424),Crime in India 2023,https://ncrb.gov.in/en/crime-india,"Extracted from NCRB Crime in India 2023, Vol. I (PDF, SHA-256 553ac8b2eadfe9e2…, copy retrieved via https://data.opencity.in/dataset/crime-in-india-2023) — see data/raw/ncrb/2023/PROVENANCE.md."
2024,2024-01-01,2024-12-31,aggregate,IN-UTS,Total (UTs),pocso_relationship,cases,relationship,family_friends_neighbours_known,640.0,cases,NCRB,1,2024-12-31,2026-09-25,Table 4A.10 (PDF p. 527),Crime in India 2024,https://ncrb.gov.in/en/crime-india,"Extracted from NCRB Crime in India 2024, Vol. I (PDF, SHA-256 75b827bdcfcd5e64…, copy retrieved via https://data.opencity.in/dataset/crime-in-india-2024) — see data/raw/ncrb/2024/PROVENANCE.md."
2024,2024-01-01,2024-12-31,aggregate,IN-UTS,Total (UTs),pocso_relationship,cases,relationship,family_members,148.0,cases,NCRB,1,2024-12-31,2026-09-25,Table 4A.10 (PDF p. 527),Crime in India 2024,https://ncrb.gov.in/en/crime-india,"Extracted from NCRB Crime in India 2024, Vol. I (PDF, SHA-256 75b827bdcfcd5e64…, copy retrieved via https://data.opencity.in/dataset/crime-in-india-2024) — see data/raw/ncrb/2024/PROVENANCE.md."
2024,2024-01-01,2024-12-31,aggregate,IN-UTS,Total (UTs),pocso_relationship,cases,relationship,friends_online_partners,603.0,cases,NCRB,1,2024-12-31,2026-09-25,Table 4A.10 (PDF p. 527),Crime in India 2024,https://ncrb.gov.in/en/crime-india,"Extracted from NCRB Crime in India 2024, Vol. I (PDF, SHA-256 75b827bdcfcd5e64…, copy retrieved via https://data.opencity.in/dataset/crime-in-india-2024) — see data/raw/ncrb/2024/PROVENANCE.md."
2024,2024-01-01,2024-12-31,aggregate,IN-UTS,Total (UTs),pocso_relationship,cases,relationship,known_total,1391.0,cases,NCRB,1,2024-12-31,2026-09-25,Table 4A.10 (PDF p. 527),Crime in India 2024,https://ncrb.gov.in/en/crime-india,"Extracted from NCRB Crime in India 2024, Vol. I (PDF, SHA-256 75b827bdcfcd5e64…, copy retrieved via https://data.opencity.in/dataset/crime-in-india-2024) — see data/raw/ncrb/2024/PROVENANCE.md."
2024,2024-01-01,2024-12-31,aggregate,IN-UTS,Total (UTs),pocso_relationship,cases,relationship,total,1455.0,cases,NCRB,1,2024-12-31,2026-09-25,Table 4A.10 (PDF p. 527),Crime in India 2024,https://ncrb.gov.in/en/crime-india,"Extracted from NCRB Crime in India 2024, Vol. I (PDF, SHA-256 75b827bdcfcd5e64…, copy retrieved via https://data.opencity.in/dataset/crime-in-india-2024) — see data/raw/ncrb/2024/PROVENANCE.md."
2024,2024-01-01,2024-12-31,aggregate,IN-UTS,Total (UTs),pocso_relationship,cases,relationship,unknown,64.0,cases,NCRB,1,2024-12-31,2026-09-25,Table 4A.10 (PDF p. 527),Crime in India 2024,https://ncrb.gov.in/en/crime-india,"Extracted from NCRB Crime in India 2024, Vol. I (PDF, SHA-256 75b827bdcfcd5e64…, copy retrieved via https://data.opencity.in/dataset/crime-in-india-2024) — see data/raw/ncrb/2024/PROVENANCE.md."
2022,2022-01-01,2022-12-31,country,IN,India,pocso_relationship,cases,relationship,family_friends_neighbours_known,13641.0,cases,NCRB,1,2022-12-31,2026-09-25,Table 4A.10 (PDF p. 424),Crime in India 2022,https://ncrb.gov.in/en/crime-india,"Extracted from NCRB Crime in India 2022, Vol. I (PDF, SHA-256 7c5ee3128b0b6bc7…, copy retrieved via https://data.opencity.in/dataset/crime-in-india-2022) — see data/raw/ncrb/2022/PROVENANCE.md."
2022,2022-01-01,2022-12-31,country,IN,India,pocso_relationship,cases,relationship,family_members,3276.0,cases,NCRB,1,2022-12-31,2026-09-25,Table 4A.10 (PDF p. 424),Crime in India 2022,https://ncrb.gov.in/en/crime-india,"Extracted from NCRB Crime in India 2022, Vol. I (PDF, SHA-256 7c5ee3128b0b6bc7…, copy retrieved via https://data.opencity.in/dataset/crime-in-india-2022) — see data/raw/ncrb/2022/PROVENANCE.md."
2022,2022-01-01,2022-12-31,country,IN,India,pocso_relationship,cases,relationship,friends_online_partners,19765.0,cases,NCRB,1,2022-12-31,2026-09-25,Table 4A.10 (PDF p. 424),Crime in India 2022,https://ncrb.gov.in/en/crime-india,"Extracted from NCRB Crime in India 2022, Vol. I (PDF, SHA-256 7c5ee3128b0b6bc7…, copy retrieved via https://data.opencity.in/dataset/crime-in-india-2022) — see data/raw/ncrb/2022/PROVENANCE.md."
2022,2022-01-01,2022-12-31,country,IN,India,pocso_relationship,cases,relationship,known_total,36682.0,cases,NCRB,1,2022-12-31,2026-09-25,Table 4A.10 (PDF p. 424),Crime in India 2022,https://ncrb.gov.in/en/crime-india,"Extracted from NCRB Crime in India 2022, Vol. I (PDF, SHA-256 7c5ee3128b0b6bc7…, copy retrieved via https://data.opencity.in/dataset/crime-in-india-2022) — see data/raw/ncrb/2022/PROVENANCE.md."
2022,2022-01-01,2022-12-31,country,IN,India,pocso_relationship,cases,relationship,total,37907.0,cases,NCRB,1,2022-12-31,2026-09-25,Table 4A.10 (PDF p. 424),Crime in India 2022,https://ncrb.gov.in/en/crime-india,"Extracted from NCRB Crime in India 2022, Vol. I (PDF, SHA-256 7c5ee3128b0b6bc7…, copy retrieved via https://data.opencity.in/dataset/crime-in-india-2022) — see data/raw/ncrb/2022/PROVENANCE.md."
2022,2022-01-01,2022-12-31,country,IN,India,pocso_relationship,cases,relationship,unknown,1225.0,cases,NCRB,1,2022-12-31,2026-09-25,Table 4A.10 (PDF p. 424),Crime in India 2022,https://ncrb.gov.in/en/crime-india,"Extracted from NCRB Crime in India 2022, Vol. I (PDF, SHA-256 7c5ee3128b0b6bc7…, copy retrieved via https://data.opencity.in/dataset/crime-in-india-2022) — see data/raw/ncrb/2022/PROVENANCE.md."
2023,2023-01-01,2023-12-31,country,IN,India,pocso_relationship,cases,relationship,family_friends_neighbours_known,15146.0,cases,NCRB,1,2023-12-31,2026-09-25,Table 4A.10 (PDF p. 424),Crime in India 2023,https://ncrb.gov.in/en/crime-india,"Extracted from NCRB Crime in India 2023, Vol. I (PDF, SHA-256 553ac8b2eadfe9e2…, copy retrieved via https://data.opencity.in/dataset/crime-in-india-2023) — see data/raw/ncrb/2023/PROVENANCE.md."
2023,2023-01-01,2023-12-31,country,IN,India,pocso_relationship,cases,relationship,family_members,3224.0,cases,NCRB,1,2023-12-31,2026-09-25,Table 4A.10 (PDF p. 424),Crime in India 2023,https://ncrb.gov.in/en/crime-india,"Extracted from NCRB Crime in India 2023, Vol. I (PDF, SHA-256 553ac8b2eadfe9e2…, copy retrieved via https://data.opencity.in/dataset/crime-in-india-2023) — see data/raw/ncrb/2023/PROVENANCE.md."
2023,2023-01-01,2023-12-31,country,IN,India,pocso_relationship,cases,relationship,friends_online_partners,20706.0,cases,NCRB,1,2023-12-31,2026-09-25,Table 4A.10 (PDF p. 424),Crime in India 2023,https://ncrb.gov.in/en/crime-india,"Extracted from NCRB Crime in India 2023, Vol. I (PDF, SHA-256 553ac8b2eadfe9e2…, copy retrieved via https://data.opencity.in/dataset/crime-in-india-2023) — see data/raw/ncrb/2023/PROVENANCE.md."
2023,2023-01-01,2023-12-31,country,IN,India,pocso_relationship,cases,relationship,known_total,39076.0,cases,NCRB,1,2023-12-31,2026-09-25,Table 4A.10 (PDF p. 424),Crime in India 2023,https://ncrb.gov.in/en/crime-india,"Extracted from NCRB Crime in India 2023, Vol. I (PDF, SHA-256 553ac8b2eadfe9e2…, copy retrieved via https://data.opencity.in/dataset/crime-in-india-2023) — see data/raw/ncrb/2023/PROVENANCE.md."
2023,2023-01-01,2023-12-31,country,IN,India,pocso_relationship,cases,relationship,total,40434.0,cases,NCRB,1,2023-12-31,2026-09-25,Table 4A.10 (PDF p. 424),Crime in India 2023,https://ncrb.gov.in/en/crime-india,"Extracted from NCRB Crime in India 2023, Vol. I (PDF, SHA-256 553ac8b2eadfe9e2…, copy retrieved via https://data.opencity.in/dataset/crime-in-india-2023) — see data/raw/ncrb/2023/PROVENANCE.md."
2023,2023-01-01,2023-12-31,country,IN,India,pocso_relationship,cases,relationship,unknown,1358.0,cases,NCRB,1,2023-12-31,2026-09-25,Table 4A.10 (PDF p. 424),Crime in India 2023,https://ncrb.gov.in/en/crime-india,"Extracted from NCRB Crime in India 2023, Vol. I (PDF, SHA-256 553ac8b2eadfe9e2…, copy retrieved via https://data.opencity.in/dataset/crime-in-india-2023) — see data/raw/ncrb/2023/PROVENANCE.md."
2024,2024-01-01,2024-12-31,country,IN,India,pocso_relationship,cases,relationship,family_friends_neighbours_known,16668.0,cases,NCRB,1,2024-12-31,2026-09-25,Table 4A.10 (PDF p. 527),Crime in India 2024,https://ncrb.gov.in/en/crime-india,"Extracted from NCRB Crime in India 2024, Vol. I (PDF, SHA-256 75b827bdcfcd5e64…, copy retrieved via https://data.opencity.in/dataset/crime-in-india-2024) — see data/raw/ncrb/2024/PROVENANCE.md."
2024,2024-01-01,2024-12-31,country,IN,India,pocso_relationship,cases,relationship,family_members,3658.0,cases,NCRB,1,2024-12-31,2026-09-25,Table 4A.10 (PDF p. 527),Crime in India 2024,https://ncrb.gov.in/en/crime-india,"Extracted from NCRB Crime in India 2024, Vol. I (PDF, SHA-256 75b827bdcfcd5e64…, copy retrieved via https://data.opencity.in/dataset/crime-in-india-2024) — see data/raw/ncrb/2024/PROVENANCE.md."
2024,2024-01-01,2024-12-31,country,IN,India,pocso_relationship,cases,relationship,friends_online_partners,22308.0,cases,NCRB,1,2024-12-31,2026-09-25,Table 4A.10 (PDF p. 527),Crime in India 2024,https://ncrb.gov.in/en/crime-india,"Extracted from NCRB Crime in India 2024, Vol. I (PDF, SHA-256 75b827bdcfcd5e64…, copy retrieved via https://data.opencity.in/dataset/crime-in-india-2024) — see data/raw/ncrb/2024/PROVENANCE.md."
2024,2024-01-01,2024-12-31,country,IN,India,pocso_relationship,cases,relationship,known_total,42634.0,cases,NCRB,1,2024-12-31,2026-09-25,Table 4A.10 (PDF p. 527),Crime in India 2024,https://ncrb.gov.in/en/crime-india,"Extracted from NCRB Crime in India 2024, Vol. I (PDF, SHA-256 75b827bdcfcd5e64…, copy retrieved via https://data.opencity.in/dataset/crime-in-india-2024) — see data/raw/ncrb/2024/PROVENANCE.md."
2024,2024-01-01,2024-12-31,country,IN,India,pocso_relationship,cases,relationship,total,44126.0,cases,NCRB,1,2024-12-31,2026-09-25,Table 4A.10 (PDF p. 527),Crime in India 2024,https://ncrb.gov.in/en/crime-india,"Extracted from NCRB Crime in India 2024, Vol. I (PDF, SHA-256 75b827bdcfcd5e64…, copy retrieved via https://data.opencity.in/dataset/crime-in-india-2024) — see data/raw/ncrb/2024/PROVENANCE.md."
2024,2024-01-01,2024-12-31,country,IN,India,pocso_relationship,cases,relationship,unknown,1492.0,cases,NCRB,1,2024-12-31,2026-09-25,Table 4A.10 (PDF p. 527),Crime in India 2024,https://ncrb.gov.in/en/crime-india,"Extracted from NCRB Crime in India 2024, Vol. I (PDF, SHA-256 75b827bdcfcd5e64…, copy retrieved via https://data.opencity.in/dataset/crime-in-india-2024) — see data/raw/ncrb/2024/PROVENANCE.md."
2022,2022-01-01,2022-12-31,state,AN,Andaman & Nicobar,pocso_relationship,cases,relationship,family_friends_neighbours_known,23.0,cases,NCRB,1,2022-12-31,2026-09-25,Table 4A.10 (PDF p. 424),Crime in India 2022,https://ncrb.gov.in/en/crime-india,"Extracted from NCRB Crime in India 2022, Vol. I (PDF, SHA-256 7c5ee3128b0b6bc7…, copy retrieved via https://data.opencity.in/dataset/crime-in-india-2022) — see data/raw/ncrb/2022/PROVENANCE.md."
2022,2022-01-01,2022-12-31,state,AN,Andaman & Nicobar,pocso_relationship,cases,relationship,family_members,9.0,cases,NCRB,1,2022-12-31,2026-09-25,Table 4A.10 (PDF p. 424),Crime in India 2022,https://ncrb.gov.in/en/crime-india,"Extracted from NCRB Crime in India 2022, Vol. I (PDF, SHA-256 7c5ee3128b0b6bc7…, copy retrieved via https://data.opencity.in/dataset/crime-in-india-2022) — see data/raw/ncrb/2022/PROVENANCE.md."
2022,2022-01-01,2022-12-31,state,AN,Andaman & Nicobar,pocso_relationship,cases,relationship,friends_online_partners,47.0,cases,NCRB,1,2022-12-31,2026-09-25,Table 4A.10 (PDF p. 424),Crime in India 2022,https://ncrb.gov.in/en/crime-india,"Extracted from NCRB Crime in India 2022, Vol. I (PDF, SHA-256 7c5ee3128b0b6bc7…, copy retrieved via https://data.opencity.in/dataset/crime-in-india-2022) — see data/raw/ncrb/2022/PROVENANCE.md."
2022,2022-01-01,2022-12-31,state,AN,Andaman & Nicobar,pocso_relationship,cases,relationship,known_total,79.0,cases,NCRB,1,2022-12-31,2026-09-25,Table 4A.10 (PDF p. 424),Crime in India 2022,https://ncrb.gov.in/en/crime-india,"Extracted from NCRB Crime in India 2022, Vol. I (PDF, SHA-256 7c5ee3128b0b6bc7…, copy retrieved via https://data.opencity.in/dataset/crime-in-india-2022) — see data/raw/ncrb/2022/PROVENANCE.md."
2022,2022-01-01,2022-12-31,state,AN,Andaman & Nicobar,pocso_relationship,cases,relationship,total,82.0,cases,NCRB,1,2022-12-31,2026-09-25,Table 4A.10 (PDF p. 424),Crime in India 2022,https://ncrb.gov.in/en/crime-india,"Extracted from NCRB Crime in India 2022, Vol. I (PDF, SHA-256 7c5ee3128b0b6bc7…, copy retrieved via https://data.opencity.in/dataset/crime-in-india-2022) — see data/raw/ncrb/2022/PROVENANCE.md."
2022,2022-01-01,2022-12-31,state,AN,Andaman & Nicobar,pocso_relationship,cases,relationship,unknown,3.0,cases,NCRB,1,2022-12-31,2026-09-25,Table 4A.10 (PDF p. 424),Crime in India 2022,https://ncrb.gov.in/en/crime-india,"Extracted from NCRB Crime in India 2022, Vol. I (PDF, SHA-256 7c5ee3128b0b6bc7…, copy retrieved via https://data.opencity.in/dataset/crime-in-india-2022) — see data/raw/ncrb/2022/PROVENANCE.md."
2023,2023-01-01,2023-12-31,state,AN,Andaman & Nicobar,pocso_relationship,cases,relationship,family_friends_neighbours_known,18.0,cases,NCRB,1,2023-12-31,2026-09-25,Table 4A.10 (PDF p. 424),Crime in India 2023,https://ncrb.gov.in/en/crime-india,"Extracted from NCRB Crime in India 2023, Vol. I (PDF, SHA-256 553ac8b2eadfe9e2…, copy retrieved via https://data.opencity.in/dataset/crime-in-india-2023) — see data/raw/ncrb/2023/PROVENANCE.md."
2023,2023-01-01,2023-12-31,state,AN,Andaman & Nicobar,pocso_relationship,cases,relationship,family_members,6.0,cases,NCRB,1,2023-12-31,2026-09-25,Table 4A.10 (PDF p. 424),Crime in India 2023,https://ncrb.gov.in/en/crime-india,"Extracted from NCRB Crime in India 2023, Vol. I (PDF, SHA-256 553ac8b2eadfe9e2…, copy retrieved via https://data.opencity.in/dataset/crime-in-india-2023) — see data/raw/ncrb/2023/PROVENANCE.md."
2023,2023-01-01,2023-12-31,state,AN,Andaman & Nicobar,pocso_relationship,cases,relationship,friends_online_partners,52.0,cases,NCRB,1,2023-12-31,2026-09-25,Table 4A.10 (PDF p. 424),Crime in India 2023,https://ncrb.gov.in/en/crime-india,"Extracted from NCRB Crime in India 2023, Vol. I (PDF, SHA-256 553ac8b2eadfe9e2…, copy retrieved via https://data.opencity.in/dataset/crime-in-india-2023) — see data/raw/ncrb/2023/PROVENANCE.md."
2023,2023-01-01,2023-12-31,state,AN,Andaman & Nicobar,pocso_relationship,cases,relationship,known_total,76.0,cases,NCRB,1,2023-12-31,2026-09-25,Table 4A.10 (PDF p. 424),Crime in India 2023,https://ncrb.gov.in/en/crime-india,"Extracted from NCRB Crime in India 2023, Vol. I (PDF, SHA-256 553ac8b2eadfe9e2…, copy retrieved via https://data.opencity.in/dataset/crime-in-india-2023) — see data/raw/ncrb/2023/PROVENANCE.md."
2023,2023-01-01,2023-12-31,state,AN,Andaman & Nicobar,pocso_relationship,cases,relationship,total,76.0,cases,NCRB,1,2023-12-31,2026-09-25,Table 4A.10 (PDF p. 424),Crime in India 2023,https://ncrb.gov.in/en/crime-india,"Extracted from NCRB Crime in India 2023, Vol. I (PDF, SHA-256 553ac8b2eadfe9e2…, copy retrieved via https://data.opencity.in/dataset/crime-in-india-2023) — see data/raw/ncrb/2023/PROVENANCE.md."
2023,2023-01-01,2023-12-31,state,AN,Andaman & Nicobar,pocso_relationship,cases,relationship,unknown,0.0,cases,NCRB,1,2023-12-31,2026-09-25,Table 4A.10 (PDF p. 424),Crime in India 2023,https://ncrb.gov.in/en/crime-india,"Extracted from NCRB Crime in India 2023, Vol. I (PDF, SHA-256 553ac8b2eadfe9e2…, copy retrieved via https://data.opencity.in/dataset/crime-in-india-2023) — see data/raw/ncrb/2023/PROVENANCE.md."
2024,2024-01-01,2024-12-31,state,AN,Andaman & Nicobar,pocso_relationship,cases,relationship,family_friends_neighbours_known,18.0,cases,NCRB,1,2024-12-31,2026-09-25,Table 4A.10 (PDF p. 527),Crime in India 2024,https://ncrb.gov.in/en/crime-india,"Extracted from NCRB Crime in India 2024, Vol. I (PDF, SHA-256 75b827bdcfcd5e64…, copy retrieved via https://data.opencity.in/dataset/crime-in-india-2024) — see data/raw/ncrb/2024/PROVENANCE.md."
2024,2024-01-01,2024-12-31,state,AN,Andaman & Nicobar,pocso_relationship,cases,relationship,family_members,12.0,cases,NCRB,1,2024-12-31,2026-09-25,Table 4A.10 (PDF p. 527),Crime in India 2024,https://ncrb.gov.in/en/crime-india,"Extracted from NCRB Crime in India 2024, Vol. I (PDF, SHA-256 75b827bdcfcd5e64…, copy retrieved via https://data.opencity.in/dataset/crime-in-india-2024) — see data/raw/ncrb/2024/PROVENANCE.md."
2024,2024-01-01,2024-12-31,state,AN,Andaman & Nicobar,pocso_relationship,cases,relationship,friends_online_partners,47.0,cases,NCRB,1,2024-12-31,2026-09-25,Table 4A.10 (PDF p. 527),Crime in India 2024,https://ncrb.gov.in/en/crime-india,"Extracted from NCRB Crime in India 2024, Vol. I (PDF, SHA-256 75b827bdcfcd5e64…, copy retrieved via https://data.opencity.in/dataset/crime-in-india-2024) — see data/raw/ncrb/2024/PROVENANCE.md."
2024,2024-01-01,2024-12-31,state,AN,Andaman & Nicobar,pocso_relationship,cases,relationship,known_total,77.0,cases,NCRB,1,2024-12-31,2026-09-25,Table 4A.10 (PDF p. 527),Crime in India 2024,https://ncrb.gov.in/en/crime-india,"Extracted from NCRB Crime in India 2024, Vol. I (PDF, SHA-256 75b827bdcfcd5e64…, copy retrieved via https://data.opencity.in/dataset/crime-in-india-2024) — see data/raw/ncrb/2024/PROVENANCE.md."
2024,2024-01-01,2024-12-31,state,AN,Andaman & Nicobar,pocso_relationship,cases,relationship,total,77.0,cases,NCRB,1,2024-12-31,2026-09-25,Table 4A.10 (PDF p. 527),Crime in India 2024,https://ncrb.gov.in/en/crime-india,"Extracted from NCRB Crime in India 2024, Vol. I (PDF, SHA-256 75b827bdcfcd5e64…, copy retrieved via https://data.opencity.in/dataset/crime-in-india-2024) — see data/raw/ncrb/2024/PROVENANCE.md."
2024,2024-01-01,2024-12-31,state,AN,Andaman & Nicobar,pocso_relationship,cases,relationship,unknown,0.0,cases,NCRB,1,2024-12-31,2026-09-25,Table 4A.10 (PDF p. 527),Crime in India 2024,https://ncrb.gov.in/en/crime-india,"Extracted from NCRB Crime in India 2024, Vol. I (PDF, SHA-256 75b827bdcfcd5e64…, copy retrieved via https://data.opencity.in/dataset/crime-in-india-2024) — see data/raw/ncrb/2024/PROVENANCE.md."
2022,2022-01-01,2022-12-31,state,AP,Andhra Pradesh,pocso_relationship,cases,relationship,family_friends_neighbours_known,404.0,cases,NCRB,1,2022-12-31,2026-09-25,Table 4A.10 (PDF p. 424),Crime in India 2022,https://ncrb.gov.in/en/crime-india,"Extracted from NCRB Crime in India 2022, Vol. I (PDF, SHA-256 7c5ee3128b0b6bc7…, copy retrieved via https://data.opencity.in/dataset/crime-in-india-2022) — see data/raw/ncrb/2022/PROVENANCE.md."
2022,2022-01-01,2022-12-31,state,AP,Andhra Pradesh,pocso_relationship,cases,relationship,family_members,104.0,cases,NCRB,1,2022-12-31,2026-09-25,Table 4A.10 (PDF p. 424),Crime in India 2022,https://ncrb.gov.in/en/crime-india,"Extracted from NCRB Crime in India 2022, Vol. I (PDF, SHA-256 7c5ee3128b0b6bc7…, copy retrieved via https://data.opencity.in/dataset/crime-in-india-2022) — see data/raw/ncrb/2022/PROVENANCE.md."
2022,2022-01-01,2022-12-31,state,AP,Andhra Pradesh,pocso_relationship,cases,relationship,friends_online_partners,486.0,cases,NCRB,1,2022-12-31,2026-09-25,Table 4A.10 (PDF p. 424),Crime in India 2022,https://ncrb.gov.in/en/crime-india,"Extracted from NCRB Crime in India 2022, Vol. I (PDF, SHA-256 7c5ee3128b0b6bc7…, copy retrieved via https://data.opencity.in/dataset/crime-in-india-2022) — see data/raw/ncrb/2022/PROVENANCE.md."
2022,2022-01-01,2022-12-31,state,AP,Andhra Pradesh,pocso_relationship,cases,relationship,known_total,994.0,cases,NCRB,1,2022-12-31,2026-09-25,Table 4A.10 (PDF p. 424),Crime in India 2022,https://ncrb.gov.in/en/crime-india,"Extracted from NCRB Crime in India 2022, Vol. I (PDF, SHA-256 7c5ee3128b0b6bc7…, copy retrieved via https://data.opencity.in/dataset/crime-in-india-2022) — see data/raw/ncrb/2022/PROVENANCE.md."
2022,2022-01-01,2022-12-31,state,AP,Andhra Pradesh,pocso_relationship,cases,relationship,total,1002.0,cases,NCRB,1,2022-12-31,2026-09-25,Table 4A.10 (PDF p. 424),Crime in India 2022,https://ncrb.gov.in/en/crime-india,"Extracted from NCRB Crime in India 2022, Vol. I (PDF, SHA-256 7c5ee3128b0b6bc7…, copy retrieved via https://data.opencity.in/dataset/crime-in-india-2022) — see data/raw/ncrb/2022/PROVENANCE.md."
2022,2022-01-01,2022-12-31,state,AP,Andhra Pradesh,pocso_relationship,cases,relationship,unknown,8.0,cases,NCRB,1,2022-12-31,2026-09-25,Table 4A.10 (PDF p. 424),Crime in India 2022,https://ncrb.gov.in/en/crime-india,"Extracted from NCRB Crime in India 2022, Vol. I (PDF, SHA-256 7c5ee3128b0b6bc7…, copy retrieved via https://data.opencity.in/dataset/crime-in-india-2022) — see data/raw/ncrb/2022/PROVENANCE.md."
2023,2023-01-01,2023-12-31,state,AP,Andhra Pradesh,pocso_relationship,cases,relationship,family_friends_neighbours_known,335.0,cases,NCRB,1,2023-12-31,2026-09-25,Table 4A.10 (PDF p. 424),Crime in India 2023,https://ncrb.gov.in/en/crime-india,"Extracted from NCRB Crime in India 2023, Vol. I (PDF, SHA-256 553ac8b2eadfe9e2…, copy retrieved via https://data.opencity.in/dataset/crime-in-india-2023) — see data/raw/ncrb/2023/PROVENANCE.md."
2023,2023-01-01,2023-12-31,state,AP,Andhra Pradesh,pocso_relationship,cases,relationship,family_members,93.0,cases,NCRB,1,2023-12-31,2026-09-25,Table 4A.10 (PDF p. 424),Crime in India 2023,https://ncrb.gov.in/en/crime-india,"Extracted from NCRB Crime in India 2023, Vol. I (PDF, SHA-256 553ac8b2eadfe9e2…, copy retrieved via https://data.opencity.in/dataset/crime-in-india-2023) — see data/raw/ncrb/2023/PROVENANCE.md."
2023,2023-01-01,2023-12-31,state,AP,Andhra Pradesh,pocso_relationship,cases,relationship,friends_online_partners,425.0,cases,NCRB,1,2023-12-31,2026-09-25,Table 4A.10 (PDF p. 424),Crime in India 2023,https://ncrb.gov.in/en/crime-india,"Extracted from NCRB Crime in India 2023, Vol. I (PDF, SHA-256 553ac8b2eadfe9e2…, copy retrieved via https://data.opencity.in/dataset/crime-in-india-2023) — see data/raw/ncrb/2023/PROVENANCE.md."
2023,2023-01-01,2023-12-31,state,AP,Andhra Pradesh,pocso_relationship,cases,relationship,known_total,853.0,cases,NCRB,1,2023-12-31,2026-09-25,Table 4A.10 (PDF p. 424),Crime in India 2023,https://ncrb.gov.in/en/crime-india,"Extracted from NCRB Crime in India 2023, Vol. I (PDF, SHA-256 553ac8b2eadfe9e2…, copy retrieved via https://data.opencity.in/dataset/crime-in-india-2023) — see data/raw/ncrb/2023/PROVENANCE.md."
2023,2023-01-01,2023-12-31,state,AP,Andhra Pradesh,pocso_relationship,cases,relationship,total,858.0,cases,NCRB,1,2023-12-31,2026-09-25,Table 4A.10 (PDF p. 424),Crime in India 2023,https://ncrb.gov.in/en/crime-india,"Extracted from NCRB Crime in India 2023, Vol. I (PDF, SHA-256 553ac8b2eadfe9e2…, copy retrieved via https://data.opencity.in/dataset/crime-in-india-2023) — see data/raw/ncrb/2023/PROVENANCE.md."
2023,2023-01-01,2023-12-31,state,AP,Andhra Pradesh,pocso_relationship,cases,relationship,unknown,5.0,cases,NCRB,1,2023-12-31,2026-09-25,Table 4A.10 (PDF p. 424),Crime in India 2023,https://ncrb.gov.in/en/crime-india,"Extracted from NCRB Crime in India 2023, Vol. I (PDF, SHA-256 553ac8b2eadfe9e2…, copy retrieved via https://data.opencity.in/dataset/crime-in-india-2023) — see data/raw/ncrb/2023/PROVENANCE.md."
2024,2024-01-01,2024-12-31,state,AP,Andhra Pradesh,pocso_relationship,cases,relationship,family_friends_neighbours_known,437.0,cases,NCRB,1,2024-12-31,2026-09-25,Table 4A.10 (PDF p. 527),Crime in India 2024,https://ncrb.gov.in/en/crime-india,"Extracted from NCRB Crime in India 2024, Vol. I (PDF, SHA-256 75b827bdcfcd5e64…, copy retrieved via https://data.opencity.in/dataset/crime-in-india-2024) — see data/raw/ncrb/2024/PROVENANCE.md."
2024,2024-01-01,2024-12-31,state,AP,Andhra Pradesh,pocso_relationship,cases,relationship,family_members,79.0,cases,NCRB,1,2024-12-31,2026-09-25,Table 4A.10 (PDF p. 527),Crime in India 2024,https://ncrb.gov.in/en/crime-india,"Extracted from NCRB Crime in India 2024, Vol. I (PDF, SHA-256 75b827bdcfcd5e64…, copy retrieved via https://data.opencity.in/dataset/crime-in-india-2024) — see data/raw/ncrb/2024/PROVENANCE.md."
2024,2024-01-01,2024-12-31,state,AP,Andhra Pradesh,pocso_relationship,cases,relationship,friends_online_partners,427.0,cases,NCRB,1,2024-12-31,2026-09-25,Table 4A.10 (PDF p. 527),Crime in India 2024,https://ncrb.gov.in/en/crime-india,"Extracted from NCRB Crime in India 2024, Vol. I (PDF, SHA-256 75b827bdcfcd5e64…, copy retrieved via https://data.opencity.in/dataset/crime-in-india-2024) — see data/raw/ncrb/2024/PROVENANCE.md."
2024,2024-01-01,2024-12-31,state,AP,Andhra Pradesh,pocso_relationship,cases,relationship,known_total,943.0,cases,NCRB,1,2024-12-31,2026-09-25,Table 4A.10 (PDF p. 527),Crime in India 2024,https://ncrb.gov.in/en/crime-india,"Extracted from NCRB Crime in India 2024, Vol. I (PDF, SHA-256 75b827bdcfcd5e64…, copy retrieved via https://data.opencity.in/dataset/crime-in-india-2024) — see data/raw/ncrb/2024/PROVENANCE.md."
2024,2024-01-01,2024-12-31,state,AP,Andhra Pradesh,pocso_relationship,cases,relationship,total,943.0,cases,NCRB,1,2024-12-31,2026-09-25,Table 4A.10 (PDF p. 527),Crime in India 2024,https://ncrb.gov.in/en/crime-india,"Extracted from NCRB Crime in India 2024, Vol. I (PDF, SHA-256 75b827bdcfcd5e64…, copy retrieved via https://data.opencity.in/dataset/crime-in-india-2024) — see data/raw/ncrb/2024/PROVENANCE.md."
2024,2024-01-01,2024-12-31,state,AP,Andhra Pradesh,pocso_relationship,cases,relationship,unknown,0.0,cases,NCRB,1,2024-12-31,2026-09-25,Table 4A.10 (PDF p. 527),Crime in India 2024,https://ncrb.gov.in/en/crime-india,"Extracted from NCRB Crime in India 2024, Vol. I (PDF, SHA-256 75b827bdcfcd5e64…, copy retrieved via https://data.opencity.in/dataset/crime-in-india-2024) — see data/raw/ncrb/2024/PROVENANCE.md."
2022,2022-01-01,2022-12-31,state,AR,Arunachal Pradesh,pocso_relationship,cases,relationship,family_friends_neighbours_known,14.0,cases,NCRB,1,2022-12-31,2026-09-25,Table 4A.10 (PDF p. 424),Crime in India 2022,https://ncrb.gov.in/en/crime-india,"Extracted from NCRB Crime in India 2022, Vol. I (PDF, SHA-256 7c5ee3128b0b6bc7…, copy retrieved via https://data.opencity.in/dataset/crime-in-india-2022) — see data/raw/ncrb/2022/PROVENANCE.md."
2022,2022-01-01,2022-12-31,state,AR,Arunachal Pradesh,pocso_relationship,cases,relationship,family_members,9.0,cases,NCRB,1,2022-12-31,2026-09-25,Table 4A.10 (PDF p. 424),Crime in India 2022,https://ncrb.gov.in/en/crime-india,"Extracted from NCRB Crime in India 2022, Vol. I (PDF, SHA-256 7c5ee3128b0b6bc7…, copy retrieved via https://data.opencity.in/dataset/crime-in-india-2022) — see data/raw/ncrb/2022/PROVENANCE.md."
2022,2022-01-01,2022-12-31,state,AR,Arunachal Pradesh,pocso_relationship,cases,relationship,friends_online_partners,5.0,cases,NCRB,1,2022-12-31,2026-09-25,Table 4A.10 (PDF p. 424),Crime in India 2022,https://ncrb.gov.in/en/crime-india,"Extracted from NCRB Crime in India 2022, Vol. I (PDF, SHA-256 7c5ee3128b0b6bc7…, copy retrieved via https://data.opencity.in/dataset/crime-in-india-2022) — see data/raw/ncrb/2022/PROVENANCE.md."
2022,2022-01-01,2022-12-31,state,AR,Arunachal Pradesh,pocso_relationship,cases,relationship,known_total,28.0,cases,NCRB,1,2022-12-31,2026-09-25,Table 4A.10 (PDF p. 424),Crime in India 2022,https://ncrb.gov.in/en/crime-india,"Extracted from NCRB Crime in India 2022, Vol. I (PDF, SHA-256 7c5ee3128b0b6bc7…, copy retrieved via https://data.opencity.in/dataset/crime-in-india-2022) — see data/raw/ncrb/2022/PROVENANCE.md."
2022,2022-01-01,2022-12-31,state,AR,Arunachal Pradesh,pocso_relationship,cases,relationship,total,28.0,cases,NCRB,1,2022-12-31,2026-09-25,Table 4A.10 (PDF p. 424),Crime in India 2022,https://ncrb.gov.in/en/crime-india,"Extracted from NCRB Crime in India 2022, Vol. I (PDF, SHA-256 7c5ee3128b0b6bc7…, copy retrieved via https://data.opencity.in/dataset/crime-in-india-2022) — see data/raw/ncrb/2022/PROVENANCE.md."
2022,2022-01-01,2022-12-31,state,AR,Arunachal Pradesh,pocso_relationship,cases,relationship,unknown,0.0,cases,NCRB,1,2022-12-31,2026-09-25,Table 4A.10 (PDF p. 424),Crime in India 2022,https://ncrb.gov.in/en/crime-india,"Extracted from NCRB Crime in India 2022, Vol. I (PDF, SHA-256 7c5ee3128b0b6bc7…, copy retrieved via https://data.opencity.in/dataset/crime-in-india-2022) — see data/raw/ncrb/2022/PROVENANCE.md."
2023,2023-01-01,2023-12-31,state,AR,Arunachal Pradesh,pocso_relationship,cases,relationship,family_friends_neighbours_known,22.0,cases,NCRB,1,2023-12-31,2026-09-25,Table 4A.10 (PDF p. 424),Crime in India 2023,https://ncrb.gov.in/en/crime-india,"Extracted from NCRB Crime in India 2023, Vol. I (PDF, SHA-256 553ac8b2eadfe9e2…, copy retrieved via https://data.opencity.in/dataset/crime-in-india-2023) — see data/raw/ncrb/2023/PROVENANCE.md."
2023,2023-01-01,2023-12-31,state,AR,Arunachal Pradesh,pocso_relationship,cases,relationship,family_members,4.0,cases,NCRB,1,2023-12-31,2026-09-25,Table 4A.10 (PDF p. 424),Crime in India 2023,https://ncrb.gov.in/en/crime-india,"Extracted from NCRB Crime in India 2023, Vol. I (PDF, SHA-256 553ac8b2eadfe9e2…, copy retrieved via https://data.opencity.in/dataset/crime-in-india-2023) — see data/raw/ncrb/2023/PROVENANCE.md."
2023,2023-01-01,2023-12-31,state,AR,Arunachal Pradesh,pocso_relationship,cases,relationship,friends_online_partners,10.0,cases,NCRB,1,2023-12-31,2026-09-25,Table 4A.10 (PDF p. 424),Crime in India 2023,https://ncrb.gov.in/en/crime-india,"Extracted from NCRB Crime in India 2023, Vol. I (PDF, SHA-256 553ac8b2eadfe9e2…, copy retrieved via https://data.opencity.in/dataset/crime-in-india-2023) — see data/raw/ncrb/2023/PROVENANCE.md."
2023,2023-01-01,2023-12-31,state,AR,Arunachal Pradesh,pocso_relationship,cases,relationship,known_total,36.0,cases,NCRB,1,2023-12-31,2026-09-25,Table 4A.10 (PDF p. 424),Crime in India 2023,https://ncrb.gov.in/en/crime-india,"Extracted from NCRB Crime in India 2023, Vol. I (PDF, SHA-256 553ac8b2eadfe9e2…, copy retrieved via https://data.opencity.in/dataset/crime-in-india-2023) — see data/raw/ncrb/2023/PROVENANCE.md."
2023,2023-01-01,2023-12-31,state,AR,Arunachal Pradesh,pocso_relationship,cases,relationship,total,43.0,cases,NCRB,1,2023-12-31,2026-09-25,Table 4A.10 (PDF p. 424),Crime in India 2023,https://ncrb.gov.in/en/crime-india,"Extracted from NCRB Crime in India 2023, Vol. I (PDF, SHA-256 553ac8b2eadfe9e2…, copy retrieved via https://data.opencity.in/dataset/crime-in-india-2023) — see data/raw/ncrb/2023/PROVENANCE.md."
2023,2023-01-01,2023-12-31,state,AR,Arunachal Pradesh,pocso_relationship,cases,relationship,unknown,7.0,cases,NCRB,1,2023-12-31,2026-09-25,Table 4A.10 (PDF p. 424),Crime in India 2023,https://ncrb.gov.in/en/crime-india,"Extracted from NCRB Crime in India 2023, Vol. I (PDF, SHA-256 553ac8b2eadfe9e2…, copy retrieved via https://data.opencity.in/dataset/crime-in-india-2023) — see data/raw/ncrb/2023/PROVENANCE.md."
2024,2024-01-01,2024-12-31,state,AR,Arunachal Pradesh,pocso_relationship,cases,relationship,family_friends_neighbours_known,17.0,cases,NCRB,1,2024-12-31,2026-09-25,Table 4A.10 (PDF p. 527),Crime in India 2024,https://ncrb.gov.in/en/crime-india,"Extracted from NCRB Crime in India 2024, Vol. I (PDF, SHA-256 75b827bdcfcd5e64…, copy retrieved via https://data.opencity.in/dataset/crime-in-india-2024) — see data/raw/ncrb/2024/PROVENANCE.md."
2024,2024-01-01,2024-12-31,state,AR,Arunachal Pradesh,pocso_relationship,cases,relationship,family_members,3.0,cases,NCRB,1,2024-12-31,2026-09-25,Table 4A.10 (PDF p. 527),Crime in India 2024,https://ncrb.gov.in/en/crime-india,"Extracted from NCRB Crime in India 2024, Vol. I (PDF, SHA-256 75b827bdcfcd5e64…, copy retrieved via https://data.opencity.in/dataset/crime-in-india-2024) — see data/raw/ncrb/2024/PROVENANCE.md."
2024,2024-01-01,2024-12-31,state,AR,Arunachal Pradesh,pocso_relationship,cases,relationship,friends_online_partners,3.0,cases,NCRB,1,2024-12-31,2026-09-25,Table 4A.10 (PDF p. 527),Crime in India 2024,https://ncrb.gov.in/en/crime-india,"Extracted from NCRB Crime in India 2024, Vol. I (PDF, SHA-256 75b827bdcfcd5e64…, copy retrieved via https://data.opencity.in/dataset/crime-in-india-2024) — see data/raw/ncrb/2024/PROVENANCE.md."
2024,2024-01-01,2024-12-31,state,AR,Arunachal Pradesh,pocso_relationship,cases,relationship,known_total,23.0,cases,NCRB,1,2024-12-31,2026-09-25,Table 4A.10 (PDF p. 527),Crime in India 2024,https://ncrb.gov.in/en/crime-india,"Extracted from NCRB Crime in India 2024, Vol. I (PDF, SHA-256 75b827bdcfcd5e64…, copy retrieved via https://data.opencity.in/dataset/crime-in-india-2024) — see data/raw/ncrb/2024/PROVENANCE.md."
2024,2024-01-01,2024-12-31,state,AR,Arunachal Pradesh,pocso_relationship,cases,relationship,total,23.0,cases,NCRB,1,2024-12-31,2026-09-25,Table 4A.10 (PDF p. 527),Crime in India 2024,https://ncrb.gov.in/en/crime-india,"Extracted from NCRB Crime in India 2024, Vol. I (PDF, SHA-256 75b827bdcfcd5e64…, copy retrieved via https://data.opencity.in/dataset/crime-in-india-2024) — see data/raw/ncrb/2024/PROVENANCE.md."
2024,2024-01-01,2024-12-31,state,AR,Arunachal Pradesh,pocso_relationship,cases,relationship,unknown,0.0,cases,NCRB,1,2024-12-31,2026-09-25,Table 4A.10 (PDF p. 527),Crime in India 2024,https://ncrb.gov.in/en/crime-india,"Extracted from NCRB Crime in India 2024, Vol. I (PDF, SHA-256 75b827bdcfcd5e64…, copy retrieved via https://data.opencity.in/dataset/crime-in-india-2024) — see data/raw/ncrb/2024/PROVENANCE.md."
2022,2022-01-01,2022-12-31,state,AS,Assam,pocso_relationship,cases,relationship,family_friends_neighbours_known,725.0,cases,NCRB,1,2022-12-31,2026-09-25,Table 4A.10 (PDF p. 424),Crime in India 2022,https://ncrb.gov.in/en/crime-india,"Extracted from NCRB Crime in India 2022, Vol. I (PDF, SHA-256 7c5ee3128b0b6bc7…, copy retrieved via https://data.opencity.in/dataset/crime-in-india-2022) — see data/raw/ncrb/2022/PROVENANCE.md."
2022,2022-01-01,2022-12-31,state,AS,Assam,pocso_relationship,cases,relationship,family_members,79.0,cases,NCRB,1,2022-12-31,2026-09-25,Table 4A.10 (PDF p. 424),Crime in India 2022,https://ncrb.gov.in/en/crime-india,"Extracted from NCRB Crime in India 2022, Vol. I (PDF, SHA-256 7c5ee3128b0b6bc7…, copy retrieved via https://data.opencity.in/dataset/crime-in-india-2022) — see data/raw/ncrb/2022/PROVENANCE.md."
2022,2022-01-01,2022-12-31,state,AS,Assam,pocso_relationship,cases,relationship,friends_online_partners,348.0,cases,NCRB,1,2022-12-31,2026-09-25,Table 4A.10 (PDF p. 424),Crime in India 2022,https://ncrb.gov.in/en/crime-india,"Extracted from NCRB Crime in India 2022, Vol. I (PDF, SHA-256 7c5ee3128b0b6bc7…, copy retrieved via https://data.opencity.in/dataset/crime-in-india-2022) — see data/raw/ncrb/2022/PROVENANCE.md."
2022,2022-01-01,2022-12-31,state,AS,Assam,pocso_relationship,cases,relationship,known_total,1152.0,cases,NCRB,1,2022-12-31,2026-09-25,Table 4A.10 (PDF p. 424),Crime in India 2022,https://ncrb.gov.in/en/crime-india,"Extracted from NCRB Crime in India 2022, Vol. I (PDF, SHA-256 7c5ee3128b0b6bc7…, copy retrieved via https://data.opencity.in/dataset/crime-in-india-2022) — see data/raw/ncrb/2022/PROVENANCE.md."
2022,2022-01-01,2022-12-31,state,AS,Assam,pocso_relationship,cases,relationship,total,1257.0,cases,NCRB,1,2022-12-31,2026-09-25,Table 4A.10 (PDF p. 424),Crime in India 2022,https://ncrb.gov.in/en/crime-india,"Extracted from NCRB Crime in India 2022, Vol. I (PDF, SHA-256 7c5ee3128b0b6bc7…, copy retrieved via https://data.opencity.in/dataset/crime-in-india-2022) — see data/raw/ncrb/2022/PROVENANCE.md."
2022,2022-01-01,2022-12-31,state,AS,Assam,pocso_relationship,cases,relationship,unknown,105.0,cases,NCRB,1,2022-12-31,2026-09-25,Table 4A.10 (PDF p. 424),Crime in India 2022,https://ncrb.gov.in/en/crime-india,"Extracted from NCRB Crime in India 2022, Vol. I (PDF, SHA-256 7c5ee3128b0b6bc7…, copy retrieved via https://data.opencity.in/dataset/crime-in-india-2022) — see data/raw/ncrb/2022/PROVENANCE.md."
2023,2023-01-01,2023-12-31,state,AS,Assam,pocso_relationship,cases,relationship,family_friends_neighbours_known,1094.0,cases,NCRB,1,2023-12-31,2026-09-25,Table 4A.10 (PDF p. 424),Crime in India 2023,https://ncrb.gov.in/en/crime-india,"Extracted from NCRB Crime in India 2023, Vol. I (PDF, SHA-256 553ac8b2eadfe9e2…, copy retrieved via https://data.opencity.in/dataset/crime-in-india-2023) — see data/raw/ncrb/2023/PROVENANCE.md."
2023,2023-01-01,2023-12-31,state,AS,Assam,pocso_relationship,cases,relationship,family_members,119.0,cases,NCRB,1,2023-12-31,2026-09-25,Table 4A.10 (PDF p. 424),Crime in India 2023,https://ncrb.gov.in/en/crime-india,"Extracted from NCRB Crime in India 2023, Vol. I (PDF, SHA-256 553ac8b2eadfe9e2…, copy retrieved via https://data.opencity.in/dataset/crime-in-india-2023) — see data/raw/ncrb/2023/PROVENANCE.md."
2023,2023-01-01,2023-12-31,state,AS,Assam,pocso_relationship,cases,relationship,friends_online_partners,478.0,cases,NCRB,1,2023-12-31,2026-09-25,Table 4A.10 (PDF p. 424),Crime in India 2023,https://ncrb.gov.in/en/crime-india,"Extracted from NCRB Crime in India 2023, Vol. I (PDF, SHA-256 553ac8b2eadfe9e2…, copy retrieved via https://data.opencity.in/dataset/crime-in-india-2023) — see data/raw/ncrb/2023/PROVENANCE.md."
2023,2023-01-01,2023-12-31,state,AS,Assam,pocso_relationship,cases,relationship,known_total,1691.0,cases,NCRB,1,2023-12-31,2026-09-25,Table 4A.10 (PDF p. 424),Crime in India 2023,https://ncrb.gov.in/en/crime-india,"Extracted from NCRB Crime in India 2023, Vol. I (PDF, SHA-256 553ac8b2eadfe9e2…, copy retrieved via https://data.opencity.in/dataset/crime-in-india-2023) — see data/raw/ncrb/2023/PROVENANCE.md."
2023,2023-01-01,2023-12-31,state,AS,Assam,pocso_relationship,cases,relationship,total,1822.0,cases,NCRB,1,2023-12-31,2026-09-25,Table 4A.10 (PDF p. 424),Crime in India 2023,https://ncrb.gov.in/en/crime-india,"Extracted from NCRB Crime in India 2023, Vol. I (PDF, SHA-256 553ac8b2eadfe9e2…, copy retrieved via https://data.opencity.in/dataset/crime-in-india-2023) — see data/raw/ncrb/2023/PROVENANCE.md."
2023,2023-01-01,2023-12-31,state,AS,Assam,pocso_relationship,cases,relationship,unknown,131.0,cases,NCRB,1,2023-12-31,2026-09-25,Table 4A.10 (PDF p. 424),Crime in India 2023,https://ncrb.gov.in/en/crime-india,"Extracted from NCRB Crime in India 2023, Vol. I (PDF, SHA-256 553ac8b2eadfe9e2…, copy retrieved via https://data.opencity.in/dataset/crime-in-india-2023) — see data/raw/ncrb/2023/PROVENANCE.md."
2024,2024-01-01,2024-12-31,state,AS,Assam,pocso_relationship,cases,relationship,family_friends_neighbours_known,897.0,cases,NCRB,1,2024-12-31,2026-09-25,Table 4A.10 (PDF p. 527),Crime in India 2024,https://ncrb.gov.in/en/crime-india,"Extracted from NCRB Crime in India 2024, Vol. I (PDF, SHA-256 75b827bdcfcd5e64…, copy retrieved via https://data.opencity.in/dataset/crime-in-india-2024) — see data/raw/ncrb/2024/PROVENANCE.md."
2024,2024-01-01,2024-12-31,state,AS,Assam,pocso_relationship,cases,relationship,family_members,176.0,cases,NCRB,1,2024-12-31,2026-09-25,Table 4A.10 (PDF p. 527),Crime in India 2024,https://ncrb.gov.in/en/crime-india,"Extracted from NCRB Crime in India 2024, Vol. I (PDF, SHA-256 75b827bdcfcd5e64…, copy retrieved via https://data.opencity.in/dataset/crime-in-india-2024) — see data/raw/ncrb/2024/PROVENANCE.md."
2024,2024-01-01,2024-12-31,state,AS,Assam,pocso_relationship,cases,relationship,friends_online_partners,917.0,cases,NCRB,1,2024-12-31,2026-09-25,Table 4A.10 (PDF p. 527),Crime in India 2024,https://ncrb.gov.in/en/crime-india,"Extracted from NCRB Crime in India 2024, Vol. I (PDF, SHA-256 75b827bdcfcd5e64…, copy retrieved via https://data.opencity.in/dataset/crime-in-india-2024) — see data/raw/ncrb/2024/PROVENANCE.md."
2024,2024-01-01,2024-12-31,state,AS,Assam,pocso_relationship,cases,relationship,known_total,1990.0,cases,NCRB,1,2024-12-31,2026-09-25,Table 4A.10 (PDF p. 527),Crime in India 2024,https://ncrb.gov.in/en/crime-india,"Extracted from NCRB Crime in India 2024, Vol. I (PDF, SHA-256 75b827bdcfcd5e64…, copy retrieved via https://data.opencity.in/dataset/crime-in-india-2024) — see data/raw/ncrb/2024/PROVENANCE.md."
2024,2024-01-01,2024-12-31,state,AS,Assam,pocso_relationship,cases,relationship,total,2197.0,cases,NCRB,1,2024-12-31,2026-09-25,Table 4A.10 (PDF p. 527),Crime in India 2024,https://ncrb.gov.in/en/crime-india,"Extracted from NCRB Crime in India 2024, Vol. I (PDF, SHA-256 75b827bdcfcd5e64…, copy retrieved via https://data.opencity.in/dataset/crime-in-india-2024) — see data/raw/ncrb/2024/PROVENANCE.md."
2024,2024-01-01,2024-12-31,state,AS,Assam,pocso_relationship,cases,relationship,unknown,207.0,cases,NCRB,1,2024-12-31,2026-09-25,Table 4A.10 (PDF p. 527),Crime in India 2024,https://ncrb.gov.in/en/crime-india,"Extracted from NCRB Crime in India 2024, Vol. I (PDF, SHA-256 75b827bdcfcd5e64…, copy retrieved via https://data.opencity.in/dataset/crime-in-india-2024) — see data/raw/ncrb/2024/PROVENANCE.md."
2022,2022-01-01,2022-12-31,state,BR,Bihar,pocso_relationship,cases,relationship,family_friends_neighbours_known,323.0,cases,NCRB,1,2022-12-31,2026-09-25,Table 4A.10 (PDF p. 424),Crime in India 2022,https://ncrb.gov.in/en/crime-india,"Extracted from NCRB Crime in India 2022, Vol. I (PDF, SHA-256 7c5ee3128b0b6bc7…, copy retrieved via https://data.opencity.in/dataset/crime-in-india-2022) — see data/raw/ncrb/2022/PROVENANCE.md."
2022,2022-01-01,2022-12-31,state,BR,Bihar,pocso_relationship,cases,relationship,family_members,63.0,cases,NCRB,1,2022-12-31,2026-09-25,Table 4A.10 (PDF p. 424),Crime in India 2022,https://ncrb.gov.in/en/crime-india,"Extracted from NCRB Crime in India 2022, Vol. I (PDF, SHA-256 7c5ee3128b0b6bc7…, copy retrieved via https://data.opencity.in/dataset/crime-in-india-2022) — see data/raw/ncrb/2022/PROVENANCE.md."
2022,2022-01-01,2022-12-31,state,BR,Bihar,pocso_relationship,cases,relationship,friends_online_partners,297.0,cases,NCRB,1,2022-12-31,2026-09-25,Table 4A.10 (PDF p. 424),Crime in India 2022,https://ncrb.gov.in/en/crime-india,"Extracted from NCRB Crime in India 2022, Vol. I (PDF, SHA-256 7c5ee3128b0b6bc7…, copy retrieved via https://data.opencity.in/dataset/crime-in-india-2022) — see data/raw/ncrb/2022/PROVENANCE.md."
2022,2022-01-01,2022-12-31,state,BR,Bihar,pocso_relationship,cases,relationship,known_total,683.0,cases,NCRB,1,2022-12-31,2026-09-25,Table 4A.10 (PDF p. 424),Crime in India 2022,https://ncrb.gov.in/en/crime-india,"Extracted from NCRB Crime in India 2022, Vol. I (PDF, SHA-256 7c5ee3128b0b6bc7…, copy retrieved via https://data.opencity.in/dataset/crime-in-india-2022) — see data/raw/ncrb/2022/PROVENANCE.md."
2022,2022-01-01,2022-12-31,state,BR,Bihar,pocso_relationship,cases,relationship,total,749.0,cases,NCRB,1,2022-12-31,2026-09-25,Table 4A.10 (PDF p. 424),Crime in India 2022,https://ncrb.gov.in/en/crime-india,"Extracted from NCRB Crime in India 2022, Vol. I (PDF, SHA-256 7c5ee3128b0b6bc7…, copy retrieved via https://data.opencity.in/dataset/crime-in-india-2022) — see data/raw/ncrb/2022/PROVENANCE.md."
2022,2022-01-01,2022-12-31,state,BR,Bihar,pocso_relationship,cases,relationship,unknown,66.0,cases,NCRB,1,2022-12-31,2026-09-25,Table 4A.10 (PDF p. 424),Crime in India 2022,https://ncrb.gov.in/en/crime-india,"Extracted from NCRB Crime in India 2022, Vol. I (PDF, SHA-256 7c5ee3128b0b6bc7…, copy retrieved via https://data.opencity.in/dataset/crime-in-india-2022) — see data/raw/ncrb/2022/PROVENANCE.md."
2023,2023-01-01,2023-12-31,state,BR,Bihar,pocso_relationship,cases,relationship,family_friends_neighbours_known,386.0,cases,NCRB,1,2023-12-31,2026-09-25,Table 4A.10 (PDF p. 424),Crime in India 2023,https://ncrb.gov.in/en/crime-india,"Extracted from NCRB Crime in India 2023, Vol. I (PDF, SHA-256 553ac8b2eadfe9e2…, copy retrieved via https://data.opencity.in/dataset/crime-in-india-2023) — see data/raw/ncrb/2023/PROVENANCE.md."
2023,2023-01-01,2023-12-31,state,BR,Bihar,pocso_relationship,cases,relationship,family_members,22.0,cases,NCRB,1,2023-12-31,2026-09-25,Table 4A.10 (PDF p. 424),Crime in India 2023,https://ncrb.gov.in/en/crime-india,"Extracted from NCRB Crime in India 2023, Vol. I (PDF, SHA-256 553ac8b2eadfe9e2…, copy retrieved via https://data.opencity.in/dataset/crime-in-india-2023) — see data/raw/ncrb/2023/PROVENANCE.md."
2023,2023-01-01,2023-12-31,state,BR,Bihar,pocso_relationship,cases,relationship,friends_online_partners,418.0,cases,NCRB,1,2023-12-31,2026-09-25,Table 4A.10 (PDF p. 424),Crime in India 2023,https://ncrb.gov.in/en/crime-india,"Extracted from NCRB Crime in India 2023, Vol. I (PDF, SHA-256 553ac8b2eadfe9e2…, copy retrieved via https://data.opencity.in/dataset/crime-in-india-2023) — see data/raw/ncrb/2023/PROVENANCE.md."
2023,2023-01-01,2023-12-31,state,BR,Bihar,pocso_relationship,cases,relationship,known_total,826.0,cases,NCRB,1,2023-12-31,2026-09-25,Table 4A.10 (PDF p. 424),Crime in India 2023,https://ncrb.gov.in/en/crime-india,"Extracted from NCRB Crime in India 2023, Vol. I (PDF, SHA-256 553ac8b2eadfe9e2…, copy retrieved via https://data.opencity.in/dataset/crime-in-india-2023) — see data/raw/ncrb/2023/PROVENANCE.md."
2023,2023-01-01,2023-12-31,state,BR,Bihar,pocso_relationship,cases,relationship,total,925.0,cases,NCRB,1,2023-12-31,2026-09-25,Table 4A.10 (PDF p. 424),Crime in India 2023,https://ncrb.gov.in/en/crime-india,"Extracted from NCRB Crime in India 2023, Vol. I (PDF, SHA-256 553ac8b2eadfe9e2…, copy retrieved via https://data.opencity.in/dataset/crime-in-india-2023) — see data/raw/ncrb/2023/PROVENANCE.md."
2023,2023-01-01,2023-12-31,state,BR,Bihar,pocso_relationship,cases,relationship,unknown,99.0,cases,NCRB,1,2023-12-31,2026-09-25,Table 4A.10 (PDF p. 424),Crime in India 2023,https://ncrb.gov.in/en/crime-india,"Extracted from NCRB Crime in India 2023, Vol. I (PDF, SHA-256 553ac8b2eadfe9e2…, copy retrieved via https://data.opencity.in/dataset/crime-in-india-2023) — see data/raw/ncrb/2023/PROVENANCE.md."
2024,2024-01-01,2024-12-31,state,BR,Bihar,pocso_relationship,cases,relationship,family_friends_neighbours_known,453.0,cases,NCRB,1,2024-12-31,2026-09-25,Table 4A.10 (PDF p. 527),Crime in India 2024,https://ncrb.gov.in/en/crime-india,"Extracted from NCRB Crime in India 2024, Vol. I (PDF, SHA-256 75b827bdcfcd5e64…, copy retrieved via https://data.opencity.in/dataset/crime-in-india-2024) — see data/raw/ncrb/2024/PROVENANCE.md."
2024,2024-01-01,2024-12-31,state,BR,Bihar,pocso_relationship,cases,relationship,family_members,55.0,cases,NCRB,1,2024-12-31,2026-09-25,Table 4A.10 (PDF p. 527),Crime in India 2024,https://ncrb.gov.in/en/crime-india,"Extracted from NCRB Crime in India 2024, Vol. I (PDF, SHA-256 75b827bdcfcd5e64…, copy retrieved via https://data.opencity.in/dataset/crime-in-india-2024) — see data/raw/ncrb/2024/PROVENANCE.md."
2024,2024-01-01,2024-12-31,state,BR,Bihar,pocso_relationship,cases,relationship,friends_online_partners,434.0,cases,NCRB,1,2024-12-31,2026-09-25,Table 4A.10 (PDF p. 527),Crime in India 2024,https://ncrb.gov.in/en/crime-india,"Extracted from NCRB Crime in India 2024, Vol. I (PDF, SHA-256 75b827bdcfcd5e64…, copy retrieved via https://data.opencity.in/dataset/crime-in-india-2024) — see data/raw/ncrb/2024/PROVENANCE.md."
2024,2024-01-01,2024-12-31,state,BR,Bihar,pocso_relationship,cases,relationship,known_total,942.0,cases,NCRB,1,2024-12-31,2026-09-25,Table 4A.10 (PDF p. 527),Crime in India 2024,https://ncrb.gov.in/en/crime-india,"Extracted from NCRB Crime in India 2024, Vol. I (PDF, SHA-256 75b827bdcfcd5e64…, copy retrieved via https://data.opencity.in/dataset/crime-in-india-2024) — see data/raw/ncrb/2024/PROVENANCE.md."
2024,2024-01-01,2024-12-31,state,BR,Bihar,pocso_relationship,cases,relationship,total,1030.0,cases,NCRB,1,2024-12-31,2026-09-25,Table 4A.10 (PDF p. 527),Crime in India 2024,https://ncrb.gov.in/en/crime-india,"Extracted from NCRB Crime in India 2024, Vol. I (PDF, SHA-256 75b827bdcfcd5e64…, copy retrieved via https://data.opencity.in/dataset/crime-in-india-2024) — see data/raw/ncrb/2024/PROVENANCE.md."
2024,2024-01-01,2024-12-31,state,BR,Bihar,pocso_relationship,cases,relationship,unknown,88.0,cases,NCRB,1,2024-12-31,2026-09-25,Table 4A.10 (PDF p. 527),Crime in India 2024,https://ncrb.gov.in/en/crime-india,"Extracted from NCRB Crime in India 2024, Vol. I (PDF, SHA-256 75b827bdcfcd5e64…, copy retrieved via https://data.opencity.in/dataset/crime-in-india-2024) — see data/raw/ncrb/2024/PROVENANCE.md."
2022,2022-01-01,2022-12-31,state,CH,Chandigarh,pocso_relationship,cases,relationship,family_friends_neighbours_known,0.0,cases,NCRB,1,2022-12-31,2026-09-25,Table 4A.10 (PDF p. 424),Crime in India 2022,https://ncrb.gov.in/en/crime-india,"Extracted from NCRB Crime in India 2022, Vol. I (PDF, SHA-256 7c5ee3128b0b6bc7…, copy retrieved via https://data.opencity.in/dataset/crime-in-india-2022) — see data/raw/ncrb/2022/PROVENANCE.md."
2022,2022-01-01,2022-12-31,state,CH,Chandigarh,pocso_relationship,cases,relationship,family_members,0.0,cases,NCRB,1,2022-12-31,2026-09-25,Table 4A.10 (PDF p. 424),Crime in India 2022,https://ncrb.gov.in/en/crime-india,"Extracted from NCRB Crime in India 2022, Vol. I (PDF, SHA-256 7c5ee3128b0b6bc7…, copy retrieved via https://data.opencity.in/dataset/crime-in-india-2022) — see data/raw/ncrb/2022/PROVENANCE.md."
2022,2022-01-01,2022-12-31,state,CH,Chandigarh,pocso_relationship,cases,relationship,friends_online_partners,0.0,cases,NCRB,1,2022-12-31,2026-09-25,Table 4A.10 (PDF p. 424),Crime in India 2022,https://ncrb.gov.in/en/crime-india,"Extracted from NCRB Crime in India 2022, Vol. I (PDF, SHA-256 7c5ee3128b0b6bc7…, copy retrieved via https://data.opencity.in/dataset/crime-in-india-2022) — see data/raw/ncrb/2022/PROVENANCE.md."
2022,2022-01-01,2022-12-31,state,CH,Chandigarh,pocso_relationship,cases,relationship,known_total,0.0,cases,NCRB,1,2022-12-31,2026-09-25,Table 4A.10 (PDF p. 424),Crime in India 2022,https://ncrb.gov.in/en/crime-india,"Extracted from NCRB Crime in India 2022, Vol. I (PDF, SHA-256 7c5ee3128b0b6bc7…, copy retrieved via https://data.opencity.in/dataset/crime-in-india-2022) — see data/raw/ncrb/2022/PROVENANCE.md."
2022,2022-01-01,2022-12-31,state,CH,Chandigarh,pocso_relationship,cases,relationship,total,1.0,cases,NCRB,1,2022-12-31,2026-09-25,Table 4A.10 (PDF p. 424),Crime in India 2022,https://ncrb.gov.in/en/crime-india,"Extracted from NCRB Crime in India 2022, Vol. I (PDF, SHA-256 7c5ee3128b0b6bc7…, copy retrieved via https://data.opencity.in/dataset/crime-in-india-2022) — see data/raw/ncrb/2022/PROVENANCE.md."
2022,2022-01-01,2022-12-31,state,CH,Chandigarh,pocso_relationship,cases,relationship,unknown,1.0,cases,NCRB,1,2022-12-31,2026-09-25,Table 4A.10 (PDF p. 424),Crime in India 2022,https://ncrb.gov.in/en/crime-india,"Extracted from NCRB Crime in India 2022, Vol. I (PDF, SHA-256 7c5ee3128b0b6bc7…, copy retrieved via https://data.opencity.in/dataset/crime-in-india-2022) — see data/raw/ncrb/2022/PROVENANCE.md."
2023,2023-01-01,2023-12-31,state,CH,Chandigarh,pocso_relationship,cases,relationship,family_friends_neighbours_known,0.0,cases,NCRB,1,2023-12-31,2026-09-25,Table 4A.10 (PDF p. 424),Crime in India 2023,https://ncrb.gov.in/en/crime-india,"Extracted from NCRB Crime in India 2023, Vol. I (PDF, SHA-256 553ac8b2eadfe9e2…, copy retrieved via https://data.opencity.in/dataset/crime-in-india-2023) — see data/raw/ncrb/2023/PROVENANCE.md."
2023,2023-01-01,2023-12-31,state,CH,Chandigarh,pocso_relationship,cases,relationship,family_members,0.0,cases,NCRB,1,2023-12-31,2026-09-25,Table 4A.10 (PDF p. 424),Crime in India 2023,https://ncrb.gov.in/en/crime-india,"Extracted from NCRB Crime in India 2023, Vol. I (PDF, SHA-256 553ac8b2eadfe9e2…, copy retrieved via https://data.opencity.in/dataset/crime-in-india-2023) — see data/raw/ncrb/2023/PROVENANCE.md."
2023,2023-01-01,2023-12-31,state,CH,Chandigarh,pocso_relationship,cases,relationship,friends_online_partners,0.0,cases,NCRB,1,2023-12-31,2026-09-25,Table 4A.10 (PDF p. 424),Crime in India 2023,https://ncrb.gov.in/en/crime-india,"Extracted from NCRB Crime in India 2023, Vol. I (PDF, SHA-256 553ac8b2eadfe9e2…, copy retrieved via https://data.opencity.in/dataset/crime-in-india-2023) — see data/raw/ncrb/2023/PROVENANCE.md."
2023,2023-01-01,2023-12-31,state,CH,Chandigarh,pocso_relationship,cases,relationship,known_total,0.0,cases,NCRB,1,2023-12-31,2026-09-25,Table 4A.10 (PDF p. 424),Crime in India 2023,https://ncrb.gov.in/en/crime-india,"Extracted from NCRB Crime in India 2023, Vol. I (PDF, SHA-256 553ac8b2eadfe9e2…, copy retrieved via https://data.opencity.in/dataset/crime-in-india-2023) — see data/raw/ncrb/2023/PROVENANCE.md."
2023,2023-01-01,2023-12-31,state,CH,Chandigarh,pocso_relationship,cases,relationship,total,0.0,cases,NCRB,1,2023-12-31,2026-09-25,Table 4A.10 (PDF p. 424),Crime in India 2023,https://ncrb.gov.in/en/crime-india,"Extracted from NCRB Crime in India 2023, Vol. I (PDF, SHA-256 553ac8b2eadfe9e2…, copy retrieved via https://data.opencity.in/dataset/crime-in-india-2023) — see data/raw/ncrb/2023/PROVENANCE.md."
2023,2023-01-01,2023-12-31,state,CH,Chandigarh,pocso_relationship,cases,relationship,unknown,0.0,cases,NCRB,1,2023-12-31,2026-09-25,Table 4A.10 (PDF p. 424),Crime in India 2023,https://ncrb.gov.in/en/crime-india,"Extracted from NCRB Crime in India 2023, Vol. I (PDF, SHA-256 553ac8b2eadfe9e2…, copy retrieved via https://data.opencity.in/dataset/crime-in-india-2023) — see data/raw/ncrb/2023/PROVENANCE.md."
2024,2024-01-01,2024-12-31,state,CH,Chandigarh,pocso_relationship,cases,relationship,family_friends_neighbours_known,0.0,cases,NCRB,1,2024-12-31,2026-09-25,Table 4A.10 (PDF p. 527),Crime in India 2024,https://ncrb.gov.in/en/crime-india,"Extracted from NCRB Crime in India 2024, Vol. I (PDF, SHA-256 75b827bdcfcd5e64…, copy retrieved via https://data.opencity.in/dataset/crime-in-india-2024) — see data/raw/ncrb/2024/PROVENANCE.md."
2024,2024-01-01,2024-12-31,state,CH,Chandigarh,pocso_relationship,cases,relationship,family_members,1.0,cases,NCRB,1,2024-12-31,2026-09-25,Table 4A.10 (PDF p. 527),Crime in India 2024,https://ncrb.gov.in/en/crime-india,"Extracted from NCRB Crime in India 2024, Vol. I (PDF, SHA-256 75b827bdcfcd5e64…, copy retrieved via https://data.opencity.in/dataset/crime-in-india-2024) — see data/raw/ncrb/2024/PROVENANCE.md."
2024,2024-01-01,2024-12-31,state,CH,Chandigarh,pocso_relationship,cases,relationship,friends_online_partners,1.0,cases,NCRB,1,2024-12-31,2026-09-25,Table 4A.10 (PDF p. 527),Crime in India 2024,https://ncrb.gov.in/en/crime-india,"Extracted from NCRB Crime in India 2024, Vol. I (PDF, SHA-256 75b827bdcfcd5e64…, copy retrieved via https://data.opencity.in/dataset/crime-in-india-2024) — see data/raw/ncrb/2024/PROVENANCE.md."
2024,2024-01-01,2024-12-31,state,CH,Chandigarh,pocso_relationship,cases,relationship,known_total,2.0,cases,NCRB,1,2024-12-31,2026-09-25,Table 4A.10 (PDF p. 527),Crime in India 2024,https://ncrb.gov.in/en/crime-india,"Extracted from NCRB Crime in India 2024, Vol. I (PDF, SHA-256 75b827bdcfcd5e64…, copy retrieved via https://data.opencity.in/dataset/crime-in-india-2024) — see data/raw/ncrb/2024/PROVENANCE.md."
2024,2024-01-01,2024-12-31,state,CH,Chandigarh,pocso_relationship,cases,relationship,total,2.0,cases,NCRB,1,2024-12-31,2026-09-25,Table 4A.10 (PDF p. 527),Crime in India 2024,https://ncrb.gov.in/en/crime-india,"Extracted from NCRB Crime in India 2024, Vol. I (PDF, SHA-256 75b827bdcfcd5e64…, copy retrieved via https://data.opencity.in/dataset/crime-in-india-2024) — see data/raw/ncrb/2024/PROVENANCE.md."
2024,2024-01-01,2024-12-31,state,CH,Chandigarh,pocso_relationship,cases,relationship,unknown,0.0,cases,NCRB,1,2024-12-31,2026-09-25,Table 4A.10 (PDF p. 527),Crime in India 2024,https://ncrb.gov.in/en/crime-india,"Extracted from NCRB Crime in India 2024, Vol. I (PDF, SHA-256 75b827bdcfcd5e64…, copy retrieved via https://data.opencity.in/dataset/crime-in-india-2024) — see data/raw/ncrb/2024/PROVENANCE.md."
2022,2022-01-01,2022-12-31,state,CT,Chhattisgarh,pocso_relationship,cases,relationship,family_friends_neighbours_known,489.0,cases,NCRB,1,2022-12-31,2026-09-25,Table 4A.10 (PDF p. 424),Crime in India 2022,https://ncrb.gov.in/en/crime-india,"Extracted from NCRB Crime in India 2022, Vol. I (PDF, SHA-256 7c5ee3128b0b6bc7…, copy retrieved via https://data.opencity.in/dataset/crime-in-india-2022) — see data/raw/ncrb/2022/PROVENANCE.md."
2022,2022-01-01,2022-12-31,state,CT,Chhattisgarh,pocso_relationship,cases,relationship,family_members,123.0,cases,NCRB,1,2022-12-31,2026-09-25,Table 4A.10 (PDF p. 424),Crime in India 2022,https://ncrb.gov.in/en/crime-india,"Extracted from NCRB Crime in India 2022, Vol. I (PDF, SHA-256 7c5ee3128b0b6bc7…, copy retrieved via https://data.opencity.in/dataset/crime-in-india-2022) — see data/raw/ncrb/2022/PROVENANCE.md."
2022,2022-01-01,2022-12-31,state,CT,Chhattisgarh,pocso_relationship,cases,relationship,friends_online_partners,1140.0,cases,NCRB,1,2022-12-31,2026-09-25,Table 4A.10 (PDF p. 424),Crime in India 2022,https://ncrb.gov.in/en/crime-india,"Extracted from NCRB Crime in India 2022, Vol. I (PDF, SHA-256 7c5ee3128b0b6bc7…, copy retrieved via https://data.opencity.in/dataset/crime-in-india-2022) — see data/raw/ncrb/2022/PROVENANCE.md."
2022,2022-01-01,2022-12-31,state,CT,Chhattisgarh,pocso_relationship,cases,relationship,known_total,1752.0,cases,NCRB,1,2022-12-31,2026-09-25,Table 4A.10 (PDF p. 424),Crime in India 2022,https://ncrb.gov.in/en/crime-india,"Extracted from NCRB Crime in India 2022, Vol. I (PDF, SHA-256 7c5ee3128b0b6bc7…, copy retrieved via https://data.opencity.in/dataset/crime-in-india-2022) — see data/raw/ncrb/2022/PROVENANCE.md."
2022,2022-01-01,2022-12-31,state,CT,Chhattisgarh,pocso_relationship,cases,relationship,total,1809.0,cases,NCRB,1,2022-12-31,2026-09-25,Table 4A.10 (PDF p. 424),Crime in India 2022,https://ncrb.gov.in/en/crime-india,"Extracted from NCRB Crime in India 2022, Vol. I (PDF, SHA-256 7c5ee3128b0b6bc7…, copy retrieved via https://data.opencity.in/dataset/crime-in-india-2022) — see data/raw/ncrb/2022/PROVENANCE.md."
2022,2022-01-01,2022-12-31,state,CT,Chhattisgarh,pocso_relationship,cases,relationship,unknown,57.0,cases,NCRB,1,2022-12-31,2026-09-25,Table 4A.10 (PDF p. 424),Crime in India 2022,https://ncrb.gov.in/en/crime-india,"Extracted from NCRB Crime in India 2022, Vol. I (PDF, SHA-256 7c5ee3128b0b6bc7…, copy retrieved via https://data.opencity.in/dataset/crime-in-india-2022) — see data/raw/ncrb/2022/PROVENANCE.md."
2023,2023-01-01,2023-12-31,state,CT,Chhattisgarh,pocso_relationship,cases,relationship,family_friends_neighbours_known,422.0,cases,NCRB,1,2023-12-31,2026-09-25,Table 4A.10 (PDF p. 424),Crime in India 2023,https://ncrb.gov.in/en/crime-india,"Extracted from NCRB Crime in India 2023, Vol. I (PDF, SHA-256 553ac8b2eadfe9e2…, copy retrieved via https://data.opencity.in/dataset/crime-in-india-2023) — see data/raw/ncrb/2023/PROVENANCE.md."
2023,2023-01-01,2023-12-31,state,CT,Chhattisgarh,pocso_relationship,cases,relationship,family_members,77.0,cases,NCRB,1,2023-12-31,2026-09-25,Table 4A.10 (PDF p. 424),Crime in India 2023,https://ncrb.gov.in/en/crime-india,"Extracted from NCRB Crime in India 2023, Vol. I (PDF, SHA-256 553ac8b2eadfe9e2…, copy retrieved via https://data.opencity.in/dataset/crime-in-india-2023) — see data/raw/ncrb/2023/PROVENANCE.md."
2023,2023-01-01,2023-12-31,state,CT,Chhattisgarh,pocso_relationship,cases,relationship,friends_online_partners,994.0,cases,NCRB,1,2023-12-31,2026-09-25,Table 4A.10 (PDF p. 424),Crime in India 2023,https://ncrb.gov.in/en/crime-india,"Extracted from NCRB Crime in India 2023, Vol. I (PDF, SHA-256 553ac8b2eadfe9e2…, copy retrieved via https://data.opencity.in/dataset/crime-in-india-2023) — see data/raw/ncrb/2023/PROVENANCE.md."
2023,2023-01-01,2023-12-31,state,CT,Chhattisgarh,pocso_relationship,cases,relationship,known_total,1493.0,cases,NCRB,1,2023-12-31,2026-09-25,Table 4A.10 (PDF p. 424),Crime in India 2023,https://ncrb.gov.in/en/crime-india,"Extracted from NCRB Crime in India 2023, Vol. I (PDF, SHA-256 553ac8b2eadfe9e2…, copy retrieved via https://data.opencity.in/dataset/crime-in-india-2023) — see data/raw/ncrb/2023/PROVENANCE.md."
2023,2023-01-01,2023-12-31,state,CT,Chhattisgarh,pocso_relationship,cases,relationship,total,1503.0,cases,NCRB,1,2023-12-31,2026-09-25,Table 4A.10 (PDF p. 424),Crime in India 2023,https://ncrb.gov.in/en/crime-india,"Extracted from NCRB Crime in India 2023, Vol. I (PDF, SHA-256 553ac8b2eadfe9e2…, copy retrieved via https://data.opencity.in/dataset/crime-in-india-2023) — see data/raw/ncrb/2023/PROVENANCE.md."
2023,2023-01-01,2023-12-31,state,CT,Chhattisgarh,pocso_relationship,cases,relationship,unknown,10.0,cases,NCRB,1,2023-12-31,2026-09-25,Table 4A.10 (PDF p. 424),Crime in India 2023,https://ncrb.gov.in/en/crime-india,"Extracted from NCRB Crime in India 2023, Vol. I (PDF, SHA-256 553ac8b2eadfe9e2…, copy retrieved via https://data.opencity.in/dataset/crime-in-india-2023) — see data/raw/ncrb/2023/PROVENANCE.md."
2024,2024-01-01,2024-12-31,state,CT,Chhattisgarh,pocso_relationship,cases,relationship,family_friends_neighbours_known,376.0,cases,NCRB,1,2024-12-31,2026-09-25,Table 4A.10 (PDF p. 527),Crime in India 2024,https://ncrb.gov.in/en/crime-india,"Extracted from NCRB Crime in India 2024, Vol. I (PDF, SHA-256 75b827bdcfcd5e64…, copy retrieved via https://data.opencity.in/dataset/crime-in-india-2024) — see data/raw/ncrb/2024/PROVENANCE.md."
2024,2024-01-01,2024-12-31,state,CT,Chhattisgarh,pocso_relationship,cases,relationship,family_members,77.0,cases,NCRB,1,2024-12-31,2026-09-25,Table 4A.10 (PDF p. 527),Crime in India 2024,https://ncrb.gov.in/en/crime-india,"Extracted from NCRB Crime in India 2024, Vol. I (PDF, SHA-256 75b827bdcfcd5e64…, copy retrieved via https://data.opencity.in/dataset/crime-in-india-2024) — see data/raw/ncrb/2024/PROVENANCE.md."
2024,2024-01-01,2024-12-31,state,CT,Chhattisgarh,pocso_relationship,cases,relationship,friends_online_partners,1290.0,cases,NCRB,1,2024-12-31,2026-09-25,Table 4A.10 (PDF p. 527),Crime in India 2024,https://ncrb.gov.in/en/crime-india,"Extracted from NCRB Crime in India 2024, Vol. I (PDF, SHA-256 75b827bdcfcd5e64…, copy retrieved via https://data.opencity.in/dataset/crime-in-india-2024) — see data/raw/ncrb/2024/PROVENANCE.md."
2024,2024-01-01,2024-12-31,state,CT,Chhattisgarh,pocso_relationship,cases,relationship,known_total,1743.0,cases,NCRB,1,2024-12-31,2026-09-25,Table 4A.10 (PDF p. 527),Crime in India 2024,https://ncrb.gov.in/en/crime-india,"Extracted from NCRB Crime in India 2024, Vol. I (PDF, SHA-256 75b827bdcfcd5e64…, copy retrieved via https://data.opencity.in/dataset/crime-in-india-2024) — see data/raw/ncrb/2024/PROVENANCE.md."
2024,2024-01-01,2024-12-31,state,CT,Chhattisgarh,pocso_relationship,cases,relationship,total,1770.0,cases,NCRB,1,2024-12-31,2026-09-25,Table 4A.10 (PDF p. 527),Crime in India 2024,https://ncrb.gov.in/en/crime-india,"Extracted from NCRB Crime in India 2024, Vol. I (PDF, SHA-256 75b827bdcfcd5e64…, copy retrieved via https://data.opencity.in/dataset/crime-in-india-2024) — see data/raw/ncrb/2024/PROVENANCE.md."
2024,2024-01-01,2024-12-31,state,CT,Chhattisgarh,pocso_relationship,cases,relationship,unknown,27.0,cases,NCRB,1,2024-12-31,2026-09-25,Table 4A.10 (PDF p. 527),Crime in India 2024,https://ncrb.gov.in/en/crime-india,"Extracted from NCRB Crime in India 2024, Vol. I (PDF, SHA-256 75b827bdcfcd5e64…, copy retrieved via https://data.opencity.in/dataset/crime-in-india-2024) — see data/raw/ncrb/2024/PROVENANCE.md."
2022,2022-01-01,2022-12-31,state,DH,Dadra and Nagar Haveli and Daman and Diu,pocso_relationship,cases,relationship,family_friends_neighbours_known,10.0,cases,NCRB,1,2022-12-31,2026-09-25,Table 4A.10 (PDF p. 424),Crime in India 2022,https://ncrb.gov.in/en/crime-india,"Extracted from NCRB Crime in India 2022, Vol. I (PDF, SHA-256 7c5ee3128b0b6bc7…, copy retrieved via https://data.opencity.in/dataset/crime-in-india-2022) — see data/raw/ncrb/2022/PROVENANCE.md."
2022,2022-01-01,2022-12-31,state,DH,Dadra and Nagar Haveli and Daman and Diu,pocso_relationship,cases,relationship,family_members,4.0,cases,NCRB,1,2022-12-31,2026-09-25,Table 4A.10 (PDF p. 424),Crime in India 2022,https://ncrb.gov.in/en/crime-india,"Extracted from NCRB Crime in India 2022, Vol. I (PDF, SHA-256 7c5ee3128b0b6bc7…, copy retrieved via https://data.opencity.in/dataset/crime-in-india-2022) — see data/raw/ncrb/2022/PROVENANCE.md."
2022,2022-01-01,2022-12-31,state,DH,Dadra and Nagar Haveli and Daman and Diu,pocso_relationship,cases,relationship,friends_online_partners,29.0,cases,NCRB,1,2022-12-31,2026-09-25,Table 4A.10 (PDF p. 424),Crime in India 2022,https://ncrb.gov.in/en/crime-india,"Extracted from NCRB Crime in India 2022, Vol. I (PDF, SHA-256 7c5ee3128b0b6bc7…, copy retrieved via https://data.opencity.in/dataset/crime-in-india-2022) — see data/raw/ncrb/2022/PROVENANCE.md."
2022,2022-01-01,2022-12-31,state,DH,Dadra and Nagar Haveli and Daman and Diu,pocso_relationship,cases,relationship,known_total,43.0,cases,NCRB,1,2022-12-31,2026-09-25,Table 4A.10 (PDF p. 424),Crime in India 2022,https://ncrb.gov.in/en/crime-india,"Extracted from NCRB Crime in India 2022, Vol. I (PDF, SHA-256 7c5ee3128b0b6bc7…, copy retrieved via https://data.opencity.in/dataset/crime-in-india-2022) — see data/raw/ncrb/2022/PROVENANCE.md."
2022,2022-01-01,2022-12-31,state,DH,Dadra and Nagar Haveli and Daman and Diu,pocso_relationship,cases,relationship,total,43.0,cases,NCRB,1,2022-12-31,2026-09-25,Table 4A.10 (PDF p. 424),Crime in India 2022,https://ncrb.gov.in/en/crime-india,"Extracted from NCRB Crime in India 2022, Vol. I (PDF, SHA-256 7c5ee3128b0b6bc7…, copy retrieved via https://data.opencity.in/dataset/crime-in-india-2022) — see data/raw/ncrb/2022/PROVENANCE.md."
2022,2022-01-01,2022-12-31,state,DH,Dadra and Nagar Haveli and Daman and Diu,pocso_relationship,cases,relationship,unknown,0.0,cases,NCRB,1,2022-12-31,2026-09-25,Table 4A.10 (PDF p. 424),Crime in India 2022,https://ncrb.gov.in/en/crime-india,"Extracted from NCRB Crime in India 2022, Vol. I (PDF, SHA-256 7c5ee3128b0b6bc7…, copy retrieved via https://data.opencity.in/dataset/crime-in-india-2022) — see data/raw/ncrb/2022/PROVENANCE.md."
2023,2023-01-01,2023-12-31,state,DH,Dadra and Nagar Haveli and Daman and Diu,pocso_relationship,cases,relationship,family_friends_neighbours_known,13.0,cases,NCRB,1,2023-12-31,2026-09-25,Table 4A.10 (PDF p. 424),Crime in India 2023,https://ncrb.gov.in/en/crime-india,"Extracted from NCRB Crime in India 2023, Vol. I (PDF, SHA-256 553ac8b2eadfe9e2…, copy retrieved via https://data.opencity.in/dataset/crime-in-india-2023) — see data/raw/ncrb/2023/PROVENANCE.md."
2023,2023-01-01,2023-12-31,state,DH,Dadra and Nagar Haveli and Daman and Diu,pocso_relationship,cases,relationship,family_members,3.0,cases,NCRB,1,2023-12-31,2026-09-25,Table 4A.10 (PDF p. 424),Crime in India 2023,https://ncrb.gov.in/en/crime-india,"Extracted from NCRB Crime in India 2023, Vol. I (PDF, SHA-256 553ac8b2eadfe9e2…, copy retrieved via https://data.opencity.in/dataset/crime-in-india-2023) — see data/raw/ncrb/2023/PROVENANCE.md."
2023,2023-01-01,2023-12-31,state,DH,Dadra and Nagar Haveli and Daman and Diu,pocso_relationship,cases,relationship,friends_online_partners,35.0,cases,NCRB,1,2023-12-31,2026-09-25,Table 4A.10 (PDF p. 424),Crime in India 2023,https://ncrb.gov.in/en/crime-india,"Extracted from NCRB Crime in India 2023, Vol. I (PDF, SHA-256 553ac8b2eadfe9e2…, copy retrieved via https://data.opencity.in/dataset/crime-in-india-2023) — see data/raw/ncrb/2023/PROVENANCE.md."
2023,2023-01-01,2023-12-31,state,DH,Dadra and Nagar Haveli and Daman and Diu,pocso_relationship,cases,relationship,known_total,51.0,cases,NCRB,1,2023-12-31,2026-09-25,Table 4A.10 (PDF p. 424),Crime in India 2023,https://ncrb.gov.in/en/crime-india,"Extracted from NCRB Crime in India 2023, Vol. I (PDF, SHA-256 553ac8b2eadfe9e2…, copy retrieved via https://data.opencity.in/dataset/crime-in-india-2023) — see data/raw/ncrb/2023/PROVENANCE.md."
2023,2023-01-01,2023-12-31,state,DH,Dadra and Nagar Haveli and Daman and Diu,pocso_relationship,cases,relationship,total,51.0,cases,NCRB,1,2023-12-31,2026-09-25,Table 4A.10 (PDF p. 424),Crime in India 2023,https://ncrb.gov.in/en/crime-india,"Extracted from NCRB Crime in India 2023, Vol. I (PDF, SHA-256 553ac8b2eadfe9e2…, copy retrieved via https://data.opencity.in/dataset/crime-in-india-2023) — see data/raw/ncrb/2023/PROVENANCE.md."
2023,2023-01-01,2023-12-31,state,DH,Dadra and Nagar Haveli and Daman and Diu,pocso_relationship,cases,relationship,unknown,0.0,cases,NCRB,1,2023-12-31,2026-09-25,Table 4A.10 (PDF p. 424),Crime in India 2023,https://ncrb.gov.in/en/crime-india,"Extracted from NCRB Crime in India 2023, Vol. I (PDF, SHA-256 553ac8b2eadfe9e2…, copy retrieved via https://data.opencity.in/dataset/crime-in-india-2023) — see data/raw/ncrb/2023/PROVENANCE.md."
2024,2024-01-01,2024-12-31,state,DH,Dadra and Nagar Haveli and Daman and Diu,pocso_relationship,cases,relationship,family_friends_neighbours_known,6.0,cases,NCRB,1,2024-12-31,2026-09-25,Table 4A.10 (PDF p. 527),Crime in India 2024,https://ncrb.gov.in/en/crime-india,"Extracted from NCRB Crime in India 2024, Vol. I (PDF, SHA-256 75b827bdcfcd5e64…, copy retrieved via https://data.opencity.in/dataset/crime-in-india-2024) — see data/raw/ncrb/2024/PROVENANCE.md."
2024,2024-01-01,2024-12-31,state,DH,Dadra and Nagar Haveli and Daman and Diu,pocso_relationship,cases,relationship,family_members,1.0,cases,NCRB,1,2024-12-31,2026-09-25,Table 4A.10 (PDF p. 527),Crime in India 2024,https://ncrb.gov.in/en/crime-india,"Extracted from NCRB Crime in India 2024, Vol. I (PDF, SHA-256 75b827bdcfcd5e64…, copy retrieved via https://data.opencity.in/dataset/crime-in-india-2024) — see data/raw/ncrb/2024/PROVENANCE.md."
2024,2024-01-01,2024-12-31,state,DH,Dadra and Nagar Haveli and Daman and Diu,pocso_relationship,cases,relationship,friends_online_partners,16.0,cases,NCRB,1,2024-12-31,2026-09-25,Table 4A.10 (PDF p. 527),Crime in India 2024,https://ncrb.gov.in/en/crime-india,"Extracted from NCRB Crime in India 2024, Vol. I (PDF, SHA-256 75b827bdcfcd5e64…, copy retrieved via https://data.opencity.in/dataset/crime-in-india-2024) — see data/raw/ncrb/2024/PROVENANCE.md."
2024,2024-01-01,2024-12-31,state,DH,Dadra and Nagar Haveli and Daman and Diu,pocso_relationship,cases,relationship,known_total,23.0,cases,NCRB,1,2024-12-31,2026-09-25,Table 4A.10 (PDF p. 527),Crime in India 2024,https://ncrb.gov.in/en/crime-india,"Extracted from NCRB Crime in India 2024, Vol. I (PDF, SHA-256 75b827bdcfcd5e64…, copy retrieved via https://data.opencity.in/dataset/crime-in-india-2024) — see data/raw/ncrb/2024/PROVENANCE.md."
2024,2024-01-01,2024-12-31,state,DH,Dadra and Nagar Haveli and Daman and Diu,pocso_relationship,cases,relationship,total,23.0,cases,NCRB,1,2024-12-31,2026-09-25,Table 4A.10 (PDF p. 527),Crime in India 2024,https://ncrb.gov.in/en/crime-india,"Extracted from NCRB Crime in India 2024, Vol. I (PDF, SHA-256 75b827bdcfcd5e64…, copy retrieved via https://data.opencity.in/dataset/crime-in-india-2024) — see data/raw/ncrb/2024/PROVENANCE.md."
2024,2024-01-01,2024-12-31,state,DH,Dadra and Nagar Haveli and Daman and Diu,pocso_relationship,cases,relationship,unknown,0.0,cases,NCRB,1,2024-12-31,2026-09-25,Table 4A.10 (PDF p. 527),Crime in India 2024,https://ncrb.gov.in/en/crime-india,"Extracted from NCRB Crime in India 2024, Vol. I (PDF, SHA-256 75b827bdcfcd5e64…, copy retrieved via https://data.opencity.in/dataset/crime-in-india-2024) — see data/raw/ncrb/2024/PROVENANCE.md."
2022,2022-01-01,2022-12-31,state,DL,Delhi,pocso_relationship,cases,relationship,family_friends_neighbours_known,335.0,cases,NCRB,1,2022-12-31,2026-09-25,Table 4A.10 (PDF p. 424),Crime in India 2022,https://ncrb.gov.in/en/crime-india,"Extracted from NCRB Crime in India 2022, Vol. I (PDF, SHA-256 7c5ee3128b0b6bc7…, copy retrieved via https://data.opencity.in/dataset/crime-in-india-2022) — see data/raw/ncrb/2022/PROVENANCE.md."
2022,2022-01-01,2022-12-31,state,DL,Delhi,pocso_relationship,cases,relationship,family_members,94.0,cases,NCRB,1,2022-12-31,2026-09-25,Table 4A.10 (PDF p. 424),Crime in India 2022,https://ncrb.gov.in/en/crime-india,"Extracted from NCRB Crime in India 2022, Vol. I (PDF, SHA-256 7c5ee3128b0b6bc7…, copy retrieved via https://data.opencity.in/dataset/crime-in-india-2022) — see data/raw/ncrb/2022/PROVENANCE.md."
2022,2022-01-01,2022-12-31,state,DL,Delhi,pocso_relationship,cases,relationship,friends_online_partners,448.0,cases,NCRB,1,2022-12-31,2026-09-25,Table 4A.10 (PDF p. 424),Crime in India 2022,https://ncrb.gov.in/en/crime-india,"Extracted from NCRB Crime in India 2022, Vol. I (PDF, SHA-256 7c5ee3128b0b6bc7…, copy retrieved via https://data.opencity.in/dataset/crime-in-india-2022) — see data/raw/ncrb/2022/PROVENANCE.md."
2022,2022-01-01,2022-12-31,state,DL,Delhi,pocso_relationship,cases,relationship,known_total,877.0,cases,NCRB,1,2022-12-31,2026-09-25,Table 4A.10 (PDF p. 424),Crime in India 2022,https://ncrb.gov.in/en/crime-india,"Extracted from NCRB Crime in India 2022, Vol. I (PDF, SHA-256 7c5ee3128b0b6bc7…, copy retrieved via https://data.opencity.in/dataset/crime-in-india-2022) — see data/raw/ncrb/2022/PROVENANCE.md."
2022,2022-01-01,2022-12-31,state,DL,Delhi,pocso_relationship,cases,relationship,total,892.0,cases,NCRB,1,2022-12-31,2026-09-25,Table 4A.10 (PDF p. 424),Crime in India 2022,https://ncrb.gov.in/en/crime-india,"Extracted from NCRB Crime in India 2022, Vol. I (PDF, SHA-256 7c5ee3128b0b6bc7…, copy retrieved via https://data.opencity.in/dataset/crime-in-india-2022) — see data/raw/ncrb/2022/PROVENANCE.md."
2022,2022-01-01,2022-12-31,state,DL,Delhi,pocso_relationship,cases,relationship,unknown,15.0,cases,NCRB,1,2022-12-31,2026-09-25,Table 4A.10 (PDF p. 424),Crime in India 2022,https://ncrb.gov.in/en/crime-india,"Extracted from NCRB Crime in India 2022, Vol. I (PDF, SHA-256 7c5ee3128b0b6bc7…, copy retrieved via https://data.opencity.in/dataset/crime-in-india-2022) — see data/raw/ncrb/2022/PROVENANCE.md."
2023,2023-01-01,2023-12-31,state,DL,Delhi,pocso_relationship,cases,relationship,family_friends_neighbours_known,451.0,cases,NCRB,1,2023-12-31,2026-09-25,Table 4A.10 (PDF p. 424),Crime in India 2023,https://ncrb.gov.in/en/crime-india,"Extracted from NCRB Crime in India 2023, Vol. I (PDF, SHA-256 553ac8b2eadfe9e2…, copy retrieved via https://data.opencity.in/dataset/crime-in-india-2023) — see data/raw/ncrb/2023/PROVENANCE.md."
2023,2023-01-01,2023-12-31,state,DL,Delhi,pocso_relationship,cases,relationship,family_members,131.0,cases,NCRB,1,2023-12-31,2026-09-25,Table 4A.10 (PDF p. 424),Crime in India 2023,https://ncrb.gov.in/en/crime-india,"Extracted from NCRB Crime in India 2023, Vol. I (PDF, SHA-256 553ac8b2eadfe9e2…, copy retrieved via https://data.opencity.in/dataset/crime-in-india-2023) — see data/raw/ncrb/2023/PROVENANCE.md."
2023,2023-01-01,2023-12-31,state,DL,Delhi,pocso_relationship,cases,relationship,friends_online_partners,469.0,cases,NCRB,1,2023-12-31,2026-09-25,Table 4A.10 (PDF p. 424),Crime in India 2023,https://ncrb.gov.in/en/crime-india,"Extracted from NCRB Crime in India 2023, Vol. I (PDF, SHA-256 553ac8b2eadfe9e2…, copy retrieved via https://data.opencity.in/dataset/crime-in-india-2023) — see data/raw/ncrb/2023/PROVENANCE.md."
2023,2023-01-01,2023-12-31,state,DL,Delhi,pocso_relationship,cases,relationship,known_total,1051.0,cases,NCRB,1,2023-12-31,2026-09-25,Table 4A.10 (PDF p. 424),Crime in India 2023,https://ncrb.gov.in/en/crime-india,"Extracted from NCRB Crime in India 2023, Vol. I (PDF, SHA-256 553ac8b2eadfe9e2…, copy retrieved via https://data.opencity.in/dataset/crime-in-india-2023) — see data/raw/ncrb/2023/PROVENANCE.md."
2023,2023-01-01,2023-12-31,state,DL,Delhi,pocso_relationship,cases,relationship,total,1055.0,cases,NCRB,1,2023-12-31,2026-09-25,Table 4A.10 (PDF p. 424),Crime in India 2023,https://ncrb.gov.in/en/crime-india,"Extracted from NCRB Crime in India 2023, Vol. I (PDF, SHA-256 553ac8b2eadfe9e2…, copy retrieved via https://data.opencity.in/dataset/crime-in-india-2023) — see data/raw/ncrb/2023/PROVENANCE.md."
2023,2023-01-01,2023-12-31,state,DL,Delhi,pocso_relationship,cases,relationship,unknown,4.0,cases,NCRB,1,2023-12-31,2026-09-25,Table 4A.10 (PDF p. 424),Crime in India 2023,https://ncrb.gov.in/en/crime-india,"Extracted from NCRB Crime in India 2023, Vol. I (PDF, SHA-256 553ac8b2eadfe9e2…, copy retrieved via https://data.opencity.in/dataset/crime-in-india-2023) — see data/raw/ncrb/2023/PROVENANCE.md."
2024,2024-01-01,2024-12-31,state,DL,Delhi,pocso_relationship,cases,relationship,family_friends_neighbours_known,474.0,cases,NCRB,1,2024-12-31,2026-09-25,Table 4A.10 (PDF p. 527),Crime in India 2024,https://ncrb.gov.in/en/crime-india,"Extracted from NCRB Crime in India 2024, Vol. I (PDF, SHA-256 75b827bdcfcd5e64…, copy retrieved via https://data.opencity.in/dataset/crime-in-india-2024) — see data/raw/ncrb/2024/PROVENANCE.md."
2024,2024-01-01,2024-12-31,state,DL,Delhi,pocso_relationship,cases,relationship,family_members,119.0,cases,NCRB,1,2024-12-31,2026-09-25,Table 4A.10 (PDF p. 527),Crime in India 2024,https://ncrb.gov.in/en/crime-india,"Extracted from NCRB Crime in India 2024, Vol. I (PDF, SHA-256 75b827bdcfcd5e64…, copy retrieved via https://data.opencity.in/dataset/crime-in-india-2024) — see data/raw/ncrb/2024/PROVENANCE.md."
2024,2024-01-01,2024-12-31,state,DL,Delhi,pocso_relationship,cases,relationship,friends_online_partners,409.0,cases,NCRB,1,2024-12-31,2026-09-25,Table 4A.10 (PDF p. 527),Crime in India 2024,https://ncrb.gov.in/en/crime-india,"Extracted from NCRB Crime in India 2024, Vol. I (PDF, SHA-256 75b827bdcfcd5e64…, copy retrieved via https://data.opencity.in/dataset/crime-in-india-2024) — see data/raw/ncrb/2024/PROVENANCE.md."
2024,2024-01-01,2024-12-31,state,DL,Delhi,pocso_relationship,cases,relationship,known_total,1002.0,cases,NCRB,1,2024-12-31,2026-09-25,Table 4A.10 (PDF p. 527),Crime in India 2024,https://ncrb.gov.in/en/crime-india,"Extracted from NCRB Crime in India 2024, Vol. I (PDF, SHA-256 75b827bdcfcd5e64…, copy retrieved via https://data.opencity.in/dataset/crime-in-india-2024) — see data/raw/ncrb/2024/PROVENANCE.md."
2024,2024-01-01,2024-12-31,state,DL,Delhi,pocso_relationship,cases,relationship,total,1038.0,cases,NCRB,1,2024-12-31,2026-09-25,Table 4A.10 (PDF p. 527),Crime in India 2024,https://ncrb.gov.in/en/crime-india,"Extracted from NCRB Crime in India 2024, Vol. I (PDF, SHA-256 75b827bdcfcd5e64…, copy retrieved via https://data.opencity.in/dataset/crime-in-india-2024) — see data/raw/ncrb/2024/PROVENANCE.md."
2024,2024-01-01,2024-12-31,state,DL,Delhi,pocso_relationship,cases,relationship,unknown,36.0,cases,NCRB,1,2024-12-31,2026-09-25,Table 4A.10 (PDF p. 527),Crime in India 2024,https://ncrb.gov.in/en/crime-india,"Extracted from NCRB Crime in India 2024, Vol. I (PDF, SHA-256 75b827bdcfcd5e64…, copy retrieved via https://data.opencity.in/dataset/crime-in-india-2024) — see data/raw/ncrb/2024/PROVENANCE.md."
2022,2022-01-01,2022-12-31,state,GA,Goa,pocso_relationship,cases,relationship,family_friends_neighbours_known,0.0,cases,NCRB,1,2022-12-31,2026-09-25,Table 4A.10 (PDF p. 424),Crime in India 2022,https://ncrb.gov.in/en/crime-india,"Extracted from NCRB Crime in India 2022, Vol. I (PDF, SHA-256 7c5ee3128b0b6bc7…, copy retrieved via https://data.opencity.in/dataset/crime-in-india-2022) — see data/raw/ncrb/2022/PROVENANCE.md."
2022,2022-01-01,2022-12-31,state,GA,Goa,pocso_relationship,cases,relationship,family_members,0.0,cases,NCRB,1,2022-12-31,2026-09-25,Table 4A.10 (PDF p. 424),Crime in India 2022,https://ncrb.gov.in/en/crime-india,"Extracted from NCRB Crime in India 2022, Vol. I (PDF, SHA-256 7c5ee3128b0b6bc7…, copy retrieved via https://data.opencity.in/dataset/crime-in-india-2022) — see data/raw/ncrb/2022/PROVENANCE.md."
2022,2022-01-01,2022-12-31,state,GA,Goa,pocso_relationship,cases,relationship,friends_online_partners,1.0,cases,NCRB,1,2022-12-31,2026-09-25,Table 4A.10 (PDF p. 424),Crime in India 2022,https://ncrb.gov.in/en/crime-india,"Extracted from NCRB Crime in India 2022, Vol. I (PDF, SHA-256 7c5ee3128b0b6bc7…, copy retrieved via https://data.opencity.in/dataset/crime-in-india-2022) — see data/raw/ncrb/2022/PROVENANCE.md."
2022,2022-01-01,2022-12-31,state,GA,Goa,pocso_relationship,cases,relationship,known_total,1.0,cases,NCRB,1,2022-12-31,2026-09-25,Table 4A.10 (PDF p. 424),Crime in India 2022,https://ncrb.gov.in/en/crime-india,"Extracted from NCRB Crime in India 2022, Vol. I (PDF, SHA-256 7c5ee3128b0b6bc7…, copy retrieved via https://data.opencity.in/dataset/crime-in-india-2022) — see data/raw/ncrb/2022/PROVENANCE.md."
2022,2022-01-01,2022-12-31,state,GA,Goa,pocso_relationship,cases,relationship,total,1.0,cases,NCRB,1,2022-12-31,2026-09-25,Table 4A.10 (PDF p. 424),Crime in India 2022,https://ncrb.gov.in/en/crime-india,"Extracted from NCRB Crime in India 2022, Vol. I (PDF, SHA-256 7c5ee3128b0b6bc7…, copy retrieved via https://data.opencity.in/dataset/crime-in-india-2022) — see data/raw/ncrb/2022/PROVENANCE.md."
2022,2022-01-01,2022-12-31,state,GA,Goa,pocso_relationship,cases,relationship,unknown,0.0,cases,NCRB,1,2022-12-31,2026-09-25,Table 4A.10 (PDF p. 424),Crime in India 2022,https://ncrb.gov.in/en/crime-india,"Extracted from NCRB Crime in India 2022, Vol. I (PDF, SHA-256 7c5ee3128b0b6bc7…, copy retrieved via https://data.opencity.in/dataset/crime-in-india-2022) — see data/raw/ncrb/2022/PROVENANCE.md."
2023,2023-01-01,2023-12-31,state,GA,Goa,pocso_relationship,cases,relationship,family_friends_neighbours_known,0.0,cases,NCRB,1,2023-12-31,2026-09-25,Table 4A.10 (PDF p. 424),Crime in India 2023,https://ncrb.gov.in/en/crime-india,"Extracted from NCRB Crime in India 2023, Vol. I (PDF, SHA-256 553ac8b2eadfe9e2…, copy retrieved via https://data.opencity.in/dataset/crime-in-india-2023) — see data/raw/ncrb/2023/PROVENANCE.md."
2023,2023-01-01,2023-12-31,state,GA,Goa,pocso_relationship,cases,relationship,family_members,0.0,cases,NCRB,1,2023-12-31,2026-09-25,Table 4A.10 (PDF p. 424),Crime in India 2023,https://ncrb.gov.in/en/crime-india,"Extracted from NCRB Crime in India 2023, Vol. I (PDF, SHA-256 553ac8b2eadfe9e2…, copy retrieved via https://data.opencity.in/dataset/crime-in-india-2023) — see data/raw/ncrb/2023/PROVENANCE.md."
2023,2023-01-01,2023-12-31,state,GA,Goa,pocso_relationship,cases,relationship,friends_online_partners,0.0,cases,NCRB,1,2023-12-31,2026-09-25,Table 4A.10 (PDF p. 424),Crime in India 2023,https://ncrb.gov.in/en/crime-india,"Extracted from NCRB Crime in India 2023, Vol. I (PDF, SHA-256 553ac8b2eadfe9e2…, copy retrieved via https://data.opencity.in/dataset/crime-in-india-2023) — see data/raw/ncrb/2023/PROVENANCE.md."
2023,2023-01-01,2023-12-31,state,GA,Goa,pocso_relationship,cases,relationship,known_total,0.0,cases,NCRB,1,2023-12-31,2026-09-25,Table 4A.10 (PDF p. 424),Crime in India 2023,https://ncrb.gov.in/en/crime-india,"Extracted from NCRB Crime in India 2023, Vol. I (PDF, SHA-256 553ac8b2eadfe9e2…, copy retrieved via https://data.opencity.in/dataset/crime-in-india-2023) — see data/raw/ncrb/2023/PROVENANCE.md."
2023,2023-01-01,2023-12-31,state,GA,Goa,pocso_relationship,cases,relationship,total,0.0,cases,NCRB,1,2023-12-31,2026-09-25,Table 4A.10 (PDF p. 424),Crime in India 2023,https://ncrb.gov.in/en/crime-india,"Extracted from NCRB Crime in India 2023, Vol. I (PDF, SHA-256 553ac8b2eadfe9e2…, copy retrieved via https://data.opencity.in/dataset/crime-in-india-2023) — see data/raw/ncrb/2023/PROVENANCE.md."
2023,2023-01-01,2023-12-31,state,GA,Goa,pocso_relationship,cases,relationship,unknown,0.0,cases,NCRB,1,2023-12-31,2026-09-25,Table 4A.10 (PDF p. 424),Crime in India 2023,https://ncrb.gov.in/en/crime-india,"Extracted from NCRB Crime in India 2023, Vol. I (PDF, SHA-256 553ac8b2eadfe9e2…, copy retrieved via https://data.opencity.in/dataset/crime-in-india-2023) — see data/raw/ncrb/2023/PROVENANCE.md."
2024,2024-01-01,2024-12-31,state,GA,Goa,pocso_relationship,cases,relationship,family_friends_neighbours_known,0.0,cases,NCRB,1,2024-12-31,2026-09-25,Table 4A.10 (PDF p. 527),Crime in India 2024,https://ncrb.gov.in/en/crime-india,"Extracted from NCRB Crime in India 2024, Vol. I (PDF, SHA-256 75b827bdcfcd5e64…, copy retrieved via https://data.opencity.in/dataset/crime-in-india-2024) — see data/raw/ncrb/2024/PROVENANCE.md."
2024,2024-01-01,2024-12-31,state,GA,Goa,pocso_relationship,cases,relationship,family_members,0.0,cases,NCRB,1,2024-12-31,2026-09-25,Table 4A.10 (PDF p. 527),Crime in India 2024,https://ncrb.gov.in/en/crime-india,"Extracted from NCRB Crime in India 2024, Vol. I (PDF, SHA-256 75b827bdcfcd5e64…, copy retrieved via https://data.opencity.in/dataset/crime-in-india-2024) — see data/raw/ncrb/2024/PROVENANCE.md."
2024,2024-01-01,2024-12-31,state,GA,Goa,pocso_relationship,cases,relationship,friends_online_partners,0.0,cases,NCRB,1,2024-12-31,2026-09-25,Table 4A.10 (PDF p. 527),Crime in India 2024,https://ncrb.gov.in/en/crime-india,"Extracted from NCRB Crime in India 2024, Vol. I (PDF, SHA-256 75b827bdcfcd5e64…, copy retrieved via https://data.opencity.in/dataset/crime-in-india-2024) — see data/raw/ncrb/2024/PROVENANCE.md."
2024,2024-01-01,2024-12-31,state,GA,Goa,pocso_relationship,cases,relationship,known_total,0.0,cases,NCRB,1,2024-12-31,2026-09-25,Table 4A.10 (PDF p. 527),Crime in India 2024,https://ncrb.gov.in/en/crime-india,"Extracted from NCRB Crime in India 2024, Vol. I (PDF, SHA-256 75b827bdcfcd5e64…, copy retrieved via https://data.opencity.in/dataset/crime-in-india-2024) — see data/raw/ncrb/2024/PROVENANCE.md."
2024,2024-01-01,2024-12-31,state,GA,Goa,pocso_relationship,cases,relationship,total,0.0,cases,NCRB,1,2024-12-31,2026-09-25,Table 4A.10 (PDF p. 527),Crime in India 2024,https://ncrb.gov.in/en/crime-india,"Extracted from NCRB Crime in India 2024, Vol. I (PDF, SHA-256 75b827bdcfcd5e64…, copy retrieved via https://data.opencity.in/dataset/crime-in-india-2024) — see data/raw/ncrb/2024/PROVENANCE.md."
2024,2024-01-01,2024-12-31,state,GA,Goa,pocso_relationship,cases,relationship,unknown,0.0,cases,NCRB,1,2024-12-31,2026-09-25,Table 4A.10 (PDF p. 527),Crime in India 2024,https://ncrb.gov.in/en/crime-india,"Extracted from NCRB Crime in India 2024, Vol. I (PDF, SHA-256 75b827bdcfcd5e64…, copy retrieved via https://data.opencity.in/dataset/crime-in-india-2024) — see data/raw/ncrb/2024/PROVENANCE.md."
2022,2022-01-01,2022-12-31,state,GJ,Gujarat,pocso_relationship,cases,relationship,family_friends_neighbours_known,598.0,cases,NCRB,1,2022-12-31,2026-09-25,Table 4A.10 (PDF p. 424),Crime in India 2022,https://ncrb.gov.in/en/crime-india,"Extracted from NCRB Crime in India 2022, Vol. I (PDF, SHA-256 7c5ee3128b0b6bc7…, copy retrieved via https://data.opencity.in/dataset/crime-in-india-2022) — see data/raw/ncrb/2022/PROVENANCE.md."
2022,2022-01-01,2022-12-31,state,GJ,Gujarat,pocso_relationship,cases,relationship,family_members,103.0,cases,NCRB,1,2022-12-31,2026-09-25,Table 4A.10 (PDF p. 424),Crime in India 2022,https://ncrb.gov.in/en/crime-india,"Extracted from NCRB Crime in India 2022, Vol. I (PDF, SHA-256 7c5ee3128b0b6bc7…, copy retrieved via https://data.opencity.in/dataset/crime-in-india-2022) — see data/raw/ncrb/2022/PROVENANCE.md."
2022,2022-01-01,2022-12-31,state,GJ,Gujarat,pocso_relationship,cases,relationship,friends_online_partners,1415.0,cases,NCRB,1,2022-12-31,2026-09-25,Table 4A.10 (PDF p. 424),Crime in India 2022,https://ncrb.gov.in/en/crime-india,"Extracted from NCRB Crime in India 2022, Vol. I (PDF, SHA-256 7c5ee3128b0b6bc7…, copy retrieved via https://data.opencity.in/dataset/crime-in-india-2022) — see data/raw/ncrb/2022/PROVENANCE.md."
2022,2022-01-01,2022-12-31,state,GJ,Gujarat,pocso_relationship,cases,relationship,known_total,2116.0,cases,NCRB,1,2022-12-31,2026-09-25,Table 4A.10 (PDF p. 424),Crime in India 2022,https://ncrb.gov.in/en/crime-india,"Extracted from NCRB Crime in India 2022, Vol. I (PDF, SHA-256 7c5ee3128b0b6bc7…, copy retrieved via https://data.opencity.in/dataset/crime-in-india-2022) — see data/raw/ncrb/2022/PROVENANCE.md."
2022,2022-01-01,2022-12-31,state,GJ,Gujarat,pocso_relationship,cases,relationship,total,2131.0,cases,NCRB,1,2022-12-31,2026-09-25,Table 4A.10 (PDF p. 424),Crime in India 2022,https://ncrb.gov.in/en/crime-india,"Extracted from NCRB Crime in India 2022, Vol. I (PDF, SHA-256 7c5ee3128b0b6bc7…, copy retrieved via https://data.opencity.in/dataset/crime-in-india-2022) — see data/raw/ncrb/2022/PROVENANCE.md."
2022,2022-01-01,2022-12-31,state,GJ,Gujarat,pocso_relationship,cases,relationship,unknown,15.0,cases,NCRB,1,2022-12-31,2026-09-25,Table 4A.10 (PDF p. 424),Crime in India 2022,https://ncrb.gov.in/en/crime-india,"Extracted from NCRB Crime in India 2022, Vol. I (PDF, SHA-256 7c5ee3128b0b6bc7…, copy retrieved via https://data.opencity.in/dataset/crime-in-india-2022) — see data/raw/ncrb/2022/PROVENANCE.md."
2023,2023-01-01,2023-12-31,state,GJ,Gujarat,pocso_relationship,cases,relationship,family_friends_neighbours_known,483.0,cases,NCRB,1,2023-12-31,2026-09-25,Table 4A.10 (PDF p. 424),Crime in India 2023,https://ncrb.gov.in/en/crime-india,"Extracted from NCRB Crime in India 2023, Vol. I (PDF, SHA-256 553ac8b2eadfe9e2…, copy retrieved via https://data.opencity.in/dataset/crime-in-india-2023) — see data/raw/ncrb/2023/PROVENANCE.md."
2023,2023-01-01,2023-12-31,state,GJ,Gujarat,pocso_relationship,cases,relationship,family_members,68.0,cases,NCRB,1,2023-12-31,2026-09-25,Table 4A.10 (PDF p. 424),Crime in India 2023,https://ncrb.gov.in/en/crime-india,"Extracted from NCRB Crime in India 2023, Vol. I (PDF, SHA-256 553ac8b2eadfe9e2…, copy retrieved via https://data.opencity.in/dataset/crime-in-india-2023) — see data/raw/ncrb/2023/PROVENANCE.md."
2023,2023-01-01,2023-12-31,state,GJ,Gujarat,pocso_relationship,cases,relationship,friends_online_partners,1708.0,cases,NCRB,1,2023-12-31,2026-09-25,Table 4A.10 (PDF p. 424),Crime in India 2023,https://ncrb.gov.in/en/crime-india,"Extracted from NCRB Crime in India 2023, Vol. I (PDF, SHA-256 553ac8b2eadfe9e2…, copy retrieved via https://data.opencity.in/dataset/crime-in-india-2023) — see data/raw/ncrb/2023/PROVENANCE.md."
2023,2023-01-01,2023-12-31,state,GJ,Gujarat,pocso_relationship,cases,relationship,known_total,2259.0,cases,NCRB,1,2023-12-31,2026-09-25,Table 4A.10 (PDF p. 424),Crime in India 2023,https://ncrb.gov.in/en/crime-india,"Extracted from NCRB Crime in India 2023, Vol. I (PDF, SHA-256 553ac8b2eadfe9e2…, copy retrieved via https://data.opencity.in/dataset/crime-in-india-2023) — see data/raw/ncrb/2023/PROVENANCE.md."
2023,2023-01-01,2023-12-31,state,GJ,Gujarat,pocso_relationship,cases,relationship,total,2279.0,cases,NCRB,1,2023-12-31,2026-09-25,Table 4A.10 (PDF p. 424),Crime in India 2023,https://ncrb.gov.in/en/crime-india,"Extracted from NCRB Crime in India 2023, Vol. I (PDF, SHA-256 553ac8b2eadfe9e2…, copy retrieved via https://data.opencity.in/dataset/crime-in-india-2023) — see data/raw/ncrb/2023/PROVENANCE.md."
2023,2023-01-01,2023-12-31,state,GJ,Gujarat,pocso_relationship,cases,relationship,unknown,20.0,cases,NCRB,1,2023-12-31,2026-09-25,Table 4A.10 (PDF p. 424),Crime in India 2023,https://ncrb.gov.in/en/crime-india,"Extracted from NCRB Crime in India 2023, Vol. I (PDF, SHA-256 553ac8b2eadfe9e2…, copy retrieved via https://data.opencity.in/dataset/crime-in-india-2023) — see data/raw/ncrb/2023/PROVENANCE.md."
2024,2024-01-01,2024-12-31,state,GJ,Gujarat,pocso_relationship,cases,relationship,family_friends_neighbours_known,372.0,cases,NCRB,1,2024-12-31,2026-09-25,Table 4A.10 (PDF p. 527),Crime in India 2024,https://ncrb.gov.in/en/crime-india,"Extracted from NCRB Crime in India 2024, Vol. I (PDF, SHA-256 75b827bdcfcd5e64…, copy retrieved via https://data.opencity.in/dataset/crime-in-india-2024) — see data/raw/ncrb/2024/PROVENANCE.md."
2024,2024-01-01,2024-12-31,state,GJ,Gujarat,pocso_relationship,cases,relationship,family_members,64.0,cases,NCRB,1,2024-12-31,2026-09-25,Table 4A.10 (PDF p. 527),Crime in India 2024,https://ncrb.gov.in/en/crime-india,"Extracted from NCRB Crime in India 2024, Vol. I (PDF, SHA-256 75b827bdcfcd5e64…, copy retrieved via https://data.opencity.in/dataset/crime-in-india-2024) — see data/raw/ncrb/2024/PROVENANCE.md."
2024,2024-01-01,2024-12-31,state,GJ,Gujarat,pocso_relationship,cases,relationship,friends_online_partners,1962.0,cases,NCRB,1,2024-12-31,2026-09-25,Table 4A.10 (PDF p. 527),Crime in India 2024,https://ncrb.gov.in/en/crime-india,"Extracted from NCRB Crime in India 2024, Vol. I (PDF, SHA-256 75b827bdcfcd5e64…, copy retrieved via https://data.opencity.in/dataset/crime-in-india-2024) — see data/raw/ncrb/2024/PROVENANCE.md."
2024,2024-01-01,2024-12-31,state,GJ,Gujarat,pocso_relationship,cases,relationship,known_total,2398.0,cases,NCRB,1,2024-12-31,2026-09-25,Table 4A.10 (PDF p. 527),Crime in India 2024,https://ncrb.gov.in/en/crime-india,"Extracted from NCRB Crime in India 2024, Vol. I (PDF, SHA-256 75b827bdcfcd5e64…, copy retrieved via https://data.opencity.in/dataset/crime-in-india-2024) — see data/raw/ncrb/2024/PROVENANCE.md."
2024,2024-01-01,2024-12-31,state,GJ,Gujarat,pocso_relationship,cases,relationship,total,2449.0,cases,NCRB,1,2024-12-31,2026-09-25,Table 4A.10 (PDF p. 527),Crime in India 2024,https://ncrb.gov.in/en/crime-india,"Extracted from NCRB Crime in India 2024, Vol. I (PDF, SHA-256 75b827bdcfcd5e64…, copy retrieved via https://data.opencity.in/dataset/crime-in-india-2024) — see data/raw/ncrb/2024/PROVENANCE.md."
2024,2024-01-01,2024-12-31,state,GJ,Gujarat,pocso_relationship,cases,relationship,unknown,51.0,cases,NCRB,1,2024-12-31,2026-09-25,Table 4A.10 (PDF p. 527),Crime in India 2024,https://ncrb.gov.in/en/crime-india,"Extracted from NCRB Crime in India 2024, Vol. I (PDF, SHA-256 75b827bdcfcd5e64…, copy retrieved via https://data.opencity.in/dataset/crime-in-india-2024) — see data/raw/ncrb/2024/PROVENANCE.md."
2022,2022-01-01,2022-12-31,state,HP,Himachal Pradesh,pocso_relationship,cases,relationship,family_friends_neighbours_known,0.0,cases,NCRB,1,2022-12-31,2026-09-25,Table 4A.10 (PDF p. 424),Crime in India 2022,https://ncrb.gov.in/en/crime-india,"Extracted from NCRB Crime in India 2022, Vol. I (PDF, SHA-256 7c5ee3128b0b6bc7…, copy retrieved via https://data.opencity.in/dataset/crime-in-india-2022) — see data/raw/ncrb/2022/PROVENANCE.md."
2022,2022-01-01,2022-12-31,state,HP,Himachal Pradesh,pocso_relationship,cases,relationship,family_members,0.0,cases,NCRB,1,2022-12-31,2026-09-25,Table 4A.10 (PDF p. 424),Crime in India 2022,https://ncrb.gov.in/en/crime-india,"Extracted from NCRB Crime in India 2022, Vol. I (PDF, SHA-256 7c5ee3128b0b6bc7…, copy retrieved via https://data.opencity.in/dataset/crime-in-india-2022) — see data/raw/ncrb/2022/PROVENANCE.md."
2022,2022-01-01,2022-12-31,state,HP,Himachal Pradesh,pocso_relationship,cases,relationship,friends_online_partners,0.0,cases,NCRB,1,2022-12-31,2026-09-25,Table 4A.10 (PDF p. 424),Crime in India 2022,https://ncrb.gov.in/en/crime-india,"Extracted from NCRB Crime in India 2022, Vol. I (PDF, SHA-256 7c5ee3128b0b6bc7…, copy retrieved via https://data.opencity.in/dataset/crime-in-india-2022) — see data/raw/ncrb/2022/PROVENANCE.md."
2022,2022-01-01,2022-12-31,state,HP,Himachal Pradesh,pocso_relationship,cases,relationship,known_total,0.0,cases,NCRB,1,2022-12-31,2026-09-25,Table 4A.10 (PDF p. 424),Crime in India 2022,https://ncrb.gov.in/en/crime-india,"Extracted from NCRB Crime in India 2022, Vol. I (PDF, SHA-256 7c5ee3128b0b6bc7…, copy retrieved via https://data.opencity.in/dataset/crime-in-india-2022) — see data/raw/ncrb/2022/PROVENANCE.md."
2022,2022-01-01,2022-12-31,state,HP,Himachal Pradesh,pocso_relationship,cases,relationship,total,0.0,cases,NCRB,1,2022-12-31,2026-09-25,Table 4A.10 (PDF p. 424),Crime in India 2022,https://ncrb.gov.in/en/crime-india,"Extracted from NCRB Crime in India 2022, Vol. I (PDF, SHA-256 7c5ee3128b0b6bc7…, copy retrieved via https://data.opencity.in/dataset/crime-in-india-2022) — see data/raw/ncrb/2022/PROVENANCE.md."
2022,2022-01-01,2022-12-31,state,HP,Himachal Pradesh,pocso_relationship,cases,relationship,unknown,0.0,cases,NCRB,1,2022-12-31,2026-09-25,Table 4A.10 (PDF p. 424),Crime in India 2022,https://ncrb.gov.in/en/crime-india,"Extracted from NCRB Crime in India 2022, Vol. I (PDF, SHA-256 7c5ee3128b0b6bc7…, copy retrieved via https://data.opencity.in/dataset/crime-in-india-2022) — see data/raw/ncrb/2022/PROVENANCE.md."
2023,2023-01-01,2023-12-31,state,HP,Himachal Pradesh,pocso_relationship,cases,relationship,family_friends_neighbours_known,0.0,cases,NCRB,1,2023-12-31,2026-09-25,Table 4A.10 (PDF p. 424),Crime in India 2023,https://ncrb.gov.in/en/crime-india,"Extracted from NCRB Crime in India 2023, Vol. I (PDF, SHA-256 553ac8b2eadfe9e2…, copy retrieved via https://data.opencity.in/dataset/crime-in-india-2023) — see data/raw/ncrb/2023/PROVENANCE.md."
2023,2023-01-01,2023-12-31,state,HP,Himachal Pradesh,pocso_relationship,cases,relationship,family_members,1.0,cases,NCRB,1,2023-12-31,2026-09-25,Table 4A.10 (PDF p. 424),Crime in India 2023,https://ncrb.gov.in/en/crime-india,"Extracted from NCRB Crime in India 2023, Vol. I (PDF, SHA-256 553ac8b2eadfe9e2…, copy retrieved via https://data.opencity.in/dataset/crime-in-india-2023) — see data/raw/ncrb/2023/PROVENANCE.md."
2023,2023-01-01,2023-12-31,state,HP,Himachal Pradesh,pocso_relationship,cases,relationship,friends_online_partners,0.0,cases,NCRB,1,2023-12-31,2026-09-25,Table 4A.10 (PDF p. 424),Crime in India 2023,https://ncrb.gov.in/en/crime-india,"Extracted from NCRB Crime in India 2023, Vol. I (PDF, SHA-256 553ac8b2eadfe9e2…, copy retrieved via https://data.opencity.in/dataset/crime-in-india-2023) — see data/raw/ncrb/2023/PROVENANCE.md."
2023,2023-01-01,2023-12-31,state,HP,Himachal Pradesh,pocso_relationship,cases,relationship,known_total,1.0,cases,NCRB,1,2023-12-31,2026-09-25,Table 4A.10 (PDF p. 424),Crime in India 2023,https://ncrb.gov.in/en/crime-india,"Extracted from NCRB Crime in India 2023, Vol. I (PDF, SHA-256 553ac8b2eadfe9e2…, copy retrieved via https://data.opencity.in/dataset/crime-in-india-2023) — see data/raw/ncrb/2023/PROVENANCE.md."
2023,2023-01-01,2023-12-31,state,HP,Himachal Pradesh,pocso_relationship,cases,relationship,total,1.0,cases,NCRB,1,2023-12-31,2026-09-25,Table 4A.10 (PDF p. 424),Crime in India 2023,https://ncrb.gov.in/en/crime-india,"Extracted from NCRB Crime in India 2023, Vol. I (PDF, SHA-256 553ac8b2eadfe9e2…, copy retrieved via https://data.opencity.in/dataset/crime-in-india-2023) — see data/raw/ncrb/2023/PROVENANCE.md."
2023,2023-01-01,2023-12-31,state,HP,Himachal Pradesh,pocso_relationship,cases,relationship,unknown,0.0,cases,NCRB,1,2023-12-31,2026-09-25,Table 4A.10 (PDF p. 424),Crime in India 2023,https://ncrb.gov.in/en/crime-india,"Extracted from NCRB Crime in India 2023, Vol. I (PDF, SHA-256 553ac8b2eadfe9e2…, copy retrieved via https://data.opencity.in/dataset/crime-in-india-2023) — see data/raw/ncrb/2023/PROVENANCE.md."
2024,2024-01-01,2024-12-31,state,HP,Himachal Pradesh,pocso_relationship,cases,relationship,family_friends_neighbours_known,14.0,cases,NCRB,1,2024-12-31,2026-09-25,Table 4A.10 (PDF p. 527),Crime in India 2024,https://ncrb.gov.in/en/crime-india,"Extracted from NCRB Crime in India 2024, Vol. I (PDF, SHA-256 75b827bdcfcd5e64…, copy retrieved via https://data.opencity.in/dataset/crime-in-india-2024) — see data/raw/ncrb/2024/PROVENANCE.md."
2024,2024-01-01,2024-12-31,state,HP,Himachal Pradesh,pocso_relationship,cases,relationship,family_members,1.0,cases,NCRB,1,2024-12-31,2026-09-25,Table 4A.10 (PDF p. 527),Crime in India 2024,https://ncrb.gov.in/en/crime-india,"Extracted from NCRB Crime in India 2024, Vol. I (PDF, SHA-256 75b827bdcfcd5e64…, copy retrieved via https://data.opencity.in/dataset/crime-in-india-2024) — see data/raw/ncrb/2024/PROVENANCE.md."
2024,2024-01-01,2024-12-31,state,HP,Himachal Pradesh,pocso_relationship,cases,relationship,friends_online_partners,0.0,cases,NCRB,1,2024-12-31,2026-09-25,Table 4A.10 (PDF p. 527),Crime in India 2024,https://ncrb.gov.in/en/crime-india,"Extracted from NCRB Crime in India 2024, Vol. I (PDF, SHA-256 75b827bdcfcd5e64…, copy retrieved via https://data.opencity.in/dataset/crime-in-india-2024) — see data/raw/ncrb/2024/PROVENANCE.md."
2024,2024-01-01,2024-12-31,state,HP,Himachal Pradesh,pocso_relationship,cases,relationship,known_total,15.0,cases,NCRB,1,2024-12-31,2026-09-25,Table 4A.10 (PDF p. 527),Crime in India 2024,https://ncrb.gov.in/en/crime-india,"Extracted from NCRB Crime in India 2024, Vol. I (PDF, SHA-256 75b827bdcfcd5e64…, copy retrieved via https://data.opencity.in/dataset/crime-in-india-2024) — see data/raw/ncrb/2024/PROVENANCE.md."
2024,2024-01-01,2024-12-31,state,HP,Himachal Pradesh,pocso_relationship,cases,relationship,total,15.0,cases,NCRB,1,2024-12-31,2026-09-25,Table 4A.10 (PDF p. 527),Crime in India 2024,https://ncrb.gov.in/en/crime-india,"Extracted from NCRB Crime in India 2024, Vol. I (PDF, SHA-256 75b827bdcfcd5e64…, copy retrieved via https://data.opencity.in/dataset/crime-in-india-2024) — see data/raw/ncrb/2024/PROVENANCE.md."
2024,2024-01-01,2024-12-31,state,HP,Himachal Pradesh,pocso_relationship,cases,relationship,unknown,0.0,cases,NCRB,1,2024-12-31,2026-09-25,Table 4A.10 (PDF p. 527),Crime in India 2024,https://ncrb.gov.in/en/crime-india,"Extracted from NCRB Crime in India 2024, Vol. I (PDF, SHA-256 75b827bdcfcd5e64…, copy retrieved via https://data.opencity.in/dataset/crime-in-india-2024) — see data/raw/ncrb/2024/PROVENANCE.md."
2022,2022-01-01,2022-12-31,state,HR,Haryana,pocso_relationship,cases,relationship,family_friends_neighbours_known,729.0,cases,NCRB,1,2022-12-31,2026-09-25,Table 4A.10 (PDF p. 424),Crime in India 2022,https://ncrb.gov.in/en/crime-india,"Extracted from NCRB Crime in India 2022, Vol. I (PDF, SHA-256 7c5ee3128b0b6bc7…, copy retrieved via https://data.opencity.in/dataset/crime-in-india-2022) — see data/raw/ncrb/2022/PROVENANCE.md."
2022,2022-01-01,2022-12-31,state,HR,Haryana,pocso_relationship,cases,relationship,family_members,108.0,cases,NCRB,1,2022-12-31,2026-09-25,Table 4A.10 (PDF p. 424),Crime in India 2022,https://ncrb.gov.in/en/crime-india,"Extracted from NCRB Crime in India 2022, Vol. I (PDF, SHA-256 7c5ee3128b0b6bc7…, copy retrieved via https://data.opencity.in/dataset/crime-in-india-2022) — see data/raw/ncrb/2022/PROVENANCE.md."
2022,2022-01-01,2022-12-31,state,HR,Haryana,pocso_relationship,cases,relationship,friends_online_partners,318.0,cases,NCRB,1,2022-12-31,2026-09-25,Table 4A.10 (PDF p. 424),Crime in India 2022,https://ncrb.gov.in/en/crime-india,"Extracted from NCRB Crime in India 2022, Vol. I (PDF, SHA-256 7c5ee3128b0b6bc7…, copy retrieved via https://data.opencity.in/dataset/crime-in-india-2022) — see data/raw/ncrb/2022/PROVENANCE.md."
2022,2022-01-01,2022-12-31,state,HR,Haryana,pocso_relationship,cases,relationship,known_total,1155.0,cases,NCRB,1,2022-12-31,2026-09-25,Table 4A.10 (PDF p. 424),Crime in India 2022,https://ncrb.gov.in/en/crime-india,"Extracted from NCRB Crime in India 2022, Vol. I (PDF, SHA-256 7c5ee3128b0b6bc7…, copy retrieved via https://data.opencity.in/dataset/crime-in-india-2022) — see data/raw/ncrb/2022/PROVENANCE.md."
2022,2022-01-01,2022-12-31,state,HR,Haryana,pocso_relationship,cases,relationship,total,1331.0,cases,NCRB,1,2022-12-31,2026-09-25,Table 4A.10 (PDF p. 424),Crime in India 2022,https://ncrb.gov.in/en/crime-india,"Extracted from NCRB Crime in India 2022, Vol. I (PDF, SHA-256 7c5ee3128b0b6bc7…, copy retrieved via https://data.opencity.in/dataset/crime-in-india-2022) — see data/raw/ncrb/2022/PROVENANCE.md."
2022,2022-01-01,2022-12-31,state,HR,Haryana,pocso_relationship,cases,relationship,unknown,176.0,cases,NCRB,1,2022-12-31,2026-09-25,Table 4A.10 (PDF p. 424),Crime in India 2022,https://ncrb.gov.in/en/crime-india,"Extracted from NCRB Crime in India 2022, Vol. I (PDF, SHA-256 7c5ee3128b0b6bc7…, copy retrieved via https://data.opencity.in/dataset/crime-in-india-2022) — see data/raw/ncrb/2022/PROVENANCE.md."
2023,2023-01-01,2023-12-31,state,HR,Haryana,pocso_relationship,cases,relationship,family_friends_neighbours_known,745.0,cases,NCRB,1,2023-12-31,2026-09-25,Table 4A.10 (PDF p. 424),Crime in India 2023,https://ncrb.gov.in/en/crime-india,"Extracted from NCRB Crime in India 2023, Vol. I (PDF, SHA-256 553ac8b2eadfe9e2…, copy retrieved via https://data.opencity.in/dataset/crime-in-india-2023) — see data/raw/ncrb/2023/PROVENANCE.md."
2023,2023-01-01,2023-12-31,state,HR,Haryana,pocso_relationship,cases,relationship,family_members,94.0,cases,NCRB,1,2023-12-31,2026-09-25,Table 4A.10 (PDF p. 424),Crime in India 2023,https://ncrb.gov.in/en/crime-india,"Extracted from NCRB Crime in India 2023, Vol. I (PDF, SHA-256 553ac8b2eadfe9e2…, copy retrieved via https://data.opencity.in/dataset/crime-in-india-2023) — see data/raw/ncrb/2023/PROVENANCE.md."
2023,2023-01-01,2023-12-31,state,HR,Haryana,pocso_relationship,cases,relationship,friends_online_partners,422.0,cases,NCRB,1,2023-12-31,2026-09-25,Table 4A.10 (PDF p. 424),Crime in India 2023,https://ncrb.gov.in/en/crime-india,"Extracted from NCRB Crime in India 2023, Vol. I (PDF, SHA-256 553ac8b2eadfe9e2…, copy retrieved via https://data.opencity.in/dataset/crime-in-india-2023) — see data/raw/ncrb/2023/PROVENANCE.md."
2023,2023-01-01,2023-12-31,state,HR,Haryana,pocso_relationship,cases,relationship,known_total,1261.0,cases,NCRB,1,2023-12-31,2026-09-25,Table 4A.10 (PDF p. 424),Crime in India 2023,https://ncrb.gov.in/en/crime-india,"Extracted from NCRB Crime in India 2023, Vol. I (PDF, SHA-256 553ac8b2eadfe9e2…, copy retrieved via https://data.opencity.in/dataset/crime-in-india-2023) — see data/raw/ncrb/2023/PROVENANCE.md."
2023,2023-01-01,2023-12-31,state,HR,Haryana,pocso_relationship,cases,relationship,total,1444.0,cases,NCRB,1,2023-12-31,2026-09-25,Table 4A.10 (PDF p. 424),Crime in India 2023,https://ncrb.gov.in/en/crime-india,"Extracted from NCRB Crime in India 2023, Vol. I (PDF, SHA-256 553ac8b2eadfe9e2…, copy retrieved via https://data.opencity.in/dataset/crime-in-india-2023) — see data/raw/ncrb/2023/PROVENANCE.md."
2023,2023-01-01,2023-12-31,state,HR,Haryana,pocso_relationship,cases,relationship,unknown,183.0,cases,NCRB,1,2023-12-31,2026-09-25,Table 4A.10 (PDF p. 424),Crime in India 2023,https://ncrb.gov.in/en/crime-india,"Extracted from NCRB Crime in India 2023, Vol. I (PDF, SHA-256 553ac8b2eadfe9e2…, copy retrieved via https://data.opencity.in/dataset/crime-in-india-2023) — see data/raw/ncrb/2023/PROVENANCE.md."
2024,2024-01-01,2024-12-31,state,HR,Haryana,pocso_relationship,cases,relationship,family_friends_neighbours_known,669.0,cases,NCRB,1,2024-12-31,2026-09-25,Table 4A.10 (PDF p. 527),Crime in India 2024,https://ncrb.gov.in/en/crime-india,"Extracted from NCRB Crime in India 2024, Vol. I (PDF, SHA-256 75b827bdcfcd5e64…, copy retrieved via https://data.opencity.in/dataset/crime-in-india-2024) — see data/raw/ncrb/2024/PROVENANCE.md."
2024,2024-01-01,2024-12-31,state,HR,Haryana,pocso_relationship,cases,relationship,family_members,169.0,cases,NCRB,1,2024-12-31,2026-09-25,Table 4A.10 (PDF p. 527),Crime in India 2024,https://ncrb.gov.in/en/crime-india,"Extracted from NCRB Crime in India 2024, Vol. I (PDF, SHA-256 75b827bdcfcd5e64…, copy retrieved via https://data.opencity.in/dataset/crime-in-india-2024) — see data/raw/ncrb/2024/PROVENANCE.md."
2024,2024-01-01,2024-12-31,state,HR,Haryana,pocso_relationship,cases,relationship,friends_online_partners,506.0,cases,NCRB,1,2024-12-31,2026-09-25,Table 4A.10 (PDF p. 527),Crime in India 2024,https://ncrb.gov.in/en/crime-india,"Extracted from NCRB Crime in India 2024, Vol. I (PDF, SHA-256 75b827bdcfcd5e64…, copy retrieved via https://data.opencity.in/dataset/crime-in-india-2024) — see data/raw/ncrb/2024/PROVENANCE.md."
2024,2024-01-01,2024-12-31,state,HR,Haryana,pocso_relationship,cases,relationship,known_total,1344.0,cases,NCRB,1,2024-12-31,2026-09-25,Table 4A.10 (PDF p. 527),Crime in India 2024,https://ncrb.gov.in/en/crime-india,"Extracted from NCRB Crime in India 2024, Vol. I (PDF, SHA-256 75b827bdcfcd5e64…, copy retrieved via https://data.opencity.in/dataset/crime-in-india-2024) — see data/raw/ncrb/2024/PROVENANCE.md."
2024,2024-01-01,2024-12-31,state,HR,Haryana,pocso_relationship,cases,relationship,total,1557.0,cases,NCRB,1,2024-12-31,2026-09-25,Table 4A.10 (PDF p. 527),Crime in India 2024,https://ncrb.gov.in/en/crime-india,"Extracted from NCRB Crime in India 2024, Vol. I (PDF, SHA-256 75b827bdcfcd5e64…, copy retrieved via https://data.opencity.in/dataset/crime-in-india-2024) — see data/raw/ncrb/2024/PROVENANCE.md."
2024,2024-01-01,2024-12-31,state,HR,Haryana,pocso_relationship,cases,relationship,unknown,213.0,cases,NCRB,1,2024-12-31,2026-09-25,Table 4A.10 (PDF p. 527),Crime in India 2024,https://ncrb.gov.in/en/crime-india,"Extracted from NCRB Crime in India 2024, Vol. I (PDF, SHA-256 75b827bdcfcd5e64…, copy retrieved via https://data.opencity.in/dataset/crime-in-india-2024) — see data/raw/ncrb/2024/PROVENANCE.md."
2022,2022-01-01,2022-12-31,state,JH,Jharkhand,pocso_relationship,cases,relationship,family_friends_neighbours_known,333.0,cases,NCRB,1,2022-12-31,2026-09-25,Table 4A.10 (PDF p. 424),Crime in India 2022,https://ncrb.gov.in/en/crime-india,"Extracted from NCRB Crime in India 2022, Vol. I (PDF, SHA-256 7c5ee3128b0b6bc7…, copy retrieved via https://data.opencity.in/dataset/crime-in-india-2022) — see data/raw/ncrb/2022/PROVENANCE.md."
2022,2022-01-01,2022-12-31,state,JH,Jharkhand,pocso_relationship,cases,relationship,family_members,5.0,cases,NCRB,1,2022-12-31,2026-09-25,Table 4A.10 (PDF p. 424),Crime in India 2022,https://ncrb.gov.in/en/crime-india,"Extracted from NCRB Crime in India 2022, Vol. I (PDF, SHA-256 7c5ee3128b0b6bc7…, copy retrieved via https://data.opencity.in/dataset/crime-in-india-2022) — see data/raw/ncrb/2022/PROVENANCE.md."
2022,2022-01-01,2022-12-31,state,JH,Jharkhand,pocso_relationship,cases,relationship,friends_online_partners,224.0,cases,NCRB,1,2022-12-31,2026-09-25,Table 4A.10 (PDF p. 424),Crime in India 2022,https://ncrb.gov.in/en/crime-india,"Extracted from NCRB Crime in India 2022, Vol. I (PDF, SHA-256 7c5ee3128b0b6bc7…, copy retrieved via https://data.opencity.in/dataset/crime-in-india-2022) — see data/raw/ncrb/2022/PROVENANCE.md."
2022,2022-01-01,2022-12-31,state,JH,Jharkhand,pocso_relationship,cases,relationship,known_total,562.0,cases,NCRB,1,2022-12-31,2026-09-25,Table 4A.10 (PDF p. 424),Crime in India 2022,https://ncrb.gov.in/en/crime-india,"Extracted from NCRB Crime in India 2022, Vol. I (PDF, SHA-256 7c5ee3128b0b6bc7…, copy retrieved via https://data.opencity.in/dataset/crime-in-india-2022) — see data/raw/ncrb/2022/PROVENANCE.md."
2022,2022-01-01,2022-12-31,state,JH,Jharkhand,pocso_relationship,cases,relationship,total,570.0,cases,NCRB,1,2022-12-31,2026-09-25,Table 4A.10 (PDF p. 424),Crime in India 2022,https://ncrb.gov.in/en/crime-india,"Extracted from NCRB Crime in India 2022, Vol. I (PDF, SHA-256 7c5ee3128b0b6bc7…, copy retrieved via https://data.opencity.in/dataset/crime-in-india-2022) — see data/raw/ncrb/2022/PROVENANCE.md."
2022,2022-01-01,2022-12-31,state,JH,Jharkhand,pocso_relationship,cases,relationship,unknown,8.0,cases,NCRB,1,2022-12-31,2026-09-25,Table 4A.10 (PDF p. 424),Crime in India 2022,https://ncrb.gov.in/en/crime-india,"Extracted from NCRB Crime in India 2022, Vol. I (PDF, SHA-256 7c5ee3128b0b6bc7…, copy retrieved via https://data.opencity.in/dataset/crime-in-india-2022) — see data/raw/ncrb/2022/PROVENANCE.md."
2023,2023-01-01,2023-12-31,state,JH,Jharkhand,pocso_relationship,cases,relationship,family_friends_neighbours_known,326.0,cases,NCRB,1,2023-12-31,2026-09-25,Table 4A.10 (PDF p. 424),Crime in India 2023,https://ncrb.gov.in/en/crime-india,"Extracted from NCRB Crime in India 2023, Vol. I (PDF, SHA-256 553ac8b2eadfe9e2…, copy retrieved via https://data.opencity.in/dataset/crime-in-india-2023) — see data/raw/ncrb/2023/PROVENANCE.md."
2023,2023-01-01,2023-12-31,state,JH,Jharkhand,pocso_relationship,cases,relationship,family_members,10.0,cases,NCRB,1,2023-12-31,2026-09-25,Table 4A.10 (PDF p. 424),Crime in India 2023,https://ncrb.gov.in/en/crime-india,"Extracted from NCRB Crime in India 2023, Vol. I (PDF, SHA-256 553ac8b2eadfe9e2…, copy retrieved via https://data.opencity.in/dataset/crime-in-india-2023) — see data/raw/ncrb/2023/PROVENANCE.md."
2023,2023-01-01,2023-12-31,state,JH,Jharkhand,pocso_relationship,cases,relationship,friends_online_partners,321.0,cases,NCRB,1,2023-12-31,2026-09-25,Table 4A.10 (PDF p. 424),Crime in India 2023,https://ncrb.gov.in/en/crime-india,"Extracted from NCRB Crime in India 2023, Vol. I (PDF, SHA-256 553ac8b2eadfe9e2…, copy retrieved via https://data.opencity.in/dataset/crime-in-india-2023) — see data/raw/ncrb/2023/PROVENANCE.md."
2023,2023-01-01,2023-12-31,state,JH,Jharkhand,pocso_relationship,cases,relationship,known_total,657.0,cases,NCRB,1,2023-12-31,2026-09-25,Table 4A.10 (PDF p. 424),Crime in India 2023,https://ncrb.gov.in/en/crime-india,"Extracted from NCRB Crime in India 2023, Vol. I (PDF, SHA-256 553ac8b2eadfe9e2…, copy retrieved via https://data.opencity.in/dataset/crime-in-india-2023) — see data/raw/ncrb/2023/PROVENANCE.md."
2023,2023-01-01,2023-12-31,state,JH,Jharkhand,pocso_relationship,cases,relationship,total,657.0,cases,NCRB,1,2023-12-31,2026-09-25,Table 4A.10 (PDF p. 424),Crime in India 2023,https://ncrb.gov.in/en/crime-india,"Extracted from NCRB Crime in India 2023, Vol. I (PDF, SHA-256 553ac8b2eadfe9e2…, copy retrieved via https://data.opencity.in/dataset/crime-in-india-2023) — see data/raw/ncrb/2023/PROVENANCE.md."
2023,2023-01-01,2023-12-31,state,JH,Jharkhand,pocso_relationship,cases,relationship,unknown,0.0,cases,NCRB,1,2023-12-31,2026-09-25,Table 4A.10 (PDF p. 424),Crime in India 2023,https://ncrb.gov.in/en/crime-india,"Extracted from NCRB Crime in India 2023, Vol. I (PDF, SHA-256 553ac8b2eadfe9e2…, copy retrieved via https://data.opencity.in/dataset/crime-in-india-2023) — see data/raw/ncrb/2023/PROVENANCE.md."
2024,2024-01-01,2024-12-31,state,JH,Jharkhand,pocso_relationship,cases,relationship,family_friends_neighbours_known,279.0,cases,NCRB,1,2024-12-31,2026-09-25,Table 4A.10 (PDF p. 527),Crime in India 2024,https://ncrb.gov.in/en/crime-india,"Extracted from NCRB Crime in India 2024, Vol. I (PDF, SHA-256 75b827bdcfcd5e64…, copy retrieved via https://data.opencity.in/dataset/crime-in-india-2024) — see data/raw/ncrb/2024/PROVENANCE.md."
2024,2024-01-01,2024-12-31,state,JH,Jharkhand,pocso_relationship,cases,relationship,family_members,56.0,cases,NCRB,1,2024-12-31,2026-09-25,Table 4A.10 (PDF p. 527),Crime in India 2024,https://ncrb.gov.in/en/crime-india,"Extracted from NCRB Crime in India 2024, Vol. I (PDF, SHA-256 75b827bdcfcd5e64…, copy retrieved via https://data.opencity.in/dataset/crime-in-india-2024) — see data/raw/ncrb/2024/PROVENANCE.md."
2024,2024-01-01,2024-12-31,state,JH,Jharkhand,pocso_relationship,cases,relationship,friends_online_partners,214.0,cases,NCRB,1,2024-12-31,2026-09-25,Table 4A.10 (PDF p. 527),Crime in India 2024,https://ncrb.gov.in/en/crime-india,"Extracted from NCRB Crime in India 2024, Vol. I (PDF, SHA-256 75b827bdcfcd5e64…, copy retrieved via https://data.opencity.in/dataset/crime-in-india-2024) — see data/raw/ncrb/2024/PROVENANCE.md."
2024,2024-01-01,2024-12-31,state,JH,Jharkhand,pocso_relationship,cases,relationship,known_total,549.0,cases,NCRB,1,2024-12-31,2026-09-25,Table 4A.10 (PDF p. 527),Crime in India 2024,https://ncrb.gov.in/en/crime-india,"Extracted from NCRB Crime in India 2024, Vol. I (PDF, SHA-256 75b827bdcfcd5e64…, copy retrieved via https://data.opencity.in/dataset/crime-in-india-2024) — see data/raw/ncrb/2024/PROVENANCE.md."
2024,2024-01-01,2024-12-31,state,JH,Jharkhand,pocso_relationship,cases,relationship,total,562.0,cases,NCRB,1,2024-12-31,2026-09-25,Table 4A.10 (PDF p. 527),Crime in India 2024,https://ncrb.gov.in/en/crime-india,"Extracted from NCRB Crime in India 2024, Vol. I (PDF, SHA-256 75b827bdcfcd5e64…, copy retrieved via https://data.opencity.in/dataset/crime-in-india-2024) — see data/raw/ncrb/2024/PROVENANCE.md."
2024,2024-01-01,2024-12-31,state,JH,Jharkhand,pocso_relationship,cases,relationship,unknown,13.0,cases,NCRB,1,2024-12-31,2026-09-25,Table 4A.10 (PDF p. 527),Crime in India 2024,https://ncrb.gov.in/en/crime-india,"Extracted from NCRB Crime in India 2024, Vol. I (PDF, SHA-256 75b827bdcfcd5e64…, copy retrieved via https://data.opencity.in/dataset/crime-in-india-2024) — see data/raw/ncrb/2024/PROVENANCE.md."
2022,2022-01-01,2022-12-31,state,JK,Jammu & Kashmir,pocso_relationship,cases,relationship,family_friends_neighbours_known,99.0,cases,NCRB,1,2022-12-31,2026-09-25,Table 4A.10 (PDF p. 424),Crime in India 2022,https://ncrb.gov.in/en/crime-india,"Extracted from NCRB Crime in India 2022, Vol. I (PDF, SHA-256 7c5ee3128b0b6bc7…, copy retrieved via https://data.opencity.in/dataset/crime-in-india-2022) — see data/raw/ncrb/2022/PROVENANCE.md."
2022,2022-01-01,2022-12-31,state,JK,Jammu & Kashmir,pocso_relationship,cases,relationship,family_members,9.0,cases,NCRB,1,2022-12-31,2026-09-25,Table 4A.10 (PDF p. 424),Crime in India 2022,https://ncrb.gov.in/en/crime-india,"Extracted from NCRB Crime in India 2022, Vol. I (PDF, SHA-256 7c5ee3128b0b6bc7…, copy retrieved via https://data.opencity.in/dataset/crime-in-india-2022) — see data/raw/ncrb/2022/PROVENANCE.md."
2022,2022-01-01,2022-12-31,state,JK,Jammu & Kashmir,pocso_relationship,cases,relationship,friends_online_partners,101.0,cases,NCRB,1,2022-12-31,2026-09-25,Table 4A.10 (PDF p. 424),Crime in India 2022,https://ncrb.gov.in/en/crime-india,"Extracted from NCRB Crime in India 2022, Vol. I (PDF, SHA-256 7c5ee3128b0b6bc7…, copy retrieved via https://data.opencity.in/dataset/crime-in-india-2022) — see data/raw/ncrb/2022/PROVENANCE.md."
2022,2022-01-01,2022-12-31,state,JK,Jammu & Kashmir,pocso_relationship,cases,relationship,known_total,209.0,cases,NCRB,1,2022-12-31,2026-09-25,Table 4A.10 (PDF p. 424),Crime in India 2022,https://ncrb.gov.in/en/crime-india,"Extracted from NCRB Crime in India 2022, Vol. I (PDF, SHA-256 7c5ee3128b0b6bc7…, copy retrieved via https://data.opencity.in/dataset/crime-in-india-2022) — see data/raw/ncrb/2022/PROVENANCE.md."
2022,2022-01-01,2022-12-31,state,JK,Jammu & Kashmir,pocso_relationship,cases,relationship,total,238.0,cases,NCRB,1,2022-12-31,2026-09-25,Table 4A.10 (PDF p. 424),Crime in India 2022,https://ncrb.gov.in/en/crime-india,"Extracted from NCRB Crime in India 2022, Vol. I (PDF, SHA-256 7c5ee3128b0b6bc7…, copy retrieved via https://data.opencity.in/dataset/crime-in-india-2022) — see data/raw/ncrb/2022/PROVENANCE.md."
2022,2022-01-01,2022-12-31,state,JK,Jammu & Kashmir,pocso_relationship,cases,relationship,unknown,29.0,cases,NCRB,1,2022-12-31,2026-09-25,Table 4A.10 (PDF p. 424),Crime in India 2022,https://ncrb.gov.in/en/crime-india,"Extracted from NCRB Crime in India 2022, Vol. I (PDF, SHA-256 7c5ee3128b0b6bc7…, copy retrieved via https://data.opencity.in/dataset/crime-in-india-2022) — see data/raw/ncrb/2022/PROVENANCE.md."
2023,2023-01-01,2023-12-31,state,JK,Jammu & Kashmir,pocso_relationship,cases,relationship,family_friends_neighbours_known,130.0,cases,NCRB,1,2023-12-31,2026-09-25,Table 4A.10 (PDF p. 424),Crime in India 2023,https://ncrb.gov.in/en/crime-india,"Extracted from NCRB Crime in India 2023, Vol. I (PDF, SHA-256 553ac8b2eadfe9e2…, copy retrieved via https://data.opencity.in/dataset/crime-in-india-2023) — see data/raw/ncrb/2023/PROVENANCE.md."
2023,2023-01-01,2023-12-31,state,JK,Jammu & Kashmir,pocso_relationship,cases,relationship,family_members,16.0,cases,NCRB,1,2023-12-31,2026-09-25,Table 4A.10 (PDF p. 424),Crime in India 2023,https://ncrb.gov.in/en/crime-india,"Extracted from NCRB Crime in India 2023, Vol. I (PDF, SHA-256 553ac8b2eadfe9e2…, copy retrieved via https://data.opencity.in/dataset/crime-in-india-2023) — see data/raw/ncrb/2023/PROVENANCE.md."
2023,2023-01-01,2023-12-31,state,JK,Jammu & Kashmir,pocso_relationship,cases,relationship,friends_online_partners,50.0,cases,NCRB,1,2023-12-31,2026-09-25,Table 4A.10 (PDF p. 424),Crime in India 2023,https://ncrb.gov.in/en/crime-india,"Extracted from NCRB Crime in India 2023, Vol. I (PDF, SHA-256 553ac8b2eadfe9e2…, copy retrieved via https://data.opencity.in/dataset/crime-in-india-2023) — see data/raw/ncrb/2023/PROVENANCE.md."
2023,2023-01-01,2023-12-31,state,JK,Jammu & Kashmir,pocso_relationship,cases,relationship,known_total,196.0,cases,NCRB,1,2023-12-31,2026-09-25,Table 4A.10 (PDF p. 424),Crime in India 2023,https://ncrb.gov.in/en/crime-india,"Extracted from NCRB Crime in India 2023, Vol. I (PDF, SHA-256 553ac8b2eadfe9e2…, copy retrieved via https://data.opencity.in/dataset/crime-in-india-2023) — see data/raw/ncrb/2023/PROVENANCE.md."
2023,2023-01-01,2023-12-31,state,JK,Jammu & Kashmir,pocso_relationship,cases,relationship,total,214.0,cases,NCRB,1,2023-12-31,2026-09-25,Table 4A.10 (PDF p. 424),Crime in India 2023,https://ncrb.gov.in/en/crime-india,"Extracted from NCRB Crime in India 2023, Vol. I (PDF, SHA-256 553ac8b2eadfe9e2…, copy retrieved via https://data.opencity.in/dataset/crime-in-india-2023) — see data/raw/ncrb/2023/PROVENANCE.md."
2023,2023-01-01,2023-12-31,state,JK,Jammu & Kashmir,pocso_relationship,cases,relationship,unknown,18.0,cases,NCRB,1,2023-12-31,2026-09-25,Table 4A.10 (PDF p. 424),Crime in India 2023,https://ncrb.gov.in/en/crime-india,"Extracted from NCRB Crime in India 2023, Vol. I (PDF, SHA-256 553ac8b2eadfe9e2…, copy retrieved via https://data.opencity.in/dataset/crime-in-india-2023) — see data/raw/ncrb/2023/PROVENANCE.md."
2024,2024-01-01,2024-12-31,state,JK,Jammu & Kashmir,pocso_relationship,cases,relationship,family_friends_neighbours_known,120.0,cases,NCRB,1,2024-12-31,2026-09-25,Table 4A.10 (PDF p. 527),Crime in India 2024,https://ncrb.gov.in/en/crime-india,"Extracted from NCRB Crime in India 2024, Vol. I (PDF, SHA-256 75b827bdcfcd5e64…, copy retrieved via https://data.opencity.in/dataset/crime-in-india-2024) — see data/raw/ncrb/2024/PROVENANCE.md."
2024,2024-01-01,2024-12-31,state,JK,Jammu & Kashmir,pocso_relationship,cases,relationship,family_members,11.0,cases,NCRB,1,2024-12-31,2026-09-25,Table 4A.10 (PDF p. 527),Crime in India 2024,https://ncrb.gov.in/en/crime-india,"Extracted from NCRB Crime in India 2024, Vol. I (PDF, SHA-256 75b827bdcfcd5e64…, copy retrieved via https://data.opencity.in/dataset/crime-in-india-2024) — see data/raw/ncrb/2024/PROVENANCE.md."
2024,2024-01-01,2024-12-31,state,JK,Jammu & Kashmir,pocso_relationship,cases,relationship,friends_online_partners,69.0,cases,NCRB,1,2024-12-31,2026-09-25,Table 4A.10 (PDF p. 527),Crime in India 2024,https://ncrb.gov.in/en/crime-india,"Extracted from NCRB Crime in India 2024, Vol. I (PDF, SHA-256 75b827bdcfcd5e64…, copy retrieved via https://data.opencity.in/dataset/crime-in-india-2024) — see data/raw/ncrb/2024/PROVENANCE.md."
2024,2024-01-01,2024-12-31,state,JK,Jammu & Kashmir,pocso_relationship,cases,relationship,known_total,200.0,cases,NCRB,1,2024-12-31,2026-09-25,Table 4A.10 (PDF p. 527),Crime in India 2024,https://ncrb.gov.in/en/crime-india,"Extracted from NCRB Crime in India 2024, Vol. I (PDF, SHA-256 75b827bdcfcd5e64…, copy retrieved via https://data.opencity.in/dataset/crime-in-india-2024) — see data/raw/ncrb/2024/PROVENANCE.md."
2024,2024-01-01,2024-12-31,state,JK,Jammu & Kashmir,pocso_relationship,cases,relationship,total,228.0,cases,NCRB,1,2024-12-31,2026-09-25,Table 4A.10 (PDF p. 527),Crime in India 2024,https://ncrb.gov.in/en/crime-india,"Extracted from NCRB Crime in India 2024, Vol. I (PDF, SHA-256 75b827bdcfcd5e64…, copy retrieved via https://data.opencity.in/dataset/crime-in-india-2024) — see data/raw/ncrb/2024/PROVENANCE.md."
2024,2024-01-01,2024-12-31,state,JK,Jammu & Kashmir,pocso_relationship,cases,relationship,unknown,28.0,cases,NCRB,1,2024-12-31,2026-09-25,Table 4A.10 (PDF p. 527),Crime in India 2024,https://ncrb.gov.in/en/crime-india,"Extracted from NCRB Crime in India 2024, Vol. I (PDF, SHA-256 75b827bdcfcd5e64…, copy retrieved via https://data.opencity.in/dataset/crime-in-india-2024) — see data/raw/ncrb/2024/PROVENANCE.md."
2022,2022-01-01,2022-12-31,state,KA,Karnataka,pocso_relationship,cases,relationship,family_friends_neighbours_known,1002.0,cases,NCRB,1,2022-12-31,2026-09-25,Table 4A.10 (PDF p. 424),Crime in India 2022,https://ncrb.gov.in/en/crime-india,"Extracted from NCRB Crime in India 2022, Vol. I (PDF, SHA-256 7c5ee3128b0b6bc7…, copy retrieved via https://data.opencity.in/dataset/crime-in-india-2022) — see data/raw/ncrb/2022/PROVENANCE.md."
2022,2022-01-01,2022-12-31,state,KA,Karnataka,pocso_relationship,cases,relationship,family_members,263.0,cases,NCRB,1,2022-12-31,2026-09-25,Table 4A.10 (PDF p. 424),Crime in India 2022,https://ncrb.gov.in/en/crime-india,"Extracted from NCRB Crime in India 2022, Vol. I (PDF, SHA-256 7c5ee3128b0b6bc7…, copy retrieved via https://data.opencity.in/dataset/crime-in-india-2022) — see data/raw/ncrb/2022/PROVENANCE.md."
2022,2022-01-01,2022-12-31,state,KA,Karnataka,pocso_relationship,cases,relationship,friends_online_partners,999.0,cases,NCRB,1,2022-12-31,2026-09-25,Table 4A.10 (PDF p. 424),Crime in India 2022,https://ncrb.gov.in/en/crime-india,"Extracted from NCRB Crime in India 2022, Vol. I (PDF, SHA-256 7c5ee3128b0b6bc7…, copy retrieved via https://data.opencity.in/dataset/crime-in-india-2022) — see data/raw/ncrb/2022/PROVENANCE.md."
2022,2022-01-01,2022-12-31,state,KA,Karnataka,pocso_relationship,cases,relationship,known_total,2264.0,cases,NCRB,1,2022-12-31,2026-09-25,Table 4A.10 (PDF p. 424),Crime in India 2022,https://ncrb.gov.in/en/crime-india,"Extracted from NCRB Crime in India 2022, Vol. I (PDF, SHA-256 7c5ee3128b0b6bc7…, copy retrieved via https://data.opencity.in/dataset/crime-in-india-2022) — see data/raw/ncrb/2022/PROVENANCE.md."
2022,2022-01-01,2022-12-31,state,KA,Karnataka,pocso_relationship,cases,relationship,total,2299.0,cases,NCRB,1,2022-12-31,2026-09-25,Table 4A.10 (PDF p. 424),Crime in India 2022,https://ncrb.gov.in/en/crime-india,"Extracted from NCRB Crime in India 2022, Vol. I (PDF, SHA-256 7c5ee3128b0b6bc7…, copy retrieved via https://data.opencity.in/dataset/crime-in-india-2022) — see data/raw/ncrb/2022/PROVENANCE.md."
2022,2022-01-01,2022-12-31,state,KA,Karnataka,pocso_relationship,cases,relationship,unknown,35.0,cases,NCRB,1,2022-12-31,2026-09-25,Table 4A.10 (PDF p. 424),Crime in India 2022,https://ncrb.gov.in/en/crime-india,"Extracted from NCRB Crime in India 2022, Vol. I (PDF, SHA-256 7c5ee3128b0b6bc7…, copy retrieved via https://data.opencity.in/dataset/crime-in-india-2022) — see data/raw/ncrb/2022/PROVENANCE.md."
2023,2023-01-01,2023-12-31,state,KA,Karnataka,pocso_relationship,cases,relationship,family_friends_neighbours_known,1135.0,cases,NCRB,1,2023-12-31,2026-09-25,Table 4A.10 (PDF p. 424),Crime in India 2023,https://ncrb.gov.in/en/crime-india,"Extracted from NCRB Crime in India 2023, Vol. I (PDF, SHA-256 553ac8b2eadfe9e2…, copy retrieved via https://data.opencity.in/dataset/crime-in-india-2023) — see data/raw/ncrb/2023/PROVENANCE.md."
2023,2023-01-01,2023-12-31,state,KA,Karnataka,pocso_relationship,cases,relationship,family_members,456.0,cases,NCRB,1,2023-12-31,2026-09-25,Table 4A.10 (PDF p. 424),Crime in India 2023,https://ncrb.gov.in/en/crime-india,"Extracted from NCRB Crime in India 2023, Vol. I (PDF, SHA-256 553ac8b2eadfe9e2…, copy retrieved via https://data.opencity.in/dataset/crime-in-india-2023) — see data/raw/ncrb/2023/PROVENANCE.md."
2023,2023-01-01,2023-12-31,state,KA,Karnataka,pocso_relationship,cases,relationship,friends_online_partners,1505.0,cases,NCRB,1,2023-12-31,2026-09-25,Table 4A.10 (PDF p. 424),Crime in India 2023,https://ncrb.gov.in/en/crime-india,"Extracted from NCRB Crime in India 2023, Vol. I (PDF, SHA-256 553ac8b2eadfe9e2…, copy retrieved via https://data.opencity.in/dataset/crime-in-india-2023) — see data/raw/ncrb/2023/PROVENANCE.md."
2023,2023-01-01,2023-12-31,state,KA,Karnataka,pocso_relationship,cases,relationship,known_total,3096.0,cases,NCRB,1,2023-12-31,2026-09-25,Table 4A.10 (PDF p. 424),Crime in India 2023,https://ncrb.gov.in/en/crime-india,"Extracted from NCRB Crime in India 2023, Vol. I (PDF, SHA-256 553ac8b2eadfe9e2…, copy retrieved via https://data.opencity.in/dataset/crime-in-india-2023) — see data/raw/ncrb/2023/PROVENANCE.md."
2023,2023-01-01,2023-12-31,state,KA,Karnataka,pocso_relationship,cases,relationship,total,3101.0,cases,NCRB,1,2023-12-31,2026-09-25,Table 4A.10 (PDF p. 424),Crime in India 2023,https://ncrb.gov.in/en/crime-india,"Extracted from NCRB Crime in India 2023, Vol. I (PDF, SHA-256 553ac8b2eadfe9e2…, copy retrieved via https://data.opencity.in/dataset/crime-in-india-2023) — see data/raw/ncrb/2023/PROVENANCE.md."
2023,2023-01-01,2023-12-31,state,KA,Karnataka,pocso_relationship,cases,relationship,unknown,5.0,cases,NCRB,1,2023-12-31,2026-09-25,Table 4A.10 (PDF p. 424),Crime in India 2023,https://ncrb.gov.in/en/crime-india,"Extracted from NCRB Crime in India 2023, Vol. I (PDF, SHA-256 553ac8b2eadfe9e2…, copy retrieved via https://data.opencity.in/dataset/crime-in-india-2023) — see data/raw/ncrb/2023/PROVENANCE.md."
2024,2024-01-01,2024-12-31,state,KA,Karnataka,pocso_relationship,cases,relationship,family_friends_neighbours_known,1397.0,cases,NCRB,1,2024-12-31,2026-09-25,Table 4A.10 (PDF p. 527),Crime in India 2024,https://ncrb.gov.in/en/crime-india,"Extracted from NCRB Crime in India 2024, Vol. I (PDF, SHA-256 75b827bdcfcd5e64…, copy retrieved via https://data.opencity.in/dataset/crime-in-india-2024) — see data/raw/ncrb/2024/PROVENANCE.md."
2024,2024-01-01,2024-12-31,state,KA,Karnataka,pocso_relationship,cases,relationship,family_members,442.0,cases,NCRB,1,2024-12-31,2026-09-25,Table 4A.10 (PDF p. 527),Crime in India 2024,https://ncrb.gov.in/en/crime-india,"Extracted from NCRB Crime in India 2024, Vol. I (PDF, SHA-256 75b827bdcfcd5e64…, copy retrieved via https://data.opencity.in/dataset/crime-in-india-2024) — see data/raw/ncrb/2024/PROVENANCE.md."
2024,2024-01-01,2024-12-31,state,KA,Karnataka,pocso_relationship,cases,relationship,friends_online_partners,1417.0,cases,NCRB,1,2024-12-31,2026-09-25,Table 4A.10 (PDF p. 527),Crime in India 2024,https://ncrb.gov.in/en/crime-india,"Extracted from NCRB Crime in India 2024, Vol. I (PDF, SHA-256 75b827bdcfcd5e64…, copy retrieved via https://data.opencity.in/dataset/crime-in-india-2024) — see data/raw/ncrb/2024/PROVENANCE.md."
2024,2024-01-01,2024-12-31,state,KA,Karnataka,pocso_relationship,cases,relationship,known_total,3256.0,cases,NCRB,1,2024-12-31,2026-09-25,Table 4A.10 (PDF p. 527),Crime in India 2024,https://ncrb.gov.in/en/crime-india,"Extracted from NCRB Crime in India 2024, Vol. I (PDF, SHA-256 75b827bdcfcd5e64…, copy retrieved via https://data.opencity.in/dataset/crime-in-india-2024) — see data/raw/ncrb/2024/PROVENANCE.md."
2024,2024-01-01,2024-12-31,state,KA,Karnataka,pocso_relationship,cases,relationship,total,3278.0,cases,NCRB,1,2024-12-31,2026-09-25,Table 4A.10 (PDF p. 527),Crime in India 2024,https://ncrb.gov.in/en/crime-india,"Extracted from NCRB Crime in India 2024, Vol. I (PDF, SHA-256 75b827bdcfcd5e64…, copy retrieved via https://data.opencity.in/dataset/crime-in-india-2024) — see data/raw/ncrb/2024/PROVENANCE.md."
2024,2024-01-01,2024-12-31,state,KA,Karnataka,pocso_relationship,cases,relationship,unknown,22.0,cases,NCRB,1,2024-12-31,2026-09-25,Table 4A.10 (PDF p. 527),Crime in India 2024,https://ncrb.gov.in/en/crime-india,"Extracted from NCRB Crime in India 2024, Vol. I (PDF, SHA-256 75b827bdcfcd5e64…, copy retrieved via https://data.opencity.in/dataset/crime-in-india-2024) — see data/raw/ncrb/2024/PROVENANCE.md."
2022,2022-01-01,2022-12-31,state,KL,Kerala,pocso_relationship,cases,relationship,family_friends_neighbours_known,469.0,cases,NCRB,1,2022-12-31,2026-09-25,Table 4A.10 (PDF p. 424),Crime in India 2022,https://ncrb.gov.in/en/crime-india,"Extracted from NCRB Crime in India 2022, Vol. I (PDF, SHA-256 7c5ee3128b0b6bc7…, copy retrieved via https://data.opencity.in/dataset/crime-in-india-2022) — see data/raw/ncrb/2022/PROVENANCE.md."
2022,2022-01-01,2022-12-31,state,KL,Kerala,pocso_relationship,cases,relationship,family_members,383.0,cases,NCRB,1,2022-12-31,2026-09-25,Table 4A.10 (PDF p. 424),Crime in India 2022,https://ncrb.gov.in/en/crime-india,"Extracted from NCRB Crime in India 2022, Vol. I (PDF, SHA-256 7c5ee3128b0b6bc7…, copy retrieved via https://data.opencity.in/dataset/crime-in-india-2022) — see data/raw/ncrb/2022/PROVENANCE.md."
2022,2022-01-01,2022-12-31,state,KL,Kerala,pocso_relationship,cases,relationship,friends_online_partners,940.0,cases,NCRB,1,2022-12-31,2026-09-25,Table 4A.10 (PDF p. 424),Crime in India 2022,https://ncrb.gov.in/en/crime-india,"Extracted from NCRB Crime in India 2022, Vol. I (PDF, SHA-256 7c5ee3128b0b6bc7…, copy retrieved via https://data.opencity.in/dataset/crime-in-india-2022) — see data/raw/ncrb/2022/PROVENANCE.md."
2022,2022-01-01,2022-12-31,state,KL,Kerala,pocso_relationship,cases,relationship,known_total,1792.0,cases,NCRB,1,2022-12-31,2026-09-25,Table 4A.10 (PDF p. 424),Crime in India 2022,https://ncrb.gov.in/en/crime-india,"Extracted from NCRB Crime in India 2022, Vol. I (PDF, SHA-256 7c5ee3128b0b6bc7…, copy retrieved via https://data.opencity.in/dataset/crime-in-india-2022) — see data/raw/ncrb/2022/PROVENANCE.md."
2022,2022-01-01,2022-12-31,state,KL,Kerala,pocso_relationship,cases,relationship,total,1812.0,cases,NCRB,1,2022-12-31,2026-09-25,Table 4A.10 (PDF p. 424),Crime in India 2022,https://ncrb.gov.in/en/crime-india,"Extracted from NCRB Crime in India 2022, Vol. I (PDF, SHA-256 7c5ee3128b0b6bc7…, copy retrieved via https://data.opencity.in/dataset/crime-in-india-2022) — see data/raw/ncrb/2022/PROVENANCE.md."
2022,2022-01-01,2022-12-31,state,KL,Kerala,pocso_relationship,cases,relationship,unknown,20.0,cases,NCRB,1,2022-12-31,2026-09-25,Table 4A.10 (PDF p. 424),Crime in India 2022,https://ncrb.gov.in/en/crime-india,"Extracted from NCRB Crime in India 2022, Vol. I (PDF, SHA-256 7c5ee3128b0b6bc7…, copy retrieved via https://data.opencity.in/dataset/crime-in-india-2022) — see data/raw/ncrb/2022/PROVENANCE.md."
2023,2023-01-01,2023-12-31,state,KL,Kerala,pocso_relationship,cases,relationship,family_friends_neighbours_known,492.0,cases,NCRB,1,2023-12-31,2026-09-25,Table 4A.10 (PDF p. 424),Crime in India 2023,https://ncrb.gov.in/en/crime-india,"Extracted from NCRB Crime in India 2023, Vol. I (PDF, SHA-256 553ac8b2eadfe9e2…, copy retrieved via https://data.opencity.in/dataset/crime-in-india-2023) — see data/raw/ncrb/2023/PROVENANCE.md."
2023,2023-01-01,2023-12-31,state,KL,Kerala,pocso_relationship,cases,relationship,family_members,361.0,cases,NCRB,1,2023-12-31,2026-09-25,Table 4A.10 (PDF p. 424),Crime in India 2023,https://ncrb.gov.in/en/crime-india,"Extracted from NCRB Crime in India 2023, Vol. I (PDF, SHA-256 553ac8b2eadfe9e2…, copy retrieved via https://data.opencity.in/dataset/crime-in-india-2023) — see data/raw/ncrb/2023/PROVENANCE.md."
2023,2023-01-01,2023-12-31,state,KL,Kerala,pocso_relationship,cases,relationship,friends_online_partners,934.0,cases,NCRB,1,2023-12-31,2026-09-25,Table 4A.10 (PDF p. 424),Crime in India 2023,https://ncrb.gov.in/en/crime-india,"Extracted from NCRB Crime in India 2023, Vol. I (PDF, SHA-256 553ac8b2eadfe9e2…, copy retrieved via https://data.opencity.in/dataset/crime-in-india-2023) — see data/raw/ncrb/2023/PROVENANCE.md."
2023,2023-01-01,2023-12-31,state,KL,Kerala,pocso_relationship,cases,relationship,known_total,1787.0,cases,NCRB,1,2023-12-31,2026-09-25,Table 4A.10 (PDF p. 424),Crime in India 2023,https://ncrb.gov.in/en/crime-india,"Extracted from NCRB Crime in India 2023, Vol. I (PDF, SHA-256 553ac8b2eadfe9e2…, copy retrieved via https://data.opencity.in/dataset/crime-in-india-2023) — see data/raw/ncrb/2023/PROVENANCE.md."
2023,2023-01-01,2023-12-31,state,KL,Kerala,pocso_relationship,cases,relationship,total,1799.0,cases,NCRB,1,2023-12-31,2026-09-25,Table 4A.10 (PDF p. 424),Crime in India 2023,https://ncrb.gov.in/en/crime-india,"Extracted from NCRB Crime in India 2023, Vol. I (PDF, SHA-256 553ac8b2eadfe9e2…, copy retrieved via https://data.opencity.in/dataset/crime-in-india-2023) — see data/raw/ncrb/2023/PROVENANCE.md."
2023,2023-01-01,2023-12-31,state,KL,Kerala,pocso_relationship,cases,relationship,unknown,12.0,cases,NCRB,1,2023-12-31,2026-09-25,Table 4A.10 (PDF p. 424),Crime in India 2023,https://ncrb.gov.in/en/crime-india,"Extracted from NCRB Crime in India 2023, Vol. I (PDF, SHA-256 553ac8b2eadfe9e2…, copy retrieved via https://data.opencity.in/dataset/crime-in-india-2023) — see data/raw/ncrb/2023/PROVENANCE.md."
2024,2024-01-01,2024-12-31,state,KL,Kerala,pocso_relationship,cases,relationship,family_friends_neighbours_known,689.0,cases,NCRB,1,2024-12-31,2026-09-25,Table 4A.10 (PDF p. 527),Crime in India 2024,https://ncrb.gov.in/en/crime-india,"Extracted from NCRB Crime in India 2024, Vol. I (PDF, SHA-256 75b827bdcfcd5e64…, copy retrieved via https://data.opencity.in/dataset/crime-in-india-2024) — see data/raw/ncrb/2024/PROVENANCE.md."
2024,2024-01-01,2024-12-31,state,KL,Kerala,pocso_relationship,cases,relationship,family_members,400.0,cases,NCRB,1,2024-12-31,2026-09-25,Table 4A.10 (PDF p. 527),Crime in India 2024,https://ncrb.gov.in/en/crime-india,"Extracted from NCRB Crime in India 2024, Vol. I (PDF, SHA-256 75b827bdcfcd5e64…, copy retrieved via https://data.opencity.in/dataset/crime-in-india-2024) — see data/raw/ncrb/2024/PROVENANCE.md."
2024,2024-01-01,2024-12-31,state,KL,Kerala,pocso_relationship,cases,relationship,friends_online_partners,973.0,cases,NCRB,1,2024-12-31,2026-09-25,Table 4A.10 (PDF p. 527),Crime in India 2024,https://ncrb.gov.in/en/crime-india,"Extracted from NCRB Crime in India 2024, Vol. I (PDF, SHA-256 75b827bdcfcd5e64…, copy retrieved via https://data.opencity.in/dataset/crime-in-india-2024) — see data/raw/ncrb/2024/PROVENANCE.md."
2024,2024-01-01,2024-12-31,state,KL,Kerala,pocso_relationship,cases,relationship,known_total,2062.0,cases,NCRB,1,2024-12-31,2026-09-25,Table 4A.10 (PDF p. 527),Crime in India 2024,https://ncrb.gov.in/en/crime-india,"Extracted from NCRB Crime in India 2024, Vol. I (PDF, SHA-256 75b827bdcfcd5e64…, copy retrieved via https://data.opencity.in/dataset/crime-in-india-2024) — see data/raw/ncrb/2024/PROVENANCE.md."
2024,2024-01-01,2024-12-31,state,KL,Kerala,pocso_relationship,cases,relationship,total,2088.0,cases,NCRB,1,2024-12-31,2026-09-25,Table 4A.10 (PDF p. 527),Crime in India 2024,https://ncrb.gov.in/en/crime-india,"Extracted from NCRB Crime in India 2024, Vol. I (PDF, SHA-256 75b827bdcfcd5e64…, copy retrieved via https://data.opencity.in/dataset/crime-in-india-2024) — see data/raw/ncrb/2024/PROVENANCE.md."
2024,2024-01-01,2024-12-31,state,KL,Kerala,pocso_relationship,cases,relationship,unknown,26.0,cases,NCRB,1,2024-12-31,2026-09-25,Table 4A.10 (PDF p. 527),Crime in India 2024,https://ncrb.gov.in/en/crime-india,"Extracted from NCRB Crime in India 2024, Vol. I (PDF, SHA-256 75b827bdcfcd5e64…, copy retrieved via https://data.opencity.in/dataset/crime-in-india-2024) — see data/raw/ncrb/2024/PROVENANCE.md."
2022,2022-01-01,2022-12-31,state,LA,Ladakh,pocso_relationship,cases,relationship,family_friends_neighbours_known,0.0,cases,NCRB,1,2022-12-31,2026-09-25,Table 4A.10 (PDF p. 424),Crime in India 2022,https://ncrb.gov.in/en/crime-india,"Extracted from NCRB Crime in India 2022, Vol. I (PDF, SHA-256 7c5ee3128b0b6bc7…, copy retrieved via https://data.opencity.in/dataset/crime-in-india-2022) — see data/raw/ncrb/2022/PROVENANCE.md."
2022,2022-01-01,2022-12-31,state,LA,Ladakh,pocso_relationship,cases,relationship,family_members,0.0,cases,NCRB,1,2022-12-31,2026-09-25,Table 4A.10 (PDF p. 424),Crime in India 2022,https://ncrb.gov.in/en/crime-india,"Extracted from NCRB Crime in India 2022, Vol. I (PDF, SHA-256 7c5ee3128b0b6bc7…, copy retrieved via https://data.opencity.in/dataset/crime-in-india-2022) — see data/raw/ncrb/2022/PROVENANCE.md."
2022,2022-01-01,2022-12-31,state,LA,Ladakh,pocso_relationship,cases,relationship,friends_online_partners,0.0,cases,NCRB,1,2022-12-31,2026-09-25,Table 4A.10 (PDF p. 424),Crime in India 2022,https://ncrb.gov.in/en/crime-india,"Extracted from NCRB Crime in India 2022, Vol. I (PDF, SHA-256 7c5ee3128b0b6bc7…, copy retrieved via https://data.opencity.in/dataset/crime-in-india-2022) — see data/raw/ncrb/2022/PROVENANCE.md."
2022,2022-01-01,2022-12-31,state,LA,Ladakh,pocso_relationship,cases,relationship,known_total,0.0,cases,NCRB,1,2022-12-31,2026-09-25,Table 4A.10 (PDF p. 424),Crime in India 2022,https://ncrb.gov.in/en/crime-india,"Extracted from NCRB Crime in India 2022, Vol. I (PDF, SHA-256 7c5ee3128b0b6bc7…, copy retrieved via https://data.opencity.in/dataset/crime-in-india-2022) — see data/raw/ncrb/2022/PROVENANCE.md."
2022,2022-01-01,2022-12-31,state,LA,Ladakh,pocso_relationship,cases,relationship,total,0.0,cases,NCRB,1,2022-12-31,2026-09-25,Table 4A.10 (PDF p. 424),Crime in India 2022,https://ncrb.gov.in/en/crime-india,"Extracted from NCRB Crime in India 2022, Vol. I (PDF, SHA-256 7c5ee3128b0b6bc7…, copy retrieved via https://data.opencity.in/dataset/crime-in-india-2022) — see data/raw/ncrb/2022/PROVENANCE.md."
2022,2022-01-01,2022-12-31,state,LA,Ladakh,pocso_relationship,cases,relationship,unknown,0.0,cases,NCRB,1,2022-12-31,2026-09-25,Table 4A.10 (PDF p. 424),Crime in India 2022,https://ncrb.gov.in/en/crime-india,"Extracted from NCRB Crime in India 2022, Vol. I (PDF, SHA-256 7c5ee3128b0b6bc7…, copy retrieved via https://data.opencity.in/dataset/crime-in-india-2022) — see data/raw/ncrb/2022/PROVENANCE.md."
2023,2023-01-01,2023-12-31,state,LA,Ladakh,pocso_relationship,cases,relationship,family_friends_neighbours_known,2.0,cases,NCRB,1,2023-12-31,2026-09-25,Table 4A.10 (PDF p. 424),Crime in India 2023,https://ncrb.gov.in/en/crime-india,"Extracted from NCRB Crime in India 2023, Vol. I (PDF, SHA-256 553ac8b2eadfe9e2…, copy retrieved via https://data.opencity.in/dataset/crime-in-india-2023) — see data/raw/ncrb/2023/PROVENANCE.md."
2023,2023-01-01,2023-12-31,state,LA,Ladakh,pocso_relationship,cases,relationship,family_members,1.0,cases,NCRB,1,2023-12-31,2026-09-25,Table 4A.10 (PDF p. 424),Crime in India 2023,https://ncrb.gov.in/en/crime-india,"Extracted from NCRB Crime in India 2023, Vol. I (PDF, SHA-256 553ac8b2eadfe9e2…, copy retrieved via https://data.opencity.in/dataset/crime-in-india-2023) — see data/raw/ncrb/2023/PROVENANCE.md."
2023,2023-01-01,2023-12-31,state,LA,Ladakh,pocso_relationship,cases,relationship,friends_online_partners,0.0,cases,NCRB,1,2023-12-31,2026-09-25,Table 4A.10 (PDF p. 424),Crime in India 2023,https://ncrb.gov.in/en/crime-india,"Extracted from NCRB Crime in India 2023, Vol. I (PDF, SHA-256 553ac8b2eadfe9e2…, copy retrieved via https://data.opencity.in/dataset/crime-in-india-2023) — see data/raw/ncrb/2023/PROVENANCE.md."
2023,2023-01-01,2023-12-31,state,LA,Ladakh,pocso_relationship,cases,relationship,known_total,3.0,cases,NCRB,1,2023-12-31,2026-09-25,Table 4A.10 (PDF p. 424),Crime in India 2023,https://ncrb.gov.in/en/crime-india,"Extracted from NCRB Crime in India 2023, Vol. I (PDF, SHA-256 553ac8b2eadfe9e2…, copy retrieved via https://data.opencity.in/dataset/crime-in-india-2023) — see data/raw/ncrb/2023/PROVENANCE.md."
2023,2023-01-01,2023-12-31,state,LA,Ladakh,pocso_relationship,cases,relationship,total,3.0,cases,NCRB,1,2023-12-31,2026-09-25,Table 4A.10 (PDF p. 424),Crime in India 2023,https://ncrb.gov.in/en/crime-india,"Extracted from NCRB Crime in India 2023, Vol. I (PDF, SHA-256 553ac8b2eadfe9e2…, copy retrieved via https://data.opencity.in/dataset/crime-in-india-2023) — see data/raw/ncrb/2023/PROVENANCE.md."
2023,2023-01-01,2023-12-31,state,LA,Ladakh,pocso_relationship,cases,relationship,unknown,0.0,cases,NCRB,1,2023-12-31,2026-09-25,Table 4A.10 (PDF p. 424),Crime in India 2023,https://ncrb.gov.in/en/crime-india,"Extracted from NCRB Crime in India 2023, Vol. I (PDF, SHA-256 553ac8b2eadfe9e2…, copy retrieved via https://data.opencity.in/dataset/crime-in-india-2023) — see data/raw/ncrb/2023/PROVENANCE.md."
2024,2024-01-01,2024-12-31,state,LA,Ladakh,pocso_relationship,cases,relationship,family_friends_neighbours_known,1.0,cases,NCRB,1,2024-12-31,2026-09-25,Table 4A.10 (PDF p. 527),Crime in India 2024,https://ncrb.gov.in/en/crime-india,"Extracted from NCRB Crime in India 2024, Vol. I (PDF, SHA-256 75b827bdcfcd5e64…, copy retrieved via https://data.opencity.in/dataset/crime-in-india-2024) — see data/raw/ncrb/2024/PROVENANCE.md."
2024,2024-01-01,2024-12-31,state,LA,Ladakh,pocso_relationship,cases,relationship,family_members,1.0,cases,NCRB,1,2024-12-31,2026-09-25,Table 4A.10 (PDF p. 527),Crime in India 2024,https://ncrb.gov.in/en/crime-india,"Extracted from NCRB Crime in India 2024, Vol. I (PDF, SHA-256 75b827bdcfcd5e64…, copy retrieved via https://data.opencity.in/dataset/crime-in-india-2024) — see data/raw/ncrb/2024/PROVENANCE.md."
2024,2024-01-01,2024-12-31,state,LA,Ladakh,pocso_relationship,cases,relationship,friends_online_partners,2.0,cases,NCRB,1,2024-12-31,2026-09-25,Table 4A.10 (PDF p. 527),Crime in India 2024,https://ncrb.gov.in/en/crime-india,"Extracted from NCRB Crime in India 2024, Vol. I (PDF, SHA-256 75b827bdcfcd5e64…, copy retrieved via https://data.opencity.in/dataset/crime-in-india-2024) — see data/raw/ncrb/2024/PROVENANCE.md."
2024,2024-01-01,2024-12-31,state,LA,Ladakh,pocso_relationship,cases,relationship,known_total,4.0,cases,NCRB,1,2024-12-31,2026-09-25,Table 4A.10 (PDF p. 527),Crime in India 2024,https://ncrb.gov.in/en/crime-india,"Extracted from NCRB Crime in India 2024, Vol. I (PDF, SHA-256 75b827bdcfcd5e64…, copy retrieved via https://data.opencity.in/dataset/crime-in-india-2024) — see data/raw/ncrb/2024/PROVENANCE.md."
2024,2024-01-01,2024-12-31,state,LA,Ladakh,pocso_relationship,cases,relationship,total,4.0,cases,NCRB,1,2024-12-31,2026-09-25,Table 4A.10 (PDF p. 527),Crime in India 2024,https://ncrb.gov.in/en/crime-india,"Extracted from NCRB Crime in India 2024, Vol. I (PDF, SHA-256 75b827bdcfcd5e64…, copy retrieved via https://data.opencity.in/dataset/crime-in-india-2024) — see data/raw/ncrb/2024/PROVENANCE.md."
2024,2024-01-01,2024-12-31,state,LA,Ladakh,pocso_relationship,cases,relationship,unknown,0.0,cases,NCRB,1,2024-12-31,2026-09-25,Table 4A.10 (PDF p. 527),Crime in India 2024,https://ncrb.gov.in/en/crime-india,"Extracted from NCRB Crime in India 2024, Vol. I (PDF, SHA-256 75b827bdcfcd5e64…, copy retrieved via https://data.opencity.in/dataset/crime-in-india-2024) — see data/raw/ncrb/2024/PROVENANCE.md."
2022,2022-01-01,2022-12-31,state,LD,Lakshadweep,pocso_relationship,cases,relationship,family_friends_neighbours_known,2.0,cases,NCRB,1,2022-12-31,2026-09-25,Table 4A.10 (PDF p. 424),Crime in India 2022,https://ncrb.gov.in/en/crime-india,"Extracted from NCRB Crime in India 2022, Vol. I (PDF, SHA-256 7c5ee3128b0b6bc7…, copy retrieved via https://data.opencity.in/dataset/crime-in-india-2022) — see data/raw/ncrb/2022/PROVENANCE.md."
2022,2022-01-01,2022-12-31,state,LD,Lakshadweep,pocso_relationship,cases,relationship,family_members,0.0,cases,NCRB,1,2022-12-31,2026-09-25,Table 4A.10 (PDF p. 424),Crime in India 2022,https://ncrb.gov.in/en/crime-india,"Extracted from NCRB Crime in India 2022, Vol. I (PDF, SHA-256 7c5ee3128b0b6bc7…, copy retrieved via https://data.opencity.in/dataset/crime-in-india-2022) — see data/raw/ncrb/2022/PROVENANCE.md."
2022,2022-01-01,2022-12-31,state,LD,Lakshadweep,pocso_relationship,cases,relationship,friends_online_partners,3.0,cases,NCRB,1,2022-12-31,2026-09-25,Table 4A.10 (PDF p. 424),Crime in India 2022,https://ncrb.gov.in/en/crime-india,"Extracted from NCRB Crime in India 2022, Vol. I (PDF, SHA-256 7c5ee3128b0b6bc7…, copy retrieved via https://data.opencity.in/dataset/crime-in-india-2022) — see data/raw/ncrb/2022/PROVENANCE.md."
2022,2022-01-01,2022-12-31,state,LD,Lakshadweep,pocso_relationship,cases,relationship,known_total,5.0,cases,NCRB,1,2022-12-31,2026-09-25,Table 4A.10 (PDF p. 424),Crime in India 2022,https://ncrb.gov.in/en/crime-india,"Extracted from NCRB Crime in India 2022, Vol. I (PDF, SHA-256 7c5ee3128b0b6bc7…, copy retrieved via https://data.opencity.in/dataset/crime-in-india-2022) — see data/raw/ncrb/2022/PROVENANCE.md."
2022,2022-01-01,2022-12-31,state,LD,Lakshadweep,pocso_relationship,cases,relationship,total,5.0,cases,NCRB,1,2022-12-31,2026-09-25,Table 4A.10 (PDF p. 424),Crime in India 2022,https://ncrb.gov.in/en/crime-india,"Extracted from NCRB Crime in India 2022, Vol. I (PDF, SHA-256 7c5ee3128b0b6bc7…, copy retrieved via https://data.opencity.in/dataset/crime-in-india-2022) — see data/raw/ncrb/2022/PROVENANCE.md."
2022,2022-01-01,2022-12-31,state,LD,Lakshadweep,pocso_relationship,cases,relationship,unknown,0.0,cases,NCRB,1,2022-12-31,2026-09-25,Table 4A.10 (PDF p. 424),Crime in India 2022,https://ncrb.gov.in/en/crime-india,"Extracted from NCRB Crime in India 2022, Vol. I (PDF, SHA-256 7c5ee3128b0b6bc7…, copy retrieved via https://data.opencity.in/dataset/crime-in-india-2022) — see data/raw/ncrb/2022/PROVENANCE.md."
2023,2023-01-01,2023-12-31,state,LD,Lakshadweep,pocso_relationship,cases,relationship,family_friends_neighbours_known,0.0,cases,NCRB,1,2023-12-31,2026-09-25,Table 4A.10 (PDF p. 424),Crime in India 2023,https://ncrb.gov.in/en/crime-india,"Extracted from NCRB Crime in India 2023, Vol. I (PDF, SHA-256 553ac8b2eadfe9e2…, copy retrieved via https://data.opencity.in/dataset/crime-in-india-2023) — see data/raw/ncrb/2023/PROVENANCE.md."
2023,2023-01-01,2023-12-31,state,LD,Lakshadweep,pocso_relationship,cases,relationship,family_members,0.0,cases,NCRB,1,2023-12-31,2026-09-25,Table 4A.10 (PDF p. 424),Crime in India 2023,https://ncrb.gov.in/en/crime-india,"Extracted from NCRB Crime in India 2023, Vol. I (PDF, SHA-256 553ac8b2eadfe9e2…, copy retrieved via https://data.opencity.in/dataset/crime-in-india-2023) — see data/raw/ncrb/2023/PROVENANCE.md."
2023,2023-01-01,2023-12-31,state,LD,Lakshadweep,pocso_relationship,cases,relationship,friends_online_partners,2.0,cases,NCRB,1,2023-12-31,2026-09-25,Table 4A.10 (PDF p. 424),Crime in India 2023,https://ncrb.gov.in/en/crime-india,"Extracted from NCRB Crime in India 2023, Vol. I (PDF, SHA-256 553ac8b2eadfe9e2…, copy retrieved via https://data.opencity.in/dataset/crime-in-india-2023) — see data/raw/ncrb/2023/PROVENANCE.md."
2023,2023-01-01,2023-12-31,state,LD,Lakshadweep,pocso_relationship,cases,relationship,known_total,2.0,cases,NCRB,1,2023-12-31,2026-09-25,Table 4A.10 (PDF p. 424),Crime in India 2023,https://ncrb.gov.in/en/crime-india,"Extracted from NCRB Crime in India 2023, Vol. I (PDF, SHA-256 553ac8b2eadfe9e2…, copy retrieved via https://data.opencity.in/dataset/crime-in-india-2023) — see data/raw/ncrb/2023/PROVENANCE.md."
2023,2023-01-01,2023-12-31,state,LD,Lakshadweep,pocso_relationship,cases,relationship,total,2.0,cases,NCRB,1,2023-12-31,2026-09-25,Table 4A.10 (PDF p. 424),Crime in India 2023,https://ncrb.gov.in/en/crime-india,"Extracted from NCRB Crime in India 2023, Vol. I (PDF, SHA-256 553ac8b2eadfe9e2…, copy retrieved via https://data.opencity.in/dataset/crime-in-india-2023) — see data/raw/ncrb/2023/PROVENANCE.md."
2023,2023-01-01,2023-12-31,state,LD,Lakshadweep,pocso_relationship,cases,relationship,unknown,0.0,cases,NCRB,1,2023-12-31,2026-09-25,Table 4A.10 (PDF p. 424),Crime in India 2023,https://ncrb.gov.in/en/crime-india,"Extracted from NCRB Crime in India 2023, Vol. I (PDF, SHA-256 553ac8b2eadfe9e2…, copy retrieved via https://data.opencity.in/dataset/crime-in-india-2023) — see data/raw/ncrb/2023/PROVENANCE.md."
2024,2024-01-01,2024-12-31,state,LD,Lakshadweep,pocso_relationship,cases,relationship,family_friends_neighbours_known,1.0,cases,NCRB,1,2024-12-31,2026-09-25,Table 4A.10 (PDF p. 527),Crime in India 2024,https://ncrb.gov.in/en/crime-india,"Extracted from NCRB Crime in India 2024, Vol. I (PDF, SHA-256 75b827bdcfcd5e64…, copy retrieved via https://data.opencity.in/dataset/crime-in-india-2024) — see data/raw/ncrb/2024/PROVENANCE.md."
2024,2024-01-01,2024-12-31,state,LD,Lakshadweep,pocso_relationship,cases,relationship,family_members,0.0,cases,NCRB,1,2024-12-31,2026-09-25,Table 4A.10 (PDF p. 527),Crime in India 2024,https://ncrb.gov.in/en/crime-india,"Extracted from NCRB Crime in India 2024, Vol. I (PDF, SHA-256 75b827bdcfcd5e64…, copy retrieved via https://data.opencity.in/dataset/crime-in-india-2024) — see data/raw/ncrb/2024/PROVENANCE.md."
2024,2024-01-01,2024-12-31,state,LD,Lakshadweep,pocso_relationship,cases,relationship,friends_online_partners,0.0,cases,NCRB,1,2024-12-31,2026-09-25,Table 4A.10 (PDF p. 527),Crime in India 2024,https://ncrb.gov.in/en/crime-india,"Extracted from NCRB Crime in India 2024, Vol. I (PDF, SHA-256 75b827bdcfcd5e64…, copy retrieved via https://data.opencity.in/dataset/crime-in-india-2024) — see data/raw/ncrb/2024/PROVENANCE.md."
2024,2024-01-01,2024-12-31,state,LD,Lakshadweep,pocso_relationship,cases,relationship,known_total,1.0,cases,NCRB,1,2024-12-31,2026-09-25,Table 4A.10 (PDF p. 527),Crime in India 2024,https://ncrb.gov.in/en/crime-india,"Extracted from NCRB Crime in India 2024, Vol. I (PDF, SHA-256 75b827bdcfcd5e64…, copy retrieved via https://data.opencity.in/dataset/crime-in-india-2024) — see data/raw/ncrb/2024/PROVENANCE.md."
2024,2024-01-01,2024-12-31,state,LD,Lakshadweep,pocso_relationship,cases,relationship,total,1.0,cases,NCRB,1,2024-12-31,2026-09-25,Table 4A.10 (PDF p. 527),Crime in India 2024,https://ncrb.gov.in/en/crime-india,"Extracted from NCRB Crime in India 2024, Vol. I (PDF, SHA-256 75b827bdcfcd5e64…, copy retrieved via https://data.opencity.in/dataset/crime-in-india-2024) — see data/raw/ncrb/2024/PROVENANCE.md."
2024,2024-01-01,2024-12-31,state,LD,Lakshadweep,pocso_relationship,cases,relationship,unknown,0.0,cases,NCRB,1,2024-12-31,2026-09-25,Table 4A.10 (PDF p. 527),Crime in India 2024,https://ncrb.gov.in/en/crime-india,"Extracted from NCRB Crime in India 2024, Vol. I (PDF, SHA-256 75b827bdcfcd5e64…, copy retrieved via https://data.opencity.in/dataset/crime-in-india-2024) — see data/raw/ncrb/2024/PROVENANCE.md."
2022,2022-01-01,2022-12-31,state,MH,Maharashtra,pocso_relationship,cases,relationship,family_friends_neighbours_known,778.0,cases,NCRB,1,2022-12-31,2026-09-25,Table 4A.10 (PDF p. 424),Crime in India 2022,https://ncrb.gov.in/en/crime-india,"Extracted from NCRB Crime in India 2022, Vol. I (PDF, SHA-256 7c5ee3128b0b6bc7…, copy retrieved via https://data.opencity.in/dataset/crime-in-india-2022) — see data/raw/ncrb/2022/PROVENANCE.md."
2022,2022-01-01,2022-12-31,state,MH,Maharashtra,pocso_relationship,cases,relationship,family_members,297.0,cases,NCRB,1,2022-12-31,2026-09-25,Table 4A.10 (PDF p. 424),Crime in India 2022,https://ncrb.gov.in/en/crime-india,"Extracted from NCRB Crime in India 2022, Vol. I (PDF, SHA-256 7c5ee3128b0b6bc7…, copy retrieved via https://data.opencity.in/dataset/crime-in-india-2022) — see data/raw/ncrb/2022/PROVENANCE.md."
2022,2022-01-01,2022-12-31,state,MH,Maharashtra,pocso_relationship,cases,relationship,friends_online_partners,3096.0,cases,NCRB,1,2022-12-31,2026-09-25,Table 4A.10 (PDF p. 424),Crime in India 2022,https://ncrb.gov.in/en/crime-india,"Extracted from NCRB Crime in India 2022, Vol. I (PDF, SHA-256 7c5ee3128b0b6bc7…, copy retrieved via https://data.opencity.in/dataset/crime-in-india-2022) — see data/raw/ncrb/2022/PROVENANCE.md."
2022,2022-01-01,2022-12-31,state,MH,Maharashtra,pocso_relationship,cases,relationship,known_total,4171.0,cases,NCRB,1,2022-12-31,2026-09-25,Table 4A.10 (PDF p. 424),Crime in India 2022,https://ncrb.gov.in/en/crime-india,"Extracted from NCRB Crime in India 2022, Vol. I (PDF, SHA-256 7c5ee3128b0b6bc7…, copy retrieved via https://data.opencity.in/dataset/crime-in-india-2022) — see data/raw/ncrb/2022/PROVENANCE.md."
2022,2022-01-01,2022-12-31,state,MH,Maharashtra,pocso_relationship,cases,relationship,total,4182.0,cases,NCRB,1,2022-12-31,2026-09-25,Table 4A.10 (PDF p. 424),Crime in India 2022,https://ncrb.gov.in/en/crime-india,"Extracted from NCRB Crime in India 2022, Vol. I (PDF, SHA-256 7c5ee3128b0b6bc7…, copy retrieved via https://data.opencity.in/dataset/crime-in-india-2022) — see data/raw/ncrb/2022/PROVENANCE.md."
2022,2022-01-01,2022-12-31,state,MH,Maharashtra,pocso_relationship,cases,relationship,unknown,11.0,cases,NCRB,1,2022-12-31,2026-09-25,Table 4A.10 (PDF p. 424),Crime in India 2022,https://ncrb.gov.in/en/crime-india,"Extracted from NCRB Crime in India 2022, Vol. I (PDF, SHA-256 7c5ee3128b0b6bc7…, copy retrieved via https://data.opencity.in/dataset/crime-in-india-2022) — see data/raw/ncrb/2022/PROVENANCE.md."
2023,2023-01-01,2023-12-31,state,MH,Maharashtra,pocso_relationship,cases,relationship,family_friends_neighbours_known,846.0,cases,NCRB,1,2023-12-31,2026-09-25,Table 4A.10 (PDF p. 424),Crime in India 2023,https://ncrb.gov.in/en/crime-india,"Extracted from NCRB Crime in India 2023, Vol. I (PDF, SHA-256 553ac8b2eadfe9e2…, copy retrieved via https://data.opencity.in/dataset/crime-in-india-2023) — see data/raw/ncrb/2023/PROVENANCE.md."
2023,2023-01-01,2023-12-31,state,MH,Maharashtra,pocso_relationship,cases,relationship,family_members,210.0,cases,NCRB,1,2023-12-31,2026-09-25,Table 4A.10 (PDF p. 424),Crime in India 2023,https://ncrb.gov.in/en/crime-india,"Extracted from NCRB Crime in India 2023, Vol. I (PDF, SHA-256 553ac8b2eadfe9e2…, copy retrieved via https://data.opencity.in/dataset/crime-in-india-2023) — see data/raw/ncrb/2023/PROVENANCE.md."
2023,2023-01-01,2023-12-31,state,MH,Maharashtra,pocso_relationship,cases,relationship,friends_online_partners,3541.0,cases,NCRB,1,2023-12-31,2026-09-25,Table 4A.10 (PDF p. 424),Crime in India 2023,https://ncrb.gov.in/en/crime-india,"Extracted from NCRB Crime in India 2023, Vol. I (PDF, SHA-256 553ac8b2eadfe9e2…, copy retrieved via https://data.opencity.in/dataset/crime-in-india-2023) — see data/raw/ncrb/2023/PROVENANCE.md."
2023,2023-01-01,2023-12-31,state,MH,Maharashtra,pocso_relationship,cases,relationship,known_total,4597.0,cases,NCRB,1,2023-12-31,2026-09-25,Table 4A.10 (PDF p. 424),Crime in India 2023,https://ncrb.gov.in/en/crime-india,"Extracted from NCRB Crime in India 2023, Vol. I (PDF, SHA-256 553ac8b2eadfe9e2…, copy retrieved via https://data.opencity.in/dataset/crime-in-india-2023) — see data/raw/ncrb/2023/PROVENANCE.md."
2023,2023-01-01,2023-12-31,state,MH,Maharashtra,pocso_relationship,cases,relationship,total,4600.0,cases,NCRB,1,2023-12-31,2026-09-25,Table 4A.10 (PDF p. 424),Crime in India 2023,https://ncrb.gov.in/en/crime-india,"Extracted from NCRB Crime in India 2023, Vol. I (PDF, SHA-256 553ac8b2eadfe9e2…, copy retrieved via https://data.opencity.in/dataset/crime-in-india-2023) — see data/raw/ncrb/2023/PROVENANCE.md."
2023,2023-01-01,2023-12-31,state,MH,Maharashtra,pocso_relationship,cases,relationship,unknown,3.0,cases,NCRB,1,2023-12-31,2026-09-25,Table 4A.10 (PDF p. 424),Crime in India 2023,https://ncrb.gov.in/en/crime-india,"Extracted from NCRB Crime in India 2023, Vol. I (PDF, SHA-256 553ac8b2eadfe9e2…, copy retrieved via https://data.opencity.in/dataset/crime-in-india-2023) — see data/raw/ncrb/2023/PROVENANCE.md."
2024,2024-01-01,2024-12-31,state,MH,Maharashtra,pocso_relationship,cases,relationship,family_friends_neighbours_known,1337.0,cases,NCRB,1,2024-12-31,2026-09-25,Table 4A.10 (PDF p. 527),Crime in India 2024,https://ncrb.gov.in/en/crime-india,"Extracted from NCRB Crime in India 2024, Vol. I (PDF, SHA-256 75b827bdcfcd5e64…, copy retrieved via https://data.opencity.in/dataset/crime-in-india-2024) — see data/raw/ncrb/2024/PROVENANCE.md."
2024,2024-01-01,2024-12-31,state,MH,Maharashtra,pocso_relationship,cases,relationship,family_members,308.0,cases,NCRB,1,2024-12-31,2026-09-25,Table 4A.10 (PDF p. 527),Crime in India 2024,https://ncrb.gov.in/en/crime-india,"Extracted from NCRB Crime in India 2024, Vol. I (PDF, SHA-256 75b827bdcfcd5e64…, copy retrieved via https://data.opencity.in/dataset/crime-in-india-2024) — see data/raw/ncrb/2024/PROVENANCE.md."
2024,2024-01-01,2024-12-31,state,MH,Maharashtra,pocso_relationship,cases,relationship,friends_online_partners,3115.0,cases,NCRB,1,2024-12-31,2026-09-25,Table 4A.10 (PDF p. 527),Crime in India 2024,https://ncrb.gov.in/en/crime-india,"Extracted from NCRB Crime in India 2024, Vol. I (PDF, SHA-256 75b827bdcfcd5e64…, copy retrieved via https://data.opencity.in/dataset/crime-in-india-2024) — see data/raw/ncrb/2024/PROVENANCE.md."
2024,2024-01-01,2024-12-31,state,MH,Maharashtra,pocso_relationship,cases,relationship,known_total,4760.0,cases,NCRB,1,2024-12-31,2026-09-25,Table 4A.10 (PDF p. 527),Crime in India 2024,https://ncrb.gov.in/en/crime-india,"Extracted from NCRB Crime in India 2024, Vol. I (PDF, SHA-256 75b827bdcfcd5e64…, copy retrieved via https://data.opencity.in/dataset/crime-in-india-2024) — see data/raw/ncrb/2024/PROVENANCE.md."
2024,2024-01-01,2024-12-31,state,MH,Maharashtra,pocso_relationship,cases,relationship,total,4829.0,cases,NCRB,1,2024-12-31,2026-09-25,Table 4A.10 (PDF p. 527),Crime in India 2024,https://ncrb.gov.in/en/crime-india,"Extracted from NCRB Crime in India 2024, Vol. I (PDF, SHA-256 75b827bdcfcd5e64…, copy retrieved via https://data.opencity.in/dataset/crime-in-india-2024) — see data/raw/ncrb/2024/PROVENANCE.md."
2024,2024-01-01,2024-12-31,state,MH,Maharashtra,pocso_relationship,cases,relationship,unknown,69.0,cases,NCRB,1,2024-12-31,2026-09-25,Table 4A.10 (PDF p. 527),Crime in India 2024,https://ncrb.gov.in/en/crime-india,"Extracted from NCRB Crime in India 2024, Vol. I (PDF, SHA-256 75b827bdcfcd5e64…, copy retrieved via https://data.opencity.in/dataset/crime-in-india-2024) — see data/raw/ncrb/2024/PROVENANCE.md."
2022,2022-01-01,2022-12-31,state,ML,Meghalaya,pocso_relationship,cases,relationship,family_friends_neighbours_known,156.0,cases,NCRB,1,2022-12-31,2026-09-25,Table 4A.10 (PDF p. 424),Crime in India 2022,https://ncrb.gov.in/en/crime-india,"Extracted from NCRB Crime in India 2022, Vol. I (PDF, SHA-256 7c5ee3128b0b6bc7…, copy retrieved via https://data.opencity.in/dataset/crime-in-india-2022) — see data/raw/ncrb/2022/PROVENANCE.md."
2022,2022-01-01,2022-12-31,state,ML,Meghalaya,pocso_relationship,cases,relationship,family_members,58.0,cases,NCRB,1,2022-12-31,2026-09-25,Table 4A.10 (PDF p. 424),Crime in India 2022,https://ncrb.gov.in/en/crime-india,"Extracted from NCRB Crime in India 2022, Vol. I (PDF, SHA-256 7c5ee3128b0b6bc7…, copy retrieved via https://data.opencity.in/dataset/crime-in-india-2022) — see data/raw/ncrb/2022/PROVENANCE.md."
2022,2022-01-01,2022-12-31,state,ML,Meghalaya,pocso_relationship,cases,relationship,friends_online_partners,61.0,cases,NCRB,1,2022-12-31,2026-09-25,Table 4A.10 (PDF p. 424),Crime in India 2022,https://ncrb.gov.in/en/crime-india,"Extracted from NCRB Crime in India 2022, Vol. I (PDF, SHA-256 7c5ee3128b0b6bc7…, copy retrieved via https://data.opencity.in/dataset/crime-in-india-2022) — see data/raw/ncrb/2022/PROVENANCE.md."
2022,2022-01-01,2022-12-31,state,ML,Meghalaya,pocso_relationship,cases,relationship,known_total,275.0,cases,NCRB,1,2022-12-31,2026-09-25,Table 4A.10 (PDF p. 424),Crime in India 2022,https://ncrb.gov.in/en/crime-india,"Extracted from NCRB Crime in India 2022, Vol. I (PDF, SHA-256 7c5ee3128b0b6bc7…, copy retrieved via https://data.opencity.in/dataset/crime-in-india-2022) — see data/raw/ncrb/2022/PROVENANCE.md."
2022,2022-01-01,2022-12-31,state,ML,Meghalaya,pocso_relationship,cases,relationship,total,278.0,cases,NCRB,1,2022-12-31,2026-09-25,Table 4A.10 (PDF p. 424),Crime in India 2022,https://ncrb.gov.in/en/crime-india,"Extracted from NCRB Crime in India 2022, Vol. I (PDF, SHA-256 7c5ee3128b0b6bc7…, copy retrieved via https://data.opencity.in/dataset/crime-in-india-2022) — see data/raw/ncrb/2022/PROVENANCE.md."
2022,2022-01-01,2022-12-31,state,ML,Meghalaya,pocso_relationship,cases,relationship,unknown,3.0,cases,NCRB,1,2022-12-31,2026-09-25,Table 4A.10 (PDF p. 424),Crime in India 2022,https://ncrb.gov.in/en/crime-india,"Extracted from NCRB Crime in India 2022, Vol. I (PDF, SHA-256 7c5ee3128b0b6bc7…, copy retrieved via https://data.opencity.in/dataset/crime-in-india-2022) — see data/raw/ncrb/2022/PROVENANCE.md."
2023,2023-01-01,2023-12-31,state,ML,Meghalaya,pocso_relationship,cases,relationship,family_friends_neighbours_known,134.0,cases,NCRB,1,2023-12-31,2026-09-25,Table 4A.10 (PDF p. 424),Crime in India 2023,https://ncrb.gov.in/en/crime-india,"Extracted from NCRB Crime in India 2023, Vol. I (PDF, SHA-256 553ac8b2eadfe9e2…, copy retrieved via https://data.opencity.in/dataset/crime-in-india-2023) — see data/raw/ncrb/2023/PROVENANCE.md."
2023,2023-01-01,2023-12-31,state,ML,Meghalaya,pocso_relationship,cases,relationship,family_members,77.0,cases,NCRB,1,2023-12-31,2026-09-25,Table 4A.10 (PDF p. 424),Crime in India 2023,https://ncrb.gov.in/en/crime-india,"Extracted from NCRB Crime in India 2023, Vol. I (PDF, SHA-256 553ac8b2eadfe9e2…, copy retrieved via https://data.opencity.in/dataset/crime-in-india-2023) — see data/raw/ncrb/2023/PROVENANCE.md."
2023,2023-01-01,2023-12-31,state,ML,Meghalaya,pocso_relationship,cases,relationship,friends_online_partners,66.0,cases,NCRB,1,2023-12-31,2026-09-25,Table 4A.10 (PDF p. 424),Crime in India 2023,https://ncrb.gov.in/en/crime-india,"Extracted from NCRB Crime in India 2023, Vol. I (PDF, SHA-256 553ac8b2eadfe9e2…, copy retrieved via https://data.opencity.in/dataset/crime-in-india-2023) — see data/raw/ncrb/2023/PROVENANCE.md."
2023,2023-01-01,2023-12-31,state,ML,Meghalaya,pocso_relationship,cases,relationship,known_total,277.0,cases,NCRB,1,2023-12-31,2026-09-25,Table 4A.10 (PDF p. 424),Crime in India 2023,https://ncrb.gov.in/en/crime-india,"Extracted from NCRB Crime in India 2023, Vol. I (PDF, SHA-256 553ac8b2eadfe9e2…, copy retrieved via https://data.opencity.in/dataset/crime-in-india-2023) — see data/raw/ncrb/2023/PROVENANCE.md."
2023,2023-01-01,2023-12-31,state,ML,Meghalaya,pocso_relationship,cases,relationship,total,328.0,cases,NCRB,1,2023-12-31,2026-09-25,Table 4A.10 (PDF p. 424),Crime in India 2023,https://ncrb.gov.in/en/crime-india,"Extracted from NCRB Crime in India 2023, Vol. I (PDF, SHA-256 553ac8b2eadfe9e2…, copy retrieved via https://data.opencity.in/dataset/crime-in-india-2023) — see data/raw/ncrb/2023/PROVENANCE.md."
2023,2023-01-01,2023-12-31,state,ML,Meghalaya,pocso_relationship,cases,relationship,unknown,51.0,cases,NCRB,1,2023-12-31,2026-09-25,Table 4A.10 (PDF p. 424),Crime in India 2023,https://ncrb.gov.in/en/crime-india,"Extracted from NCRB Crime in India 2023, Vol. I (PDF, SHA-256 553ac8b2eadfe9e2…, copy retrieved via https://data.opencity.in/dataset/crime-in-india-2023) — see data/raw/ncrb/2023/PROVENANCE.md."
2024,2024-01-01,2024-12-31,state,ML,Meghalaya,pocso_relationship,cases,relationship,family_friends_neighbours_known,151.0,cases,NCRB,1,2024-12-31,2026-09-25,Table 4A.10 (PDF p. 527),Crime in India 2024,https://ncrb.gov.in/en/crime-india,"Extracted from NCRB Crime in India 2024, Vol. I (PDF, SHA-256 75b827bdcfcd5e64…, copy retrieved via https://data.opencity.in/dataset/crime-in-india-2024) — see data/raw/ncrb/2024/PROVENANCE.md."
2024,2024-01-01,2024-12-31,state,ML,Meghalaya,pocso_relationship,cases,relationship,family_members,56.0,cases,NCRB,1,2024-12-31,2026-09-25,Table 4A.10 (PDF p. 527),Crime in India 2024,https://ncrb.gov.in/en/crime-india,"Extracted from NCRB Crime in India 2024, Vol. I (PDF, SHA-256 75b827bdcfcd5e64…, copy retrieved via https://data.opencity.in/dataset/crime-in-india-2024) — see data/raw/ncrb/2024/PROVENANCE.md."
2024,2024-01-01,2024-12-31,state,ML,Meghalaya,pocso_relationship,cases,relationship,friends_online_partners,87.0,cases,NCRB,1,2024-12-31,2026-09-25,Table 4A.10 (PDF p. 527),Crime in India 2024,https://ncrb.gov.in/en/crime-india,"Extracted from NCRB Crime in India 2024, Vol. I (PDF, SHA-256 75b827bdcfcd5e64…, copy retrieved via https://data.opencity.in/dataset/crime-in-india-2024) — see data/raw/ncrb/2024/PROVENANCE.md."
2024,2024-01-01,2024-12-31,state,ML,Meghalaya,pocso_relationship,cases,relationship,known_total,294.0,cases,NCRB,1,2024-12-31,2026-09-25,Table 4A.10 (PDF p. 527),Crime in India 2024,https://ncrb.gov.in/en/crime-india,"Extracted from NCRB Crime in India 2024, Vol. I (PDF, SHA-256 75b827bdcfcd5e64…, copy retrieved via https://data.opencity.in/dataset/crime-in-india-2024) — see data/raw/ncrb/2024/PROVENANCE.md."
2024,2024-01-01,2024-12-31,state,ML,Meghalaya,pocso_relationship,cases,relationship,total,348.0,cases,NCRB,1,2024-12-31,2026-09-25,Table 4A.10 (PDF p. 527),Crime in India 2024,https://ncrb.gov.in/en/crime-india,"Extracted from NCRB Crime in India 2024, Vol. I (PDF, SHA-256 75b827bdcfcd5e64…, copy retrieved via https://data.opencity.in/dataset/crime-in-india-2024) — see data/raw/ncrb/2024/PROVENANCE.md."
2024,2024-01-01,2024-12-31,state,ML,Meghalaya,pocso_relationship,cases,relationship,unknown,54.0,cases,NCRB,1,2024-12-31,2026-09-25,Table 4A.10 (PDF p. 527),Crime in India 2024,https://ncrb.gov.in/en/crime-india,"Extracted from NCRB Crime in India 2024, Vol. I (PDF, SHA-256 75b827bdcfcd5e64…, copy retrieved via https://data.opencity.in/dataset/crime-in-india-2024) — see data/raw/ncrb/2024/PROVENANCE.md."
2022,2022-01-01,2022-12-31,state,MN,Manipur,pocso_relationship,cases,relationship,family_friends_neighbours_known,8.0,cases,NCRB,1,2022-12-31,2026-09-25,Table 4A.10 (PDF p. 424),Crime in India 2022,https://ncrb.gov.in/en/crime-india,"Extracted from NCRB Crime in India 2022, Vol. I (PDF, SHA-256 7c5ee3128b0b6bc7…, copy retrieved via https://data.opencity.in/dataset/crime-in-india-2022) — see data/raw/ncrb/2022/PROVENANCE.md."
2022,2022-01-01,2022-12-31,state,MN,Manipur,pocso_relationship,cases,relationship,family_members,20.0,cases,NCRB,1,2022-12-31,2026-09-25,Table 4A.10 (PDF p. 424),Crime in India 2022,https://ncrb.gov.in/en/crime-india,"Extracted from NCRB Crime in India 2022, Vol. I (PDF, SHA-256 7c5ee3128b0b6bc7…, copy retrieved via https://data.opencity.in/dataset/crime-in-india-2022) — see data/raw/ncrb/2022/PROVENANCE.md."
2022,2022-01-01,2022-12-31,state,MN,Manipur,pocso_relationship,cases,relationship,friends_online_partners,17.0,cases,NCRB,1,2022-12-31,2026-09-25,Table 4A.10 (PDF p. 424),Crime in India 2022,https://ncrb.gov.in/en/crime-india,"Extracted from NCRB Crime in India 2022, Vol. I (PDF, SHA-256 7c5ee3128b0b6bc7…, copy retrieved via https://data.opencity.in/dataset/crime-in-india-2022) — see data/raw/ncrb/2022/PROVENANCE.md."
2022,2022-01-01,2022-12-31,state,MN,Manipur,pocso_relationship,cases,relationship,known_total,45.0,cases,NCRB,1,2022-12-31,2026-09-25,Table 4A.10 (PDF p. 424),Crime in India 2022,https://ncrb.gov.in/en/crime-india,"Extracted from NCRB Crime in India 2022, Vol. I (PDF, SHA-256 7c5ee3128b0b6bc7…, copy retrieved via https://data.opencity.in/dataset/crime-in-india-2022) — see data/raw/ncrb/2022/PROVENANCE.md."
2022,2022-01-01,2022-12-31,state,MN,Manipur,pocso_relationship,cases,relationship,total,45.0,cases,NCRB,1,2022-12-31,2026-09-25,Table 4A.10 (PDF p. 424),Crime in India 2022,https://ncrb.gov.in/en/crime-india,"Extracted from NCRB Crime in India 2022, Vol. I (PDF, SHA-256 7c5ee3128b0b6bc7…, copy retrieved via https://data.opencity.in/dataset/crime-in-india-2022) — see data/raw/ncrb/2022/PROVENANCE.md."
2022,2022-01-01,2022-12-31,state,MN,Manipur,pocso_relationship,cases,relationship,unknown,0.0,cases,NCRB,1,2022-12-31,2026-09-25,Table 4A.10 (PDF p. 424),Crime in India 2022,https://ncrb.gov.in/en/crime-india,"Extracted from NCRB Crime in India 2022, Vol. I (PDF, SHA-256 7c5ee3128b0b6bc7…, copy retrieved via https://data.opencity.in/dataset/crime-in-india-2022) — see data/raw/ncrb/2022/PROVENANCE.md."
2023,2023-01-01,2023-12-31,state,MN,Manipur,pocso_relationship,cases,relationship,family_friends_neighbours_known,6.0,cases,NCRB,1,2023-12-31,2026-09-25,Table 4A.10 (PDF p. 424),Crime in India 2023,https://ncrb.gov.in/en/crime-india,"Extracted from NCRB Crime in India 2023, Vol. I (PDF, SHA-256 553ac8b2eadfe9e2…, copy retrieved via https://data.opencity.in/dataset/crime-in-india-2023) — see data/raw/ncrb/2023/PROVENANCE.md."
2023,2023-01-01,2023-12-31,state,MN,Manipur,pocso_relationship,cases,relationship,family_members,7.0,cases,NCRB,1,2023-12-31,2026-09-25,Table 4A.10 (PDF p. 424),Crime in India 2023,https://ncrb.gov.in/en/crime-india,"Extracted from NCRB Crime in India 2023, Vol. I (PDF, SHA-256 553ac8b2eadfe9e2…, copy retrieved via https://data.opencity.in/dataset/crime-in-india-2023) — see data/raw/ncrb/2023/PROVENANCE.md."
2023,2023-01-01,2023-12-31,state,MN,Manipur,pocso_relationship,cases,relationship,friends_online_partners,29.0,cases,NCRB,1,2023-12-31,2026-09-25,Table 4A.10 (PDF p. 424),Crime in India 2023,https://ncrb.gov.in/en/crime-india,"Extracted from NCRB Crime in India 2023, Vol. I (PDF, SHA-256 553ac8b2eadfe9e2…, copy retrieved via https://data.opencity.in/dataset/crime-in-india-2023) — see data/raw/ncrb/2023/PROVENANCE.md."
2023,2023-01-01,2023-12-31,state,MN,Manipur,pocso_relationship,cases,relationship,known_total,42.0,cases,NCRB,1,2023-12-31,2026-09-25,Table 4A.10 (PDF p. 424),Crime in India 2023,https://ncrb.gov.in/en/crime-india,"Extracted from NCRB Crime in India 2023, Vol. I (PDF, SHA-256 553ac8b2eadfe9e2…, copy retrieved via https://data.opencity.in/dataset/crime-in-india-2023) — see data/raw/ncrb/2023/PROVENANCE.md."
2023,2023-01-01,2023-12-31,state,MN,Manipur,pocso_relationship,cases,relationship,total,43.0,cases,NCRB,1,2023-12-31,2026-09-25,Table 4A.10 (PDF p. 424),Crime in India 2023,https://ncrb.gov.in/en/crime-india,"Extracted from NCRB Crime in India 2023, Vol. I (PDF, SHA-256 553ac8b2eadfe9e2…, copy retrieved via https://data.opencity.in/dataset/crime-in-india-2023) — see data/raw/ncrb/2023/PROVENANCE.md."
2023,2023-01-01,2023-12-31,state,MN,Manipur,pocso_relationship,cases,relationship,unknown,1.0,cases,NCRB,1,2023-12-31,2026-09-25,Table 4A.10 (PDF p. 424),Crime in India 2023,https://ncrb.gov.in/en/crime-india,"Extracted from NCRB Crime in India 2023, Vol. I (PDF, SHA-256 553ac8b2eadfe9e2…, copy retrieved via https://data.opencity.in/dataset/crime-in-india-2023) — see data/raw/ncrb/2023/PROVENANCE.md."
2024,2024-01-01,2024-12-31,state,MN,Manipur,pocso_relationship,cases,relationship,family_friends_neighbours_known,27.0,cases,NCRB,1,2024-12-31,2026-09-25,Table 4A.10 (PDF p. 527),Crime in India 2024,https://ncrb.gov.in/en/crime-india,"Extracted from NCRB Crime in India 2024, Vol. I (PDF, SHA-256 75b827bdcfcd5e64…, copy retrieved via https://data.opencity.in/dataset/crime-in-india-2024) — see data/raw/ncrb/2024/PROVENANCE.md."
2024,2024-01-01,2024-12-31,state,MN,Manipur,pocso_relationship,cases,relationship,family_members,9.0,cases,NCRB,1,2024-12-31,2026-09-25,Table 4A.10 (PDF p. 527),Crime in India 2024,https://ncrb.gov.in/en/crime-india,"Extracted from NCRB Crime in India 2024, Vol. I (PDF, SHA-256 75b827bdcfcd5e64…, copy retrieved via https://data.opencity.in/dataset/crime-in-india-2024) — see data/raw/ncrb/2024/PROVENANCE.md."
2024,2024-01-01,2024-12-31,state,MN,Manipur,pocso_relationship,cases,relationship,friends_online_partners,10.0,cases,NCRB,1,2024-12-31,2026-09-25,Table 4A.10 (PDF p. 527),Crime in India 2024,https://ncrb.gov.in/en/crime-india,"Extracted from NCRB Crime in India 2024, Vol. I (PDF, SHA-256 75b827bdcfcd5e64…, copy retrieved via https://data.opencity.in/dataset/crime-in-india-2024) — see data/raw/ncrb/2024/PROVENANCE.md."
2024,2024-01-01,2024-12-31,state,MN,Manipur,pocso_relationship,cases,relationship,known_total,46.0,cases,NCRB,1,2024-12-31,2026-09-25,Table 4A.10 (PDF p. 527),Crime in India 2024,https://ncrb.gov.in/en/crime-india,"Extracted from NCRB Crime in India 2024, Vol. I (PDF, SHA-256 75b827bdcfcd5e64…, copy retrieved via https://data.opencity.in/dataset/crime-in-india-2024) — see data/raw/ncrb/2024/PROVENANCE.md."
2024,2024-01-01,2024-12-31,state,MN,Manipur,pocso_relationship,cases,relationship,total,50.0,cases,NCRB,1,2024-12-31,2026-09-25,Table 4A.10 (PDF p. 527),Crime in India 2024,https://ncrb.gov.in/en/crime-india,"Extracted from NCRB Crime in India 2024, Vol. I (PDF, SHA-256 75b827bdcfcd5e64…, copy retrieved via https://data.opencity.in/dataset/crime-in-india-2024) — see data/raw/ncrb/2024/PROVENANCE.md."
2024,2024-01-01,2024-12-31,state,MN,Manipur,pocso_relationship,cases,relationship,unknown,4.0,cases,NCRB,1,2024-12-31,2026-09-25,Table 4A.10 (PDF p. 527),Crime in India 2024,https://ncrb.gov.in/en/crime-india,"Extracted from NCRB Crime in India 2024, Vol. I (PDF, SHA-256 75b827bdcfcd5e64…, copy retrieved via https://data.opencity.in/dataset/crime-in-india-2024) — see data/raw/ncrb/2024/PROVENANCE.md."
2022,2022-01-01,2022-12-31,state,MP,Madhya Pradesh,pocso_relationship,cases,relationship,family_friends_neighbours_known,1383.0,cases,NCRB,1,2022-12-31,2026-09-25,Table 4A.10 (PDF p. 424),Crime in India 2022,https://ncrb.gov.in/en/crime-india,"Extracted from NCRB Crime in India 2022, Vol. I (PDF, SHA-256 7c5ee3128b0b6bc7…, copy retrieved via https://data.opencity.in/dataset/crime-in-india-2022) — see data/raw/ncrb/2022/PROVENANCE.md."
2022,2022-01-01,2022-12-31,state,MP,Madhya Pradesh,pocso_relationship,cases,relationship,family_members,230.0,cases,NCRB,1,2022-12-31,2026-09-25,Table 4A.10 (PDF p. 424),Crime in India 2022,https://ncrb.gov.in/en/crime-india,"Extracted from NCRB Crime in India 2022, Vol. I (PDF, SHA-256 7c5ee3128b0b6bc7…, copy retrieved via https://data.opencity.in/dataset/crime-in-india-2022) — see data/raw/ncrb/2022/PROVENANCE.md."
2022,2022-01-01,2022-12-31,state,MP,Madhya Pradesh,pocso_relationship,cases,relationship,friends_online_partners,2005.0,cases,NCRB,1,2022-12-31,2026-09-25,Table 4A.10 (PDF p. 424),Crime in India 2022,https://ncrb.gov.in/en/crime-india,"Extracted from NCRB Crime in India 2022, Vol. I (PDF, SHA-256 7c5ee3128b0b6bc7…, copy retrieved via https://data.opencity.in/dataset/crime-in-india-2022) — see data/raw/ncrb/2022/PROVENANCE.md."
2022,2022-01-01,2022-12-31,state,MP,Madhya Pradesh,pocso_relationship,cases,relationship,known_total,3618.0,cases,NCRB,1,2022-12-31,2026-09-25,Table 4A.10 (PDF p. 424),Crime in India 2022,https://ncrb.gov.in/en/crime-india,"Extracted from NCRB Crime in India 2022, Vol. I (PDF, SHA-256 7c5ee3128b0b6bc7…, copy retrieved via https://data.opencity.in/dataset/crime-in-india-2022) — see data/raw/ncrb/2022/PROVENANCE.md."
2022,2022-01-01,2022-12-31,state,MP,Madhya Pradesh,pocso_relationship,cases,relationship,total,3646.0,cases,NCRB,1,2022-12-31,2026-09-25,Table 4A.10 (PDF p. 424),Crime in India 2022,https://ncrb.gov.in/en/crime-india,"Extracted from NCRB Crime in India 2022, Vol. I (PDF, SHA-256 7c5ee3128b0b6bc7…, copy retrieved via https://data.opencity.in/dataset/crime-in-india-2022) — see data/raw/ncrb/2022/PROVENANCE.md."
2022,2022-01-01,2022-12-31,state,MP,Madhya Pradesh,pocso_relationship,cases,relationship,unknown,28.0,cases,NCRB,1,2022-12-31,2026-09-25,Table 4A.10 (PDF p. 424),Crime in India 2022,https://ncrb.gov.in/en/crime-india,"Extracted from NCRB Crime in India 2022, Vol. I (PDF, SHA-256 7c5ee3128b0b6bc7…, copy retrieved via https://data.opencity.in/dataset/crime-in-india-2022) — see data/raw/ncrb/2022/PROVENANCE.md."
2023,2023-01-01,2023-12-31,state,MP,Madhya Pradesh,pocso_relationship,cases,relationship,family_friends_neighbours_known,1267.0,cases,NCRB,1,2023-12-31,2026-09-25,Table 4A.10 (PDF p. 424),Crime in India 2023,https://ncrb.gov.in/en/crime-india,"Extracted from NCRB Crime in India 2023, Vol. I (PDF, SHA-256 553ac8b2eadfe9e2…, copy retrieved via https://data.opencity.in/dataset/crime-in-india-2023) — see data/raw/ncrb/2023/PROVENANCE.md."
2023,2023-01-01,2023-12-31,state,MP,Madhya Pradesh,pocso_relationship,cases,relationship,family_members,239.0,cases,NCRB,1,2023-12-31,2026-09-25,Table 4A.10 (PDF p. 424),Crime in India 2023,https://ncrb.gov.in/en/crime-india,"Extracted from NCRB Crime in India 2023, Vol. I (PDF, SHA-256 553ac8b2eadfe9e2…, copy retrieved via https://data.opencity.in/dataset/crime-in-india-2023) — see data/raw/ncrb/2023/PROVENANCE.md."
2023,2023-01-01,2023-12-31,state,MP,Madhya Pradesh,pocso_relationship,cases,relationship,friends_online_partners,2250.0,cases,NCRB,1,2023-12-31,2026-09-25,Table 4A.10 (PDF p. 424),Crime in India 2023,https://ncrb.gov.in/en/crime-india,"Extracted from NCRB Crime in India 2023, Vol. I (PDF, SHA-256 553ac8b2eadfe9e2…, copy retrieved via https://data.opencity.in/dataset/crime-in-india-2023) — see data/raw/ncrb/2023/PROVENANCE.md."
2023,2023-01-01,2023-12-31,state,MP,Madhya Pradesh,pocso_relationship,cases,relationship,known_total,3756.0,cases,NCRB,1,2023-12-31,2026-09-25,Table 4A.10 (PDF p. 424),Crime in India 2023,https://ncrb.gov.in/en/crime-india,"Extracted from NCRB Crime in India 2023, Vol. I (PDF, SHA-256 553ac8b2eadfe9e2…, copy retrieved via https://data.opencity.in/dataset/crime-in-india-2023) — see data/raw/ncrb/2023/PROVENANCE.md."
2023,2023-01-01,2023-12-31,state,MP,Madhya Pradesh,pocso_relationship,cases,relationship,total,3866.0,cases,NCRB,1,2023-12-31,2026-09-25,Table 4A.10 (PDF p. 424),Crime in India 2023,https://ncrb.gov.in/en/crime-india,"Extracted from NCRB Crime in India 2023, Vol. I (PDF, SHA-256 553ac8b2eadfe9e2…, copy retrieved via https://data.opencity.in/dataset/crime-in-india-2023) — see data/raw/ncrb/2023/PROVENANCE.md."
2023,2023-01-01,2023-12-31,state,MP,Madhya Pradesh,pocso_relationship,cases,relationship,unknown,110.0,cases,NCRB,1,2023-12-31,2026-09-25,Table 4A.10 (PDF p. 424),Crime in India 2023,https://ncrb.gov.in/en/crime-india,"Extracted from NCRB Crime in India 2023, Vol. I (PDF, SHA-256 553ac8b2eadfe9e2…, copy retrieved via https://data.opencity.in/dataset/crime-in-india-2023) — see data/raw/ncrb/2023/PROVENANCE.md."
2024,2024-01-01,2024-12-31,state,MP,Madhya Pradesh,pocso_relationship,cases,relationship,family_friends_neighbours_known,1293.0,cases,NCRB,1,2024-12-31,2026-09-25,Table 4A.10 (PDF p. 527),Crime in India 2024,https://ncrb.gov.in/en/crime-india,"Extracted from NCRB Crime in India 2024, Vol. I (PDF, SHA-256 75b827bdcfcd5e64…, copy retrieved via https://data.opencity.in/dataset/crime-in-india-2024) — see data/raw/ncrb/2024/PROVENANCE.md."
2024,2024-01-01,2024-12-31,state,MP,Madhya Pradesh,pocso_relationship,cases,relationship,family_members,259.0,cases,NCRB,1,2024-12-31,2026-09-25,Table 4A.10 (PDF p. 527),Crime in India 2024,https://ncrb.gov.in/en/crime-india,"Extracted from NCRB Crime in India 2024, Vol. I (PDF, SHA-256 75b827bdcfcd5e64…, copy retrieved via https://data.opencity.in/dataset/crime-in-india-2024) — see data/raw/ncrb/2024/PROVENANCE.md."
2024,2024-01-01,2024-12-31,state,MP,Madhya Pradesh,pocso_relationship,cases,relationship,friends_online_partners,2018.0,cases,NCRB,1,2024-12-31,2026-09-25,Table 4A.10 (PDF p. 527),Crime in India 2024,https://ncrb.gov.in/en/crime-india,"Extracted from NCRB Crime in India 2024, Vol. I (PDF, SHA-256 75b827bdcfcd5e64…, copy retrieved via https://data.opencity.in/dataset/crime-in-india-2024) — see data/raw/ncrb/2024/PROVENANCE.md."
2024,2024-01-01,2024-12-31,state,MP,Madhya Pradesh,pocso_relationship,cases,relationship,known_total,3570.0,cases,NCRB,1,2024-12-31,2026-09-25,Table 4A.10 (PDF p. 527),Crime in India 2024,https://ncrb.gov.in/en/crime-india,"Extracted from NCRB Crime in India 2024, Vol. I (PDF, SHA-256 75b827bdcfcd5e64…, copy retrieved via https://data.opencity.in/dataset/crime-in-india-2024) — see data/raw/ncrb/2024/PROVENANCE.md."
2024,2024-01-01,2024-12-31,state,MP,Madhya Pradesh,pocso_relationship,cases,relationship,total,3721.0,cases,NCRB,1,2024-12-31,2026-09-25,Table 4A.10 (PDF p. 527),Crime in India 2024,https://ncrb.gov.in/en/crime-india,"Extracted from NCRB Crime in India 2024, Vol. I (PDF, SHA-256 75b827bdcfcd5e64…, copy retrieved via https://data.opencity.in/dataset/crime-in-india-2024) — see data/raw/ncrb/2024/PROVENANCE.md."
2024,2024-01-01,2024-12-31,state,MP,Madhya Pradesh,pocso_relationship,cases,relationship,unknown,151.0,cases,NCRB,1,2024-12-31,2026-09-25,Table 4A.10 (PDF p. 527),Crime in India 2024,https://ncrb.gov.in/en/crime-india,"Extracted from NCRB Crime in India 2024, Vol. I (PDF, SHA-256 75b827bdcfcd5e64…, copy retrieved via https://data.opencity.in/dataset/crime-in-india-2024) — see data/raw/ncrb/2024/PROVENANCE.md."
2022,2022-01-01,2022-12-31,state,MZ,Mizoram,pocso_relationship,cases,relationship,family_friends_neighbours_known,38.0,cases,NCRB,1,2022-12-31,2026-09-25,Table 4A.10 (PDF p. 424),Crime in India 2022,https://ncrb.gov.in/en/crime-india,"Extracted from NCRB Crime in India 2022, Vol. I (PDF, SHA-256 7c5ee3128b0b6bc7…, copy retrieved via https://data.opencity.in/dataset/crime-in-india-2022) — see data/raw/ncrb/2022/PROVENANCE.md."
2022,2022-01-01,2022-12-31,state,MZ,Mizoram,pocso_relationship,cases,relationship,family_members,20.0,cases,NCRB,1,2022-12-31,2026-09-25,Table 4A.10 (PDF p. 424),Crime in India 2022,https://ncrb.gov.in/en/crime-india,"Extracted from NCRB Crime in India 2022, Vol. I (PDF, SHA-256 7c5ee3128b0b6bc7…, copy retrieved via https://data.opencity.in/dataset/crime-in-india-2022) — see data/raw/ncrb/2022/PROVENANCE.md."
2022,2022-01-01,2022-12-31,state,MZ,Mizoram,pocso_relationship,cases,relationship,friends_online_partners,4.0,cases,NCRB,1,2022-12-31,2026-09-25,Table 4A.10 (PDF p. 424),Crime in India 2022,https://ncrb.gov.in/en/crime-india,"Extracted from NCRB Crime in India 2022, Vol. I (PDF, SHA-256 7c5ee3128b0b6bc7…, copy retrieved via https://data.opencity.in/dataset/crime-in-india-2022) — see data/raw/ncrb/2022/PROVENANCE.md."
2022,2022-01-01,2022-12-31,state,MZ,Mizoram,pocso_relationship,cases,relationship,known_total,62.0,cases,NCRB,1,2022-12-31,2026-09-25,Table 4A.10 (PDF p. 424),Crime in India 2022,https://ncrb.gov.in/en/crime-india,"Extracted from NCRB Crime in India 2022, Vol. I (PDF, SHA-256 7c5ee3128b0b6bc7…, copy retrieved via https://data.opencity.in/dataset/crime-in-india-2022) — see data/raw/ncrb/2022/PROVENANCE.md."
2022,2022-01-01,2022-12-31,state,MZ,Mizoram,pocso_relationship,cases,relationship,total,63.0,cases,NCRB,1,2022-12-31,2026-09-25,Table 4A.10 (PDF p. 424),Crime in India 2022,https://ncrb.gov.in/en/crime-india,"Extracted from NCRB Crime in India 2022, Vol. I (PDF, SHA-256 7c5ee3128b0b6bc7…, copy retrieved via https://data.opencity.in/dataset/crime-in-india-2022) — see data/raw/ncrb/2022/PROVENANCE.md."
2022,2022-01-01,2022-12-31,state,MZ,Mizoram,pocso_relationship,cases,relationship,unknown,1.0,cases,NCRB,1,2022-12-31,2026-09-25,Table 4A.10 (PDF p. 424),Crime in India 2022,https://ncrb.gov.in/en/crime-india,"Extracted from NCRB Crime in India 2022, Vol. I (PDF, SHA-256 7c5ee3128b0b6bc7…, copy retrieved via https://data.opencity.in/dataset/crime-in-india-2022) — see data/raw/ncrb/2022/PROVENANCE.md."
2023,2023-01-01,2023-12-31,state,MZ,Mizoram,pocso_relationship,cases,relationship,family_friends_neighbours_known,51.0,cases,NCRB,1,2023-12-31,2026-09-25,Table 4A.10 (PDF p. 424),Crime in India 2023,https://ncrb.gov.in/en/crime-india,"Extracted from NCRB Crime in India 2023, Vol. I (PDF, SHA-256 553ac8b2eadfe9e2…, copy retrieved via https://data.opencity.in/dataset/crime-in-india-2023) — see data/raw/ncrb/2023/PROVENANCE.md."
2023,2023-01-01,2023-12-31,state,MZ,Mizoram,pocso_relationship,cases,relationship,family_members,20.0,cases,NCRB,1,2023-12-31,2026-09-25,Table 4A.10 (PDF p. 424),Crime in India 2023,https://ncrb.gov.in/en/crime-india,"Extracted from NCRB Crime in India 2023, Vol. I (PDF, SHA-256 553ac8b2eadfe9e2…, copy retrieved via https://data.opencity.in/dataset/crime-in-india-2023) — see data/raw/ncrb/2023/PROVENANCE.md."
2023,2023-01-01,2023-12-31,state,MZ,Mizoram,pocso_relationship,cases,relationship,friends_online_partners,4.0,cases,NCRB,1,2023-12-31,2026-09-25,Table 4A.10 (PDF p. 424),Crime in India 2023,https://ncrb.gov.in/en/crime-india,"Extracted from NCRB Crime in India 2023, Vol. I (PDF, SHA-256 553ac8b2eadfe9e2…, copy retrieved via https://data.opencity.in/dataset/crime-in-india-2023) — see data/raw/ncrb/2023/PROVENANCE.md."
2023,2023-01-01,2023-12-31,state,MZ,Mizoram,pocso_relationship,cases,relationship,known_total,75.0,cases,NCRB,1,2023-12-31,2026-09-25,Table 4A.10 (PDF p. 424),Crime in India 2023,https://ncrb.gov.in/en/crime-india,"Extracted from NCRB Crime in India 2023, Vol. I (PDF, SHA-256 553ac8b2eadfe9e2…, copy retrieved via https://data.opencity.in/dataset/crime-in-india-2023) — see data/raw/ncrb/2023/PROVENANCE.md."
2023,2023-01-01,2023-12-31,state,MZ,Mizoram,pocso_relationship,cases,relationship,total,75.0,cases,NCRB,1,2023-12-31,2026-09-25,Table 4A.10 (PDF p. 424),Crime in India 2023,https://ncrb.gov.in/en/crime-india,"Extracted from NCRB Crime in India 2023, Vol. I (PDF, SHA-256 553ac8b2eadfe9e2…, copy retrieved via https://data.opencity.in/dataset/crime-in-india-2023) — see data/raw/ncrb/2023/PROVENANCE.md."
2023,2023-01-01,2023-12-31,state,MZ,Mizoram,pocso_relationship,cases,relationship,unknown,0.0,cases,NCRB,1,2023-12-31,2026-09-25,Table 4A.10 (PDF p. 424),Crime in India 2023,https://ncrb.gov.in/en/crime-india,"Extracted from NCRB Crime in India 2023, Vol. I (PDF, SHA-256 553ac8b2eadfe9e2…, copy retrieved via https://data.opencity.in/dataset/crime-in-india-2023) — see data/raw/ncrb/2023/PROVENANCE.md."
2024,2024-01-01,2024-12-31,state,MZ,Mizoram,pocso_relationship,cases,relationship,family_friends_neighbours_known,55.0,cases,NCRB,1,2024-12-31,2026-09-25,Table 4A.10 (PDF p. 527),Crime in India 2024,https://ncrb.gov.in/en/crime-india,"Extracted from NCRB Crime in India 2024, Vol. I (PDF, SHA-256 75b827bdcfcd5e64…, copy retrieved via https://data.opencity.in/dataset/crime-in-india-2024) — see data/raw/ncrb/2024/PROVENANCE.md."
2024,2024-01-01,2024-12-31,state,MZ,Mizoram,pocso_relationship,cases,relationship,family_members,21.0,cases,NCRB,1,2024-12-31,2026-09-25,Table 4A.10 (PDF p. 527),Crime in India 2024,https://ncrb.gov.in/en/crime-india,"Extracted from NCRB Crime in India 2024, Vol. I (PDF, SHA-256 75b827bdcfcd5e64…, copy retrieved via https://data.opencity.in/dataset/crime-in-india-2024) — see data/raw/ncrb/2024/PROVENANCE.md."
2024,2024-01-01,2024-12-31,state,MZ,Mizoram,pocso_relationship,cases,relationship,friends_online_partners,21.0,cases,NCRB,1,2024-12-31,2026-09-25,Table 4A.10 (PDF p. 527),Crime in India 2024,https://ncrb.gov.in/en/crime-india,"Extracted from NCRB Crime in India 2024, Vol. I (PDF, SHA-256 75b827bdcfcd5e64…, copy retrieved via https://data.opencity.in/dataset/crime-in-india-2024) — see data/raw/ncrb/2024/PROVENANCE.md."
2024,2024-01-01,2024-12-31,state,MZ,Mizoram,pocso_relationship,cases,relationship,known_total,97.0,cases,NCRB,1,2024-12-31,2026-09-25,Table 4A.10 (PDF p. 527),Crime in India 2024,https://ncrb.gov.in/en/crime-india,"Extracted from NCRB Crime in India 2024, Vol. I (PDF, SHA-256 75b827bdcfcd5e64…, copy retrieved via https://data.opencity.in/dataset/crime-in-india-2024) — see data/raw/ncrb/2024/PROVENANCE.md."
2024,2024-01-01,2024-12-31,state,MZ,Mizoram,pocso_relationship,cases,relationship,total,103.0,cases,NCRB,1,2024-12-31,2026-09-25,Table 4A.10 (PDF p. 527),Crime in India 2024,https://ncrb.gov.in/en/crime-india,"Extracted from NCRB Crime in India 2024, Vol. I (PDF, SHA-256 75b827bdcfcd5e64…, copy retrieved via https://data.opencity.in/dataset/crime-in-india-2024) — see data/raw/ncrb/2024/PROVENANCE.md."
2024,2024-01-01,2024-12-31,state,MZ,Mizoram,pocso_relationship,cases,relationship,unknown,6.0,cases,NCRB,1,2024-12-31,2026-09-25,Table 4A.10 (PDF p. 527),Crime in India 2024,https://ncrb.gov.in/en/crime-india,"Extracted from NCRB Crime in India 2024, Vol. I (PDF, SHA-256 75b827bdcfcd5e64…, copy retrieved via https://data.opencity.in/dataset/crime-in-india-2024) — see data/raw/ncrb/2024/PROVENANCE.md."
2022,2022-01-01,2022-12-31,state,NL,Nagaland,pocso_relationship,cases,relationship,family_friends_neighbours_known,9.0,cases,NCRB,1,2022-12-31,2026-09-25,Table 4A.10 (PDF p. 424),Crime in India 2022,https://ncrb.gov.in/en/crime-india,"Extracted from NCRB Crime in India 2022, Vol. I (PDF, SHA-256 7c5ee3128b0b6bc7…, copy retrieved via https://data.opencity.in/dataset/crime-in-india-2022) — see data/raw/ncrb/2022/PROVENANCE.md."
2022,2022-01-01,2022-12-31,state,NL,Nagaland,pocso_relationship,cases,relationship,family_members,4.0,cases,NCRB,1,2022-12-31,2026-09-25,Table 4A.10 (PDF p. 424),Crime in India 2022,https://ncrb.gov.in/en/crime-india,"Extracted from NCRB Crime in India 2022, Vol. I (PDF, SHA-256 7c5ee3128b0b6bc7…, copy retrieved via https://data.opencity.in/dataset/crime-in-india-2022) — see data/raw/ncrb/2022/PROVENANCE.md."
2022,2022-01-01,2022-12-31,state,NL,Nagaland,pocso_relationship,cases,relationship,friends_online_partners,3.0,cases,NCRB,1,2022-12-31,2026-09-25,Table 4A.10 (PDF p. 424),Crime in India 2022,https://ncrb.gov.in/en/crime-india,"Extracted from NCRB Crime in India 2022, Vol. I (PDF, SHA-256 7c5ee3128b0b6bc7…, copy retrieved via https://data.opencity.in/dataset/crime-in-india-2022) — see data/raw/ncrb/2022/PROVENANCE.md."
2022,2022-01-01,2022-12-31,state,NL,Nagaland,pocso_relationship,cases,relationship,known_total,16.0,cases,NCRB,1,2022-12-31,2026-09-25,Table 4A.10 (PDF p. 424),Crime in India 2022,https://ncrb.gov.in/en/crime-india,"Extracted from NCRB Crime in India 2022, Vol. I (PDF, SHA-256 7c5ee3128b0b6bc7…, copy retrieved via https://data.opencity.in/dataset/crime-in-india-2022) — see data/raw/ncrb/2022/PROVENANCE.md."
2022,2022-01-01,2022-12-31,state,NL,Nagaland,pocso_relationship,cases,relationship,total,21.0,cases,NCRB,1,2022-12-31,2026-09-25,Table 4A.10 (PDF p. 424),Crime in India 2022,https://ncrb.gov.in/en/crime-india,"Extracted from NCRB Crime in India 2022, Vol. I (PDF, SHA-256 7c5ee3128b0b6bc7…, copy retrieved via https://data.opencity.in/dataset/crime-in-india-2022) — see data/raw/ncrb/2022/PROVENANCE.md."
2022,2022-01-01,2022-12-31,state,NL,Nagaland,pocso_relationship,cases,relationship,unknown,5.0,cases,NCRB,1,2022-12-31,2026-09-25,Table 4A.10 (PDF p. 424),Crime in India 2022,https://ncrb.gov.in/en/crime-india,"Extracted from NCRB Crime in India 2022, Vol. I (PDF, SHA-256 7c5ee3128b0b6bc7…, copy retrieved via https://data.opencity.in/dataset/crime-in-india-2022) — see data/raw/ncrb/2022/PROVENANCE.md."
2023,2023-01-01,2023-12-31,state,NL,Nagaland,pocso_relationship,cases,relationship,family_friends_neighbours_known,4.0,cases,NCRB,1,2023-12-31,2026-09-25,Table 4A.10 (PDF p. 424),Crime in India 2023,https://ncrb.gov.in/en/crime-india,"Extracted from NCRB Crime in India 2023, Vol. I (PDF, SHA-256 553ac8b2eadfe9e2…, copy retrieved via https://data.opencity.in/dataset/crime-in-india-2023) — see data/raw/ncrb/2023/PROVENANCE.md."
2023,2023-01-01,2023-12-31,state,NL,Nagaland,pocso_relationship,cases,relationship,family_members,1.0,cases,NCRB,1,2023-12-31,2026-09-25,Table 4A.10 (PDF p. 424),Crime in India 2023,https://ncrb.gov.in/en/crime-india,"Extracted from NCRB Crime in India 2023, Vol. I (PDF, SHA-256 553ac8b2eadfe9e2…, copy retrieved via https://data.opencity.in/dataset/crime-in-india-2023) — see data/raw/ncrb/2023/PROVENANCE.md."
2023,2023-01-01,2023-12-31,state,NL,Nagaland,pocso_relationship,cases,relationship,friends_online_partners,1.0,cases,NCRB,1,2023-12-31,2026-09-25,Table 4A.10 (PDF p. 424),Crime in India 2023,https://ncrb.gov.in/en/crime-india,"Extracted from NCRB Crime in India 2023, Vol. I (PDF, SHA-256 553ac8b2eadfe9e2…, copy retrieved via https://data.opencity.in/dataset/crime-in-india-2023) — see data/raw/ncrb/2023/PROVENANCE.md."
2023,2023-01-01,2023-12-31,state,NL,Nagaland,pocso_relationship,cases,relationship,known_total,6.0,cases,NCRB,1,2023-12-31,2026-09-25,Table 4A.10 (PDF p. 424),Crime in India 2023,https://ncrb.gov.in/en/crime-india,"Extracted from NCRB Crime in India 2023, Vol. I (PDF, SHA-256 553ac8b2eadfe9e2…, copy retrieved via https://data.opencity.in/dataset/crime-in-india-2023) — see data/raw/ncrb/2023/PROVENANCE.md."
2023,2023-01-01,2023-12-31,state,NL,Nagaland,pocso_relationship,cases,relationship,total,7.0,cases,NCRB,1,2023-12-31,2026-09-25,Table 4A.10 (PDF p. 424),Crime in India 2023,https://ncrb.gov.in/en/crime-india,"Extracted from NCRB Crime in India 2023, Vol. I (PDF, SHA-256 553ac8b2eadfe9e2…, copy retrieved via https://data.opencity.in/dataset/crime-in-india-2023) — see data/raw/ncrb/2023/PROVENANCE.md."
2023,2023-01-01,2023-12-31,state,NL,Nagaland,pocso_relationship,cases,relationship,unknown,1.0,cases,NCRB,1,2023-12-31,2026-09-25,Table 4A.10 (PDF p. 424),Crime in India 2023,https://ncrb.gov.in/en/crime-india,"Extracted from NCRB Crime in India 2023, Vol. I (PDF, SHA-256 553ac8b2eadfe9e2…, copy retrieved via https://data.opencity.in/dataset/crime-in-india-2023) — see data/raw/ncrb/2023/PROVENANCE.md."
2024,2024-01-01,2024-12-31,state,NL,Nagaland,pocso_relationship,cases,relationship,family_friends_neighbours_known,7.0,cases,NCRB,1,2024-12-31,2026-09-25,Table 4A.10 (PDF p. 527),Crime in India 2024,https://ncrb.gov.in/en/crime-india,"Extracted from NCRB Crime in India 2024, Vol. I (PDF, SHA-256 75b827bdcfcd5e64…, copy retrieved via https://data.opencity.in/dataset/crime-in-india-2024) — see data/raw/ncrb/2024/PROVENANCE.md."
2024,2024-01-01,2024-12-31,state,NL,Nagaland,pocso_relationship,cases,relationship,family_members,2.0,cases,NCRB,1,2024-12-31,2026-09-25,Table 4A.10 (PDF p. 527),Crime in India 2024,https://ncrb.gov.in/en/crime-india,"Extracted from NCRB Crime in India 2024, Vol. I (PDF, SHA-256 75b827bdcfcd5e64…, copy retrieved via https://data.opencity.in/dataset/crime-in-india-2024) — see data/raw/ncrb/2024/PROVENANCE.md."
2024,2024-01-01,2024-12-31,state,NL,Nagaland,pocso_relationship,cases,relationship,friends_online_partners,3.0,cases,NCRB,1,2024-12-31,2026-09-25,Table 4A.10 (PDF p. 527),Crime in India 2024,https://ncrb.gov.in/en/crime-india,"Extracted from NCRB Crime in India 2024, Vol. I (PDF, SHA-256 75b827bdcfcd5e64…, copy retrieved via https://data.opencity.in/dataset/crime-in-india-2024) — see data/raw/ncrb/2024/PROVENANCE.md."
2024,2024-01-01,2024-12-31,state,NL,Nagaland,pocso_relationship,cases,relationship,known_total,12.0,cases,NCRB,1,2024-12-31,2026-09-25,Table 4A.10 (PDF p. 527),Crime in India 2024,https://ncrb.gov.in/en/crime-india,"Extracted from NCRB Crime in India 2024, Vol. I (PDF, SHA-256 75b827bdcfcd5e64…, copy retrieved via https://data.opencity.in/dataset/crime-in-india-2024) — see data/raw/ncrb/2024/PROVENANCE.md."
2024,2024-01-01,2024-12-31,state,NL,Nagaland,pocso_relationship,cases,relationship,total,12.0,cases,NCRB,1,2024-12-31,2026-09-25,Table 4A.10 (PDF p. 527),Crime in India 2024,https://ncrb.gov.in/en/crime-india,"Extracted from NCRB Crime in India 2024, Vol. I (PDF, SHA-256 75b827bdcfcd5e64…, copy retrieved via https://data.opencity.in/dataset/crime-in-india-2024) — see data/raw/ncrb/2024/PROVENANCE.md."
2024,2024-01-01,2024-12-31,state,NL,Nagaland,pocso_relationship,cases,relationship,unknown,0.0,cases,NCRB,1,2024-12-31,2026-09-25,Table 4A.10 (PDF p. 527),Crime in India 2024,https://ncrb.gov.in/en/crime-india,"Extracted from NCRB Crime in India 2024, Vol. I (PDF, SHA-256 75b827bdcfcd5e64…, copy retrieved via https://data.opencity.in/dataset/crime-in-india-2024) — see data/raw/ncrb/2024/PROVENANCE.md."
2022,2022-01-01,2022-12-31,state,OR,Odisha,pocso_relationship,cases,relationship,family_friends_neighbours_known,32.0,cases,NCRB,1,2022-12-31,2026-09-25,Table 4A.10 (PDF p. 424),Crime in India 2022,https://ncrb.gov.in/en/crime-india,"Extracted from NCRB Crime in India 2022, Vol. I (PDF, SHA-256 7c5ee3128b0b6bc7…, copy retrieved via https://data.opencity.in/dataset/crime-in-india-2022) — see data/raw/ncrb/2022/PROVENANCE.md."
2022,2022-01-01,2022-12-31,state,OR,Odisha,pocso_relationship,cases,relationship,family_members,0.0,cases,NCRB,1,2022-12-31,2026-09-25,Table 4A.10 (PDF p. 424),Crime in India 2022,https://ncrb.gov.in/en/crime-india,"Extracted from NCRB Crime in India 2022, Vol. I (PDF, SHA-256 7c5ee3128b0b6bc7…, copy retrieved via https://data.opencity.in/dataset/crime-in-india-2022) — see data/raw/ncrb/2022/PROVENANCE.md."
2022,2022-01-01,2022-12-31,state,OR,Odisha,pocso_relationship,cases,relationship,friends_online_partners,1616.0,cases,NCRB,1,2022-12-31,2026-09-25,Table 4A.10 (PDF p. 424),Crime in India 2022,https://ncrb.gov.in/en/crime-india,"Extracted from NCRB Crime in India 2022, Vol. I (PDF, SHA-256 7c5ee3128b0b6bc7…, copy retrieved via https://data.opencity.in/dataset/crime-in-india-2022) — see data/raw/ncrb/2022/PROVENANCE.md."
2022,2022-01-01,2022-12-31,state,OR,Odisha,pocso_relationship,cases,relationship,known_total,1648.0,cases,NCRB,1,2022-12-31,2026-09-25,Table 4A.10 (PDF p. 424),Crime in India 2022,https://ncrb.gov.in/en/crime-india,"Extracted from NCRB Crime in India 2022, Vol. I (PDF, SHA-256 7c5ee3128b0b6bc7…, copy retrieved via https://data.opencity.in/dataset/crime-in-india-2022) — see data/raw/ncrb/2022/PROVENANCE.md."
2022,2022-01-01,2022-12-31,state,OR,Odisha,pocso_relationship,cases,relationship,total,1720.0,cases,NCRB,1,2022-12-31,2026-09-25,Table 4A.10 (PDF p. 424),Crime in India 2022,https://ncrb.gov.in/en/crime-india,"Extracted from NCRB Crime in India 2022, Vol. I (PDF, SHA-256 7c5ee3128b0b6bc7…, copy retrieved via https://data.opencity.in/dataset/crime-in-india-2022) — see data/raw/ncrb/2022/PROVENANCE.md."
2022,2022-01-01,2022-12-31,state,OR,Odisha,pocso_relationship,cases,relationship,unknown,72.0,cases,NCRB,1,2022-12-31,2026-09-25,Table 4A.10 (PDF p. 424),Crime in India 2022,https://ncrb.gov.in/en/crime-india,"Extracted from NCRB Crime in India 2022, Vol. I (PDF, SHA-256 7c5ee3128b0b6bc7…, copy retrieved via https://data.opencity.in/dataset/crime-in-india-2022) — see data/raw/ncrb/2022/PROVENANCE.md."
2023,2023-01-01,2023-12-31,state,OR,Odisha,pocso_relationship,cases,relationship,family_friends_neighbours_known,1222.0,cases,NCRB,1,2023-12-31,2026-09-25,Table 4A.10 (PDF p. 424),Crime in India 2023,https://ncrb.gov.in/en/crime-india,"Extracted from NCRB Crime in India 2023, Vol. I (PDF, SHA-256 553ac8b2eadfe9e2…, copy retrieved via https://data.opencity.in/dataset/crime-in-india-2023) — see data/raw/ncrb/2023/PROVENANCE.md."
2023,2023-01-01,2023-12-31,state,OR,Odisha,pocso_relationship,cases,relationship,family_members,0.0,cases,NCRB,1,2023-12-31,2026-09-25,Table 4A.10 (PDF p. 424),Crime in India 2023,https://ncrb.gov.in/en/crime-india,"Extracted from NCRB Crime in India 2023, Vol. I (PDF, SHA-256 553ac8b2eadfe9e2…, copy retrieved via https://data.opencity.in/dataset/crime-in-india-2023) — see data/raw/ncrb/2023/PROVENANCE.md."
2023,2023-01-01,2023-12-31,state,OR,Odisha,pocso_relationship,cases,relationship,friends_online_partners,409.0,cases,NCRB,1,2023-12-31,2026-09-25,Table 4A.10 (PDF p. 424),Crime in India 2023,https://ncrb.gov.in/en/crime-india,"Extracted from NCRB Crime in India 2023, Vol. I (PDF, SHA-256 553ac8b2eadfe9e2…, copy retrieved via https://data.opencity.in/dataset/crime-in-india-2023) — see data/raw/ncrb/2023/PROVENANCE.md."
2023,2023-01-01,2023-12-31,state,OR,Odisha,pocso_relationship,cases,relationship,known_total,1631.0,cases,NCRB,1,2023-12-31,2026-09-25,Table 4A.10 (PDF p. 424),Crime in India 2023,https://ncrb.gov.in/en/crime-india,"Extracted from NCRB Crime in India 2023, Vol. I (PDF, SHA-256 553ac8b2eadfe9e2…, copy retrieved via https://data.opencity.in/dataset/crime-in-india-2023) — see data/raw/ncrb/2023/PROVENANCE.md."
2023,2023-01-01,2023-12-31,state,OR,Odisha,pocso_relationship,cases,relationship,total,1631.0,cases,NCRB,1,2023-12-31,2026-09-25,Table 4A.10 (PDF p. 424),Crime in India 2023,https://ncrb.gov.in/en/crime-india,"Extracted from NCRB Crime in India 2023, Vol. I (PDF, SHA-256 553ac8b2eadfe9e2…, copy retrieved via https://data.opencity.in/dataset/crime-in-india-2023) — see data/raw/ncrb/2023/PROVENANCE.md."
2023,2023-01-01,2023-12-31,state,OR,Odisha,pocso_relationship,cases,relationship,unknown,0.0,cases,NCRB,1,2023-12-31,2026-09-25,Table 4A.10 (PDF p. 424),Crime in India 2023,https://ncrb.gov.in/en/crime-india,"Extracted from NCRB Crime in India 2023, Vol. I (PDF, SHA-256 553ac8b2eadfe9e2…, copy retrieved via https://data.opencity.in/dataset/crime-in-india-2023) — see data/raw/ncrb/2023/PROVENANCE.md."
2024,2024-01-01,2024-12-31,state,OR,Odisha,pocso_relationship,cases,relationship,family_friends_neighbours_known,1631.0,cases,NCRB,1,2024-12-31,2026-09-25,Table 4A.10 (PDF p. 527),Crime in India 2024,https://ncrb.gov.in/en/crime-india,"Extracted from NCRB Crime in India 2024, Vol. I (PDF, SHA-256 75b827bdcfcd5e64…, copy retrieved via https://data.opencity.in/dataset/crime-in-india-2024) — see data/raw/ncrb/2024/PROVENANCE.md."
2024,2024-01-01,2024-12-31,state,OR,Odisha,pocso_relationship,cases,relationship,family_members,19.0,cases,NCRB,1,2024-12-31,2026-09-25,Table 4A.10 (PDF p. 527),Crime in India 2024,https://ncrb.gov.in/en/crime-india,"Extracted from NCRB Crime in India 2024, Vol. I (PDF, SHA-256 75b827bdcfcd5e64…, copy retrieved via https://data.opencity.in/dataset/crime-in-india-2024) — see data/raw/ncrb/2024/PROVENANCE.md."
2024,2024-01-01,2024-12-31,state,OR,Odisha,pocso_relationship,cases,relationship,friends_online_partners,19.0,cases,NCRB,1,2024-12-31,2026-09-25,Table 4A.10 (PDF p. 527),Crime in India 2024,https://ncrb.gov.in/en/crime-india,"Extracted from NCRB Crime in India 2024, Vol. I (PDF, SHA-256 75b827bdcfcd5e64…, copy retrieved via https://data.opencity.in/dataset/crime-in-india-2024) — see data/raw/ncrb/2024/PROVENANCE.md."
2024,2024-01-01,2024-12-31,state,OR,Odisha,pocso_relationship,cases,relationship,known_total,1669.0,cases,NCRB,1,2024-12-31,2026-09-25,Table 4A.10 (PDF p. 527),Crime in India 2024,https://ncrb.gov.in/en/crime-india,"Extracted from NCRB Crime in India 2024, Vol. I (PDF, SHA-256 75b827bdcfcd5e64…, copy retrieved via https://data.opencity.in/dataset/crime-in-india-2024) — see data/raw/ncrb/2024/PROVENANCE.md."
2024,2024-01-01,2024-12-31,state,OR,Odisha,pocso_relationship,cases,relationship,total,1786.0,cases,NCRB,1,2024-12-31,2026-09-25,Table 4A.10 (PDF p. 527),Crime in India 2024,https://ncrb.gov.in/en/crime-india,"Extracted from NCRB Crime in India 2024, Vol. I (PDF, SHA-256 75b827bdcfcd5e64…, copy retrieved via https://data.opencity.in/dataset/crime-in-india-2024) — see data/raw/ncrb/2024/PROVENANCE.md."
2024,2024-01-01,2024-12-31,state,OR,Odisha,pocso_relationship,cases,relationship,unknown,117.0,cases,NCRB,1,2024-12-31,2026-09-25,Table 4A.10 (PDF p. 527),Crime in India 2024,https://ncrb.gov.in/en/crime-india,"Extracted from NCRB Crime in India 2024, Vol. I (PDF, SHA-256 75b827bdcfcd5e64…, copy retrieved via https://data.opencity.in/dataset/crime-in-india-2024) — see data/raw/ncrb/2024/PROVENANCE.md."
2022,2022-01-01,2022-12-31,state,PB,Punjab,pocso_relationship,cases,relationship,family_friends_neighbours_known,263.0,cases,NCRB,1,2022-12-31,2026-09-25,Table 4A.10 (PDF p. 424),Crime in India 2022,https://ncrb.gov.in/en/crime-india,"Extracted from NCRB Crime in India 2022, Vol. I (PDF, SHA-256 7c5ee3128b0b6bc7…, copy retrieved via https://data.opencity.in/dataset/crime-in-india-2022) — see data/raw/ncrb/2022/PROVENANCE.md."
2022,2022-01-01,2022-12-31,state,PB,Punjab,pocso_relationship,cases,relationship,family_members,48.0,cases,NCRB,1,2022-12-31,2026-09-25,Table 4A.10 (PDF p. 424),Crime in India 2022,https://ncrb.gov.in/en/crime-india,"Extracted from NCRB Crime in India 2022, Vol. I (PDF, SHA-256 7c5ee3128b0b6bc7…, copy retrieved via https://data.opencity.in/dataset/crime-in-india-2022) — see data/raw/ncrb/2022/PROVENANCE.md."
2022,2022-01-01,2022-12-31,state,PB,Punjab,pocso_relationship,cases,relationship,friends_online_partners,317.0,cases,NCRB,1,2022-12-31,2026-09-25,Table 4A.10 (PDF p. 424),Crime in India 2022,https://ncrb.gov.in/en/crime-india,"Extracted from NCRB Crime in India 2022, Vol. I (PDF, SHA-256 7c5ee3128b0b6bc7…, copy retrieved via https://data.opencity.in/dataset/crime-in-india-2022) — see data/raw/ncrb/2022/PROVENANCE.md."
2022,2022-01-01,2022-12-31,state,PB,Punjab,pocso_relationship,cases,relationship,known_total,628.0,cases,NCRB,1,2022-12-31,2026-09-25,Table 4A.10 (PDF p. 424),Crime in India 2022,https://ncrb.gov.in/en/crime-india,"Extracted from NCRB Crime in India 2022, Vol. I (PDF, SHA-256 7c5ee3128b0b6bc7…, copy retrieved via https://data.opencity.in/dataset/crime-in-india-2022) — see data/raw/ncrb/2022/PROVENANCE.md."
2022,2022-01-01,2022-12-31,state,PB,Punjab,pocso_relationship,cases,relationship,total,630.0,cases,NCRB,1,2022-12-31,2026-09-25,Table 4A.10 (PDF p. 424),Crime in India 2022,https://ncrb.gov.in/en/crime-india,"Extracted from NCRB Crime in India 2022, Vol. I (PDF, SHA-256 7c5ee3128b0b6bc7…, copy retrieved via https://data.opencity.in/dataset/crime-in-india-2022) — see data/raw/ncrb/2022/PROVENANCE.md."
2022,2022-01-01,2022-12-31,state,PB,Punjab,pocso_relationship,cases,relationship,unknown,2.0,cases,NCRB,1,2022-12-31,2026-09-25,Table 4A.10 (PDF p. 424),Crime in India 2022,https://ncrb.gov.in/en/crime-india,"Extracted from NCRB Crime in India 2022, Vol. I (PDF, SHA-256 7c5ee3128b0b6bc7…, copy retrieved via https://data.opencity.in/dataset/crime-in-india-2022) — see data/raw/ncrb/2022/PROVENANCE.md."
2023,2023-01-01,2023-12-31,state,PB,Punjab,pocso_relationship,cases,relationship,family_friends_neighbours_known,168.0,cases,NCRB,1,2023-12-31,2026-09-25,Table 4A.10 (PDF p. 424),Crime in India 2023,https://ncrb.gov.in/en/crime-india,"Extracted from NCRB Crime in India 2023, Vol. I (PDF, SHA-256 553ac8b2eadfe9e2…, copy retrieved via https://data.opencity.in/dataset/crime-in-india-2023) — see data/raw/ncrb/2023/PROVENANCE.md."
2023,2023-01-01,2023-12-31,state,PB,Punjab,pocso_relationship,cases,relationship,family_members,58.0,cases,NCRB,1,2023-12-31,2026-09-25,Table 4A.10 (PDF p. 424),Crime in India 2023,https://ncrb.gov.in/en/crime-india,"Extracted from NCRB Crime in India 2023, Vol. I (PDF, SHA-256 553ac8b2eadfe9e2…, copy retrieved via https://data.opencity.in/dataset/crime-in-india-2023) — see data/raw/ncrb/2023/PROVENANCE.md."
2023,2023-01-01,2023-12-31,state,PB,Punjab,pocso_relationship,cases,relationship,friends_online_partners,384.0,cases,NCRB,1,2023-12-31,2026-09-25,Table 4A.10 (PDF p. 424),Crime in India 2023,https://ncrb.gov.in/en/crime-india,"Extracted from NCRB Crime in India 2023, Vol. I (PDF, SHA-256 553ac8b2eadfe9e2…, copy retrieved via https://data.opencity.in/dataset/crime-in-india-2023) — see data/raw/ncrb/2023/PROVENANCE.md."
2023,2023-01-01,2023-12-31,state,PB,Punjab,pocso_relationship,cases,relationship,known_total,610.0,cases,NCRB,1,2023-12-31,2026-09-25,Table 4A.10 (PDF p. 424),Crime in India 2023,https://ncrb.gov.in/en/crime-india,"Extracted from NCRB Crime in India 2023, Vol. I (PDF, SHA-256 553ac8b2eadfe9e2…, copy retrieved via https://data.opencity.in/dataset/crime-in-india-2023) — see data/raw/ncrb/2023/PROVENANCE.md."
2023,2023-01-01,2023-12-31,state,PB,Punjab,pocso_relationship,cases,relationship,total,616.0,cases,NCRB,1,2023-12-31,2026-09-25,Table 4A.10 (PDF p. 424),Crime in India 2023,https://ncrb.gov.in/en/crime-india,"Extracted from NCRB Crime in India 2023, Vol. I (PDF, SHA-256 553ac8b2eadfe9e2…, copy retrieved via https://data.opencity.in/dataset/crime-in-india-2023) — see data/raw/ncrb/2023/PROVENANCE.md."
2023,2023-01-01,2023-12-31,state,PB,Punjab,pocso_relationship,cases,relationship,unknown,6.0,cases,NCRB,1,2023-12-31,2026-09-25,Table 4A.10 (PDF p. 424),Crime in India 2023,https://ncrb.gov.in/en/crime-india,"Extracted from NCRB Crime in India 2023, Vol. I (PDF, SHA-256 553ac8b2eadfe9e2…, copy retrieved via https://data.opencity.in/dataset/crime-in-india-2023) — see data/raw/ncrb/2023/PROVENANCE.md."
2024,2024-01-01,2024-12-31,state,PB,Punjab,pocso_relationship,cases,relationship,family_friends_neighbours_known,205.0,cases,NCRB,1,2024-12-31,2026-09-25,Table 4A.10 (PDF p. 527),Crime in India 2024,https://ncrb.gov.in/en/crime-india,"Extracted from NCRB Crime in India 2024, Vol. I (PDF, SHA-256 75b827bdcfcd5e64…, copy retrieved via https://data.opencity.in/dataset/crime-in-india-2024) — see data/raw/ncrb/2024/PROVENANCE.md."
2024,2024-01-01,2024-12-31,state,PB,Punjab,pocso_relationship,cases,relationship,family_members,45.0,cases,NCRB,1,2024-12-31,2026-09-25,Table 4A.10 (PDF p. 527),Crime in India 2024,https://ncrb.gov.in/en/crime-india,"Extracted from NCRB Crime in India 2024, Vol. I (PDF, SHA-256 75b827bdcfcd5e64…, copy retrieved via https://data.opencity.in/dataset/crime-in-india-2024) — see data/raw/ncrb/2024/PROVENANCE.md."
2024,2024-01-01,2024-12-31,state,PB,Punjab,pocso_relationship,cases,relationship,friends_online_partners,306.0,cases,NCRB,1,2024-12-31,2026-09-25,Table 4A.10 (PDF p. 527),Crime in India 2024,https://ncrb.gov.in/en/crime-india,"Extracted from NCRB Crime in India 2024, Vol. I (PDF, SHA-256 75b827bdcfcd5e64…, copy retrieved via https://data.opencity.in/dataset/crime-in-india-2024) — see data/raw/ncrb/2024/PROVENANCE.md."
2024,2024-01-01,2024-12-31,state,PB,Punjab,pocso_relationship,cases,relationship,known_total,556.0,cases,NCRB,1,2024-12-31,2026-09-25,Table 4A.10 (PDF p. 527),Crime in India 2024,https://ncrb.gov.in/en/crime-india,"Extracted from NCRB Crime in India 2024, Vol. I (PDF, SHA-256 75b827bdcfcd5e64…, copy retrieved via https://data.opencity.in/dataset/crime-in-india-2024) — see data/raw/ncrb/2024/PROVENANCE.md."
2024,2024-01-01,2024-12-31,state,PB,Punjab,pocso_relationship,cases,relationship,total,558.0,cases,NCRB,1,2024-12-31,2026-09-25,Table 4A.10 (PDF p. 527),Crime in India 2024,https://ncrb.gov.in/en/crime-india,"Extracted from NCRB Crime in India 2024, Vol. I (PDF, SHA-256 75b827bdcfcd5e64…, copy retrieved via https://data.opencity.in/dataset/crime-in-india-2024) — see data/raw/ncrb/2024/PROVENANCE.md."
2024,2024-01-01,2024-12-31,state,PB,Punjab,pocso_relationship,cases,relationship,unknown,2.0,cases,NCRB,1,2024-12-31,2026-09-25,Table 4A.10 (PDF p. 527),Crime in India 2024,https://ncrb.gov.in/en/crime-india,"Extracted from NCRB Crime in India 2024, Vol. I (PDF, SHA-256 75b827bdcfcd5e64…, copy retrieved via https://data.opencity.in/dataset/crime-in-india-2024) — see data/raw/ncrb/2024/PROVENANCE.md."
2022,2022-01-01,2022-12-31,state,PY,Puducherry,pocso_relationship,cases,relationship,family_friends_neighbours_known,29.0,cases,NCRB,1,2022-12-31,2026-09-25,Table 4A.10 (PDF p. 424),Crime in India 2022,https://ncrb.gov.in/en/crime-india,"Extracted from NCRB Crime in India 2022, Vol. I (PDF, SHA-256 7c5ee3128b0b6bc7…, copy retrieved via https://data.opencity.in/dataset/crime-in-india-2022) — see data/raw/ncrb/2022/PROVENANCE.md."
2022,2022-01-01,2022-12-31,state,PY,Puducherry,pocso_relationship,cases,relationship,family_members,3.0,cases,NCRB,1,2022-12-31,2026-09-25,Table 4A.10 (PDF p. 424),Crime in India 2022,https://ncrb.gov.in/en/crime-india,"Extracted from NCRB Crime in India 2022, Vol. I (PDF, SHA-256 7c5ee3128b0b6bc7…, copy retrieved via https://data.opencity.in/dataset/crime-in-india-2022) — see data/raw/ncrb/2022/PROVENANCE.md."
2022,2022-01-01,2022-12-31,state,PY,Puducherry,pocso_relationship,cases,relationship,friends_online_partners,30.0,cases,NCRB,1,2022-12-31,2026-09-25,Table 4A.10 (PDF p. 424),Crime in India 2022,https://ncrb.gov.in/en/crime-india,"Extracted from NCRB Crime in India 2022, Vol. I (PDF, SHA-256 7c5ee3128b0b6bc7…, copy retrieved via https://data.opencity.in/dataset/crime-in-india-2022) — see data/raw/ncrb/2022/PROVENANCE.md."
2022,2022-01-01,2022-12-31,state,PY,Puducherry,pocso_relationship,cases,relationship,known_total,62.0,cases,NCRB,1,2022-12-31,2026-09-25,Table 4A.10 (PDF p. 424),Crime in India 2022,https://ncrb.gov.in/en/crime-india,"Extracted from NCRB Crime in India 2022, Vol. I (PDF, SHA-256 7c5ee3128b0b6bc7…, copy retrieved via https://data.opencity.in/dataset/crime-in-india-2022) — see data/raw/ncrb/2022/PROVENANCE.md."
2022,2022-01-01,2022-12-31,state,PY,Puducherry,pocso_relationship,cases,relationship,total,62.0,cases,NCRB,1,2022-12-31,2026-09-25,Table 4A.10 (PDF p. 424),Crime in India 2022,https://ncrb.gov.in/en/crime-india,"Extracted from NCRB Crime in India 2022, Vol. I (PDF, SHA-256 7c5ee3128b0b6bc7…, copy retrieved via https://data.opencity.in/dataset/crime-in-india-2022) — see data/raw/ncrb/2022/PROVENANCE.md."
2022,2022-01-01,2022-12-31,state,PY,Puducherry,pocso_relationship,cases,relationship,unknown,0.0,cases,NCRB,1,2022-12-31,2026-09-25,Table 4A.10 (PDF p. 424),Crime in India 2022,https://ncrb.gov.in/en/crime-india,"Extracted from NCRB Crime in India 2022, Vol. I (PDF, SHA-256 7c5ee3128b0b6bc7…, copy retrieved via https://data.opencity.in/dataset/crime-in-india-2022) — see data/raw/ncrb/2022/PROVENANCE.md."
2023,2023-01-01,2023-12-31,state,PY,Puducherry,pocso_relationship,cases,relationship,family_friends_neighbours_known,18.0,cases,NCRB,1,2023-12-31,2026-09-25,Table 4A.10 (PDF p. 424),Crime in India 2023,https://ncrb.gov.in/en/crime-india,"Extracted from NCRB Crime in India 2023, Vol. I (PDF, SHA-256 553ac8b2eadfe9e2…, copy retrieved via https://data.opencity.in/dataset/crime-in-india-2023) — see data/raw/ncrb/2023/PROVENANCE.md."
2023,2023-01-01,2023-12-31,state,PY,Puducherry,pocso_relationship,cases,relationship,family_members,4.0,cases,NCRB,1,2023-12-31,2026-09-25,Table 4A.10 (PDF p. 424),Crime in India 2023,https://ncrb.gov.in/en/crime-india,"Extracted from NCRB Crime in India 2023, Vol. I (PDF, SHA-256 553ac8b2eadfe9e2…, copy retrieved via https://data.opencity.in/dataset/crime-in-india-2023) — see data/raw/ncrb/2023/PROVENANCE.md."
2023,2023-01-01,2023-12-31,state,PY,Puducherry,pocso_relationship,cases,relationship,friends_online_partners,35.0,cases,NCRB,1,2023-12-31,2026-09-25,Table 4A.10 (PDF p. 424),Crime in India 2023,https://ncrb.gov.in/en/crime-india,"Extracted from NCRB Crime in India 2023, Vol. I (PDF, SHA-256 553ac8b2eadfe9e2…, copy retrieved via https://data.opencity.in/dataset/crime-in-india-2023) — see data/raw/ncrb/2023/PROVENANCE.md."
2023,2023-01-01,2023-12-31,state,PY,Puducherry,pocso_relationship,cases,relationship,known_total,57.0,cases,NCRB,1,2023-12-31,2026-09-25,Table 4A.10 (PDF p. 424),Crime in India 2023,https://ncrb.gov.in/en/crime-india,"Extracted from NCRB Crime in India 2023, Vol. I (PDF, SHA-256 553ac8b2eadfe9e2…, copy retrieved via https://data.opencity.in/dataset/crime-in-india-2023) — see data/raw/ncrb/2023/PROVENANCE.md."
2023,2023-01-01,2023-12-31,state,PY,Puducherry,pocso_relationship,cases,relationship,total,57.0,cases,NCRB,1,2023-12-31,2026-09-25,Table 4A.10 (PDF p. 424),Crime in India 2023,https://ncrb.gov.in/en/crime-india,"Extracted from NCRB Crime in India 2023, Vol. I (PDF, SHA-256 553ac8b2eadfe9e2…, copy retrieved via https://data.opencity.in/dataset/crime-in-india-2023) — see data/raw/ncrb/2023/PROVENANCE.md."
2023,2023-01-01,2023-12-31,state,PY,Puducherry,pocso_relationship,cases,relationship,unknown,0.0,cases,NCRB,1,2023-12-31,2026-09-25,Table 4A.10 (PDF p. 424),Crime in India 2023,https://ncrb.gov.in/en/crime-india,"Extracted from NCRB Crime in India 2023, Vol. I (PDF, SHA-256 553ac8b2eadfe9e2…, copy retrieved via https://data.opencity.in/dataset/crime-in-india-2023) — see data/raw/ncrb/2023/PROVENANCE.md."
2024,2024-01-01,2024-12-31,state,PY,Puducherry,pocso_relationship,cases,relationship,family_friends_neighbours_known,20.0,cases,NCRB,1,2024-12-31,2026-09-25,Table 4A.10 (PDF p. 527),Crime in India 2024,https://ncrb.gov.in/en/crime-india,"Extracted from NCRB Crime in India 2024, Vol. I (PDF, SHA-256 75b827bdcfcd5e64…, copy retrieved via https://data.opencity.in/dataset/crime-in-india-2024) — see data/raw/ncrb/2024/PROVENANCE.md."
2024,2024-01-01,2024-12-31,state,PY,Puducherry,pocso_relationship,cases,relationship,family_members,3.0,cases,NCRB,1,2024-12-31,2026-09-25,Table 4A.10 (PDF p. 527),Crime in India 2024,https://ncrb.gov.in/en/crime-india,"Extracted from NCRB Crime in India 2024, Vol. I (PDF, SHA-256 75b827bdcfcd5e64…, copy retrieved via https://data.opencity.in/dataset/crime-in-india-2024) — see data/raw/ncrb/2024/PROVENANCE.md."
2024,2024-01-01,2024-12-31,state,PY,Puducherry,pocso_relationship,cases,relationship,friends_online_partners,59.0,cases,NCRB,1,2024-12-31,2026-09-25,Table 4A.10 (PDF p. 527),Crime in India 2024,https://ncrb.gov.in/en/crime-india,"Extracted from NCRB Crime in India 2024, Vol. I (PDF, SHA-256 75b827bdcfcd5e64…, copy retrieved via https://data.opencity.in/dataset/crime-in-india-2024) — see data/raw/ncrb/2024/PROVENANCE.md."
2024,2024-01-01,2024-12-31,state,PY,Puducherry,pocso_relationship,cases,relationship,known_total,82.0,cases,NCRB,1,2024-12-31,2026-09-25,Table 4A.10 (PDF p. 527),Crime in India 2024,https://ncrb.gov.in/en/crime-india,"Extracted from NCRB Crime in India 2024, Vol. I (PDF, SHA-256 75b827bdcfcd5e64…, copy retrieved via https://data.opencity.in/dataset/crime-in-india-2024) — see data/raw/ncrb/2024/PROVENANCE.md."
2024,2024-01-01,2024-12-31,state,PY,Puducherry,pocso_relationship,cases,relationship,total,82.0,cases,NCRB,1,2024-12-31,2026-09-25,Table 4A.10 (PDF p. 527),Crime in India 2024,https://ncrb.gov.in/en/crime-india,"Extracted from NCRB Crime in India 2024, Vol. I (PDF, SHA-256 75b827bdcfcd5e64…, copy retrieved via https://data.opencity.in/dataset/crime-in-india-2024) — see data/raw/ncrb/2024/PROVENANCE.md."
2024,2024-01-01,2024-12-31,state,PY,Puducherry,pocso_relationship,cases,relationship,unknown,0.0,cases,NCRB,1,2024-12-31,2026-09-25,Table 4A.10 (PDF p. 527),Crime in India 2024,https://ncrb.gov.in/en/crime-india,"Extracted from NCRB Crime in India 2024, Vol. I (PDF, SHA-256 75b827bdcfcd5e64…, copy retrieved via https://data.opencity.in/dataset/crime-in-india-2024) — see data/raw/ncrb/2024/PROVENANCE.md."
2022,2022-01-01,2022-12-31,state,RJ,Rajasthan,pocso_relationship,cases,relationship,family_friends_neighbours_known,861.0,cases,NCRB,1,2022-12-31,2026-09-25,Table 4A.10 (PDF p. 424),Crime in India 2022,https://ncrb.gov.in/en/crime-india,"Extracted from NCRB Crime in India 2022, Vol. I (PDF, SHA-256 7c5ee3128b0b6bc7…, copy retrieved via https://data.opencity.in/dataset/crime-in-india-2022) — see data/raw/ncrb/2022/PROVENANCE.md."
2022,2022-01-01,2022-12-31,state,RJ,Rajasthan,pocso_relationship,cases,relationship,family_members,154.0,cases,NCRB,1,2022-12-31,2026-09-25,Table 4A.10 (PDF p. 424),Crime in India 2022,https://ncrb.gov.in/en/crime-india,"Extracted from NCRB Crime in India 2022, Vol. I (PDF, SHA-256 7c5ee3128b0b6bc7…, copy retrieved via https://data.opencity.in/dataset/crime-in-india-2022) — see data/raw/ncrb/2022/PROVENANCE.md."
2022,2022-01-01,2022-12-31,state,RJ,Rajasthan,pocso_relationship,cases,relationship,friends_online_partners,534.0,cases,NCRB,1,2022-12-31,2026-09-25,Table 4A.10 (PDF p. 424),Crime in India 2022,https://ncrb.gov.in/en/crime-india,"Extracted from NCRB Crime in India 2022, Vol. I (PDF, SHA-256 7c5ee3128b0b6bc7…, copy retrieved via https://data.opencity.in/dataset/crime-in-india-2022) — see data/raw/ncrb/2022/PROVENANCE.md."
2022,2022-01-01,2022-12-31,state,RJ,Rajasthan,pocso_relationship,cases,relationship,known_total,1549.0,cases,NCRB,1,2022-12-31,2026-09-25,Table 4A.10 (PDF p. 424),Crime in India 2022,https://ncrb.gov.in/en/crime-india,"Extracted from NCRB Crime in India 2022, Vol. I (PDF, SHA-256 7c5ee3128b0b6bc7…, copy retrieved via https://data.opencity.in/dataset/crime-in-india-2022) — see data/raw/ncrb/2022/PROVENANCE.md."
2022,2022-01-01,2022-12-31,state,RJ,Rajasthan,pocso_relationship,cases,relationship,total,1694.0,cases,NCRB,1,2022-12-31,2026-09-25,Table 4A.10 (PDF p. 424),Crime in India 2022,https://ncrb.gov.in/en/crime-india,"Extracted from NCRB Crime in India 2022, Vol. I (PDF, SHA-256 7c5ee3128b0b6bc7…, copy retrieved via https://data.opencity.in/dataset/crime-in-india-2022) — see data/raw/ncrb/2022/PROVENANCE.md."
2022,2022-01-01,2022-12-31,state,RJ,Rajasthan,pocso_relationship,cases,relationship,unknown,145.0,cases,NCRB,1,2022-12-31,2026-09-25,Table 4A.10 (PDF p. 424),Crime in India 2022,https://ncrb.gov.in/en/crime-india,"Extracted from NCRB Crime in India 2022, Vol. I (PDF, SHA-256 7c5ee3128b0b6bc7…, copy retrieved via https://data.opencity.in/dataset/crime-in-india-2022) — see data/raw/ncrb/2022/PROVENANCE.md."
2023,2023-01-01,2023-12-31,state,RJ,Rajasthan,pocso_relationship,cases,relationship,family_friends_neighbours_known,985.0,cases,NCRB,1,2023-12-31,2026-09-25,Table 4A.10 (PDF p. 424),Crime in India 2023,https://ncrb.gov.in/en/crime-india,"Extracted from NCRB Crime in India 2023, Vol. I (PDF, SHA-256 553ac8b2eadfe9e2…, copy retrieved via https://data.opencity.in/dataset/crime-in-india-2023) — see data/raw/ncrb/2023/PROVENANCE.md."
2023,2023-01-01,2023-12-31,state,RJ,Rajasthan,pocso_relationship,cases,relationship,family_members,169.0,cases,NCRB,1,2023-12-31,2026-09-25,Table 4A.10 (PDF p. 424),Crime in India 2023,https://ncrb.gov.in/en/crime-india,"Extracted from NCRB Crime in India 2023, Vol. I (PDF, SHA-256 553ac8b2eadfe9e2…, copy retrieved via https://data.opencity.in/dataset/crime-in-india-2023) — see data/raw/ncrb/2023/PROVENANCE.md."
2023,2023-01-01,2023-12-31,state,RJ,Rajasthan,pocso_relationship,cases,relationship,friends_online_partners,597.0,cases,NCRB,1,2023-12-31,2026-09-25,Table 4A.10 (PDF p. 424),Crime in India 2023,https://ncrb.gov.in/en/crime-india,"Extracted from NCRB Crime in India 2023, Vol. I (PDF, SHA-256 553ac8b2eadfe9e2…, copy retrieved via https://data.opencity.in/dataset/crime-in-india-2023) — see data/raw/ncrb/2023/PROVENANCE.md."
2023,2023-01-01,2023-12-31,state,RJ,Rajasthan,pocso_relationship,cases,relationship,known_total,1751.0,cases,NCRB,1,2023-12-31,2026-09-25,Table 4A.10 (PDF p. 424),Crime in India 2023,https://ncrb.gov.in/en/crime-india,"Extracted from NCRB Crime in India 2023, Vol. I (PDF, SHA-256 553ac8b2eadfe9e2…, copy retrieved via https://data.opencity.in/dataset/crime-in-india-2023) — see data/raw/ncrb/2023/PROVENANCE.md."
2023,2023-01-01,2023-12-31,state,RJ,Rajasthan,pocso_relationship,cases,relationship,total,1867.0,cases,NCRB,1,2023-12-31,2026-09-25,Table 4A.10 (PDF p. 424),Crime in India 2023,https://ncrb.gov.in/en/crime-india,"Extracted from NCRB Crime in India 2023, Vol. I (PDF, SHA-256 553ac8b2eadfe9e2…, copy retrieved via https://data.opencity.in/dataset/crime-in-india-2023) — see data/raw/ncrb/2023/PROVENANCE.md."
2023,2023-01-01,2023-12-31,state,RJ,Rajasthan,pocso_relationship,cases,relationship,unknown,116.0,cases,NCRB,1,2023-12-31,2026-09-25,Table 4A.10 (PDF p. 424),Crime in India 2023,https://ncrb.gov.in/en/crime-india,"Extracted from NCRB Crime in India 2023, Vol. I (PDF, SHA-256 553ac8b2eadfe9e2…, copy retrieved via https://data.opencity.in/dataset/crime-in-india-2023) — see data/raw/ncrb/2023/PROVENANCE.md."
2024,2024-01-01,2024-12-31,state,RJ,Rajasthan,pocso_relationship,cases,relationship,family_friends_neighbours_known,722.0,cases,NCRB,1,2024-12-31,2026-09-25,Table 4A.10 (PDF p. 527),Crime in India 2024,https://ncrb.gov.in/en/crime-india,"Extracted from NCRB Crime in India 2024, Vol. I (PDF, SHA-256 75b827bdcfcd5e64…, copy retrieved via https://data.opencity.in/dataset/crime-in-india-2024) — see data/raw/ncrb/2024/PROVENANCE.md."
2024,2024-01-01,2024-12-31,state,RJ,Rajasthan,pocso_relationship,cases,relationship,family_members,170.0,cases,NCRB,1,2024-12-31,2026-09-25,Table 4A.10 (PDF p. 527),Crime in India 2024,https://ncrb.gov.in/en/crime-india,"Extracted from NCRB Crime in India 2024, Vol. I (PDF, SHA-256 75b827bdcfcd5e64…, copy retrieved via https://data.opencity.in/dataset/crime-in-india-2024) — see data/raw/ncrb/2024/PROVENANCE.md."
2024,2024-01-01,2024-12-31,state,RJ,Rajasthan,pocso_relationship,cases,relationship,friends_online_partners,708.0,cases,NCRB,1,2024-12-31,2026-09-25,Table 4A.10 (PDF p. 527),Crime in India 2024,https://ncrb.gov.in/en/crime-india,"Extracted from NCRB Crime in India 2024, Vol. I (PDF, SHA-256 75b827bdcfcd5e64…, copy retrieved via https://data.opencity.in/dataset/crime-in-india-2024) — see data/raw/ncrb/2024/PROVENANCE.md."
2024,2024-01-01,2024-12-31,state,RJ,Rajasthan,pocso_relationship,cases,relationship,known_total,1600.0,cases,NCRB,1,2024-12-31,2026-09-25,Table 4A.10 (PDF p. 527),Crime in India 2024,https://ncrb.gov.in/en/crime-india,"Extracted from NCRB Crime in India 2024, Vol. I (PDF, SHA-256 75b827bdcfcd5e64…, copy retrieved via https://data.opencity.in/dataset/crime-in-india-2024) — see data/raw/ncrb/2024/PROVENANCE.md."
2024,2024-01-01,2024-12-31,state,RJ,Rajasthan,pocso_relationship,cases,relationship,total,1626.0,cases,NCRB,1,2024-12-31,2026-09-25,Table 4A.10 (PDF p. 527),Crime in India 2024,https://ncrb.gov.in/en/crime-india,"Extracted from NCRB Crime in India 2024, Vol. I (PDF, SHA-256 75b827bdcfcd5e64…, copy retrieved via https://data.opencity.in/dataset/crime-in-india-2024) — see data/raw/ncrb/2024/PROVENANCE.md."
2024,2024-01-01,2024-12-31,state,RJ,Rajasthan,pocso_relationship,cases,relationship,unknown,26.0,cases,NCRB,1,2024-12-31,2026-09-25,Table 4A.10 (PDF p. 527),Crime in India 2024,https://ncrb.gov.in/en/crime-india,"Extracted from NCRB Crime in India 2024, Vol. I (PDF, SHA-256 75b827bdcfcd5e64…, copy retrieved via https://data.opencity.in/dataset/crime-in-india-2024) — see data/raw/ncrb/2024/PROVENANCE.md."
2022,2022-01-01,2022-12-31,state,SK,Sikkim,pocso_relationship,cases,relationship,family_friends_neighbours_known,18.0,cases,NCRB,1,2022-12-31,2026-09-25,Table 4A.10 (PDF p. 424),Crime in India 2022,https://ncrb.gov.in/en/crime-india,"Extracted from NCRB Crime in India 2022, Vol. I (PDF, SHA-256 7c5ee3128b0b6bc7…, copy retrieved via https://data.opencity.in/dataset/crime-in-india-2022) — see data/raw/ncrb/2022/PROVENANCE.md."
2022,2022-01-01,2022-12-31,state,SK,Sikkim,pocso_relationship,cases,relationship,family_members,16.0,cases,NCRB,1,2022-12-31,2026-09-25,Table 4A.10 (PDF p. 424),Crime in India 2022,https://ncrb.gov.in/en/crime-india,"Extracted from NCRB Crime in India 2022, Vol. I (PDF, SHA-256 7c5ee3128b0b6bc7…, copy retrieved via https://data.opencity.in/dataset/crime-in-india-2022) — see data/raw/ncrb/2022/PROVENANCE.md."
2022,2022-01-01,2022-12-31,state,SK,Sikkim,pocso_relationship,cases,relationship,friends_online_partners,33.0,cases,NCRB,1,2022-12-31,2026-09-25,Table 4A.10 (PDF p. 424),Crime in India 2022,https://ncrb.gov.in/en/crime-india,"Extracted from NCRB Crime in India 2022, Vol. I (PDF, SHA-256 7c5ee3128b0b6bc7…, copy retrieved via https://data.opencity.in/dataset/crime-in-india-2022) — see data/raw/ncrb/2022/PROVENANCE.md."
2022,2022-01-01,2022-12-31,state,SK,Sikkim,pocso_relationship,cases,relationship,known_total,67.0,cases,NCRB,1,2022-12-31,2026-09-25,Table 4A.10 (PDF p. 424),Crime in India 2022,https://ncrb.gov.in/en/crime-india,"Extracted from NCRB Crime in India 2022, Vol. I (PDF, SHA-256 7c5ee3128b0b6bc7…, copy retrieved via https://data.opencity.in/dataset/crime-in-india-2022) — see data/raw/ncrb/2022/PROVENANCE.md."
2022,2022-01-01,2022-12-31,state,SK,Sikkim,pocso_relationship,cases,relationship,total,73.0,cases,NCRB,1,2022-12-31,2026-09-25,Table 4A.10 (PDF p. 424),Crime in India 2022,https://ncrb.gov.in/en/crime-india,"Extracted from NCRB Crime in India 2022, Vol. I (PDF, SHA-256 7c5ee3128b0b6bc7…, copy retrieved via https://data.opencity.in/dataset/crime-in-india-2022) — see data/raw/ncrb/2022/PROVENANCE.md."
2022,2022-01-01,2022-12-31,state,SK,Sikkim,pocso_relationship,cases,relationship,unknown,6.0,cases,NCRB,1,2022-12-31,2026-09-25,Table 4A.10 (PDF p. 424),Crime in India 2022,https://ncrb.gov.in/en/crime-india,"Extracted from NCRB Crime in India 2022, Vol. I (PDF, SHA-256 7c5ee3128b0b6bc7…, copy retrieved via https://data.opencity.in/dataset/crime-in-india-2022) — see data/raw/ncrb/2022/PROVENANCE.md."
2023,2023-01-01,2023-12-31,state,SK,Sikkim,pocso_relationship,cases,relationship,family_friends_neighbours_known,31.0,cases,NCRB,1,2023-12-31,2026-09-25,Table 4A.10 (PDF p. 424),Crime in India 2023,https://ncrb.gov.in/en/crime-india,"Extracted from NCRB Crime in India 2023, Vol. I (PDF, SHA-256 553ac8b2eadfe9e2…, copy retrieved via https://data.opencity.in/dataset/crime-in-india-2023) — see data/raw/ncrb/2023/PROVENANCE.md."
2023,2023-01-01,2023-12-31,state,SK,Sikkim,pocso_relationship,cases,relationship,family_members,12.0,cases,NCRB,1,2023-12-31,2026-09-25,Table 4A.10 (PDF p. 424),Crime in India 2023,https://ncrb.gov.in/en/crime-india,"Extracted from NCRB Crime in India 2023, Vol. I (PDF, SHA-256 553ac8b2eadfe9e2…, copy retrieved via https://data.opencity.in/dataset/crime-in-india-2023) — see data/raw/ncrb/2023/PROVENANCE.md."
2023,2023-01-01,2023-12-31,state,SK,Sikkim,pocso_relationship,cases,relationship,friends_online_partners,21.0,cases,NCRB,1,2023-12-31,2026-09-25,Table 4A.10 (PDF p. 424),Crime in India 2023,https://ncrb.gov.in/en/crime-india,"Extracted from NCRB Crime in India 2023, Vol. I (PDF, SHA-256 553ac8b2eadfe9e2…, copy retrieved via https://data.opencity.in/dataset/crime-in-india-2023) — see data/raw/ncrb/2023/PROVENANCE.md."
2023,2023-01-01,2023-12-31,state,SK,Sikkim,pocso_relationship,cases,relationship,known_total,64.0,cases,NCRB,1,2023-12-31,2026-09-25,Table 4A.10 (PDF p. 424),Crime in India 2023,https://ncrb.gov.in/en/crime-india,"Extracted from NCRB Crime in India 2023, Vol. I (PDF, SHA-256 553ac8b2eadfe9e2…, copy retrieved via https://data.opencity.in/dataset/crime-in-india-2023) — see data/raw/ncrb/2023/PROVENANCE.md."
2023,2023-01-01,2023-12-31,state,SK,Sikkim,pocso_relationship,cases,relationship,total,65.0,cases,NCRB,1,2023-12-31,2026-09-25,Table 4A.10 (PDF p. 424),Crime in India 2023,https://ncrb.gov.in/en/crime-india,"Extracted from NCRB Crime in India 2023, Vol. I (PDF, SHA-256 553ac8b2eadfe9e2…, copy retrieved via https://data.opencity.in/dataset/crime-in-india-2023) — see data/raw/ncrb/2023/PROVENANCE.md."
2023,2023-01-01,2023-12-31,state,SK,Sikkim,pocso_relationship,cases,relationship,unknown,1.0,cases,NCRB,1,2023-12-31,2026-09-25,Table 4A.10 (PDF p. 424),Crime in India 2023,https://ncrb.gov.in/en/crime-india,"Extracted from NCRB Crime in India 2023, Vol. I (PDF, SHA-256 553ac8b2eadfe9e2…, copy retrieved via https://data.opencity.in/dataset/crime-in-india-2023) — see data/raw/ncrb/2023/PROVENANCE.md."
2024,2024-01-01,2024-12-31,state,SK,Sikkim,pocso_relationship,cases,relationship,family_friends_neighbours_known,17.0,cases,NCRB,1,2024-12-31,2026-09-25,Table 4A.10 (PDF p. 527),Crime in India 2024,https://ncrb.gov.in/en/crime-india,"Extracted from NCRB Crime in India 2024, Vol. I (PDF, SHA-256 75b827bdcfcd5e64…, copy retrieved via https://data.opencity.in/dataset/crime-in-india-2024) — see data/raw/ncrb/2024/PROVENANCE.md."
2024,2024-01-01,2024-12-31,state,SK,Sikkim,pocso_relationship,cases,relationship,family_members,12.0,cases,NCRB,1,2024-12-31,2026-09-25,Table 4A.10 (PDF p. 527),Crime in India 2024,https://ncrb.gov.in/en/crime-india,"Extracted from NCRB Crime in India 2024, Vol. I (PDF, SHA-256 75b827bdcfcd5e64…, copy retrieved via https://data.opencity.in/dataset/crime-in-india-2024) — see data/raw/ncrb/2024/PROVENANCE.md."
2024,2024-01-01,2024-12-31,state,SK,Sikkim,pocso_relationship,cases,relationship,friends_online_partners,25.0,cases,NCRB,1,2024-12-31,2026-09-25,Table 4A.10 (PDF p. 527),Crime in India 2024,https://ncrb.gov.in/en/crime-india,"Extracted from NCRB Crime in India 2024, Vol. I (PDF, SHA-256 75b827bdcfcd5e64…, copy retrieved via https://data.opencity.in/dataset/crime-in-india-2024) — see data/raw/ncrb/2024/PROVENANCE.md."
2024,2024-01-01,2024-12-31,state,SK,Sikkim,pocso_relationship,cases,relationship,known_total,54.0,cases,NCRB,1,2024-12-31,2026-09-25,Table 4A.10 (PDF p. 527),Crime in India 2024,https://ncrb.gov.in/en/crime-india,"Extracted from NCRB Crime in India 2024, Vol. I (PDF, SHA-256 75b827bdcfcd5e64…, copy retrieved via https://data.opencity.in/dataset/crime-in-india-2024) — see data/raw/ncrb/2024/PROVENANCE.md."
2024,2024-01-01,2024-12-31,state,SK,Sikkim,pocso_relationship,cases,relationship,total,54.0,cases,NCRB,1,2024-12-31,2026-09-25,Table 4A.10 (PDF p. 527),Crime in India 2024,https://ncrb.gov.in/en/crime-india,"Extracted from NCRB Crime in India 2024, Vol. I (PDF, SHA-256 75b827bdcfcd5e64…, copy retrieved via https://data.opencity.in/dataset/crime-in-india-2024) — see data/raw/ncrb/2024/PROVENANCE.md."
2024,2024-01-01,2024-12-31,state,SK,Sikkim,pocso_relationship,cases,relationship,unknown,0.0,cases,NCRB,1,2024-12-31,2026-09-25,Table 4A.10 (PDF p. 527),Crime in India 2024,https://ncrb.gov.in/en/crime-india,"Extracted from NCRB Crime in India 2024, Vol. I (PDF, SHA-256 75b827bdcfcd5e64…, copy retrieved via https://data.opencity.in/dataset/crime-in-india-2024) — see data/raw/ncrb/2024/PROVENANCE.md."
2022,2022-01-01,2022-12-31,state,TG,Telangana,pocso_relationship,cases,relationship,family_friends_neighbours_known,349.0,cases,NCRB,1,2022-12-31,2026-09-25,Table 4A.10 (PDF p. 424),Crime in India 2022,https://ncrb.gov.in/en/crime-india,"Extracted from NCRB Crime in India 2022, Vol. I (PDF, SHA-256 7c5ee3128b0b6bc7…, copy retrieved via https://data.opencity.in/dataset/crime-in-india-2022) — see data/raw/ncrb/2022/PROVENANCE.md."
2022,2022-01-01,2022-12-31,state,TG,Telangana,pocso_relationship,cases,relationship,family_members,285.0,cases,NCRB,1,2022-12-31,2026-09-25,Table 4A.10 (PDF p. 424),Crime in India 2022,https://ncrb.gov.in/en/crime-india,"Extracted from NCRB Crime in India 2022, Vol. I (PDF, SHA-256 7c5ee3128b0b6bc7…, copy retrieved via https://data.opencity.in/dataset/crime-in-india-2022) — see data/raw/ncrb/2022/PROVENANCE.md."
2022,2022-01-01,2022-12-31,state,TG,Telangana,pocso_relationship,cases,relationship,friends_online_partners,1104.0,cases,NCRB,1,2022-12-31,2026-09-25,Table 4A.10 (PDF p. 424),Crime in India 2022,https://ncrb.gov.in/en/crime-india,"Extracted from NCRB Crime in India 2022, Vol. I (PDF, SHA-256 7c5ee3128b0b6bc7…, copy retrieved via https://data.opencity.in/dataset/crime-in-india-2022) — see data/raw/ncrb/2022/PROVENANCE.md."
2022,2022-01-01,2022-12-31,state,TG,Telangana,pocso_relationship,cases,relationship,known_total,1738.0,cases,NCRB,1,2022-12-31,2026-09-25,Table 4A.10 (PDF p. 424),Crime in India 2022,https://ncrb.gov.in/en/crime-india,"Extracted from NCRB Crime in India 2022, Vol. I (PDF, SHA-256 7c5ee3128b0b6bc7…, copy retrieved via https://data.opencity.in/dataset/crime-in-india-2022) — see data/raw/ncrb/2022/PROVENANCE.md."
2022,2022-01-01,2022-12-31,state,TG,Telangana,pocso_relationship,cases,relationship,total,1753.0,cases,NCRB,1,2022-12-31,2026-09-25,Table 4A.10 (PDF p. 424),Crime in India 2022,https://ncrb.gov.in/en/crime-india,"Extracted from NCRB Crime in India 2022, Vol. I (PDF, SHA-256 7c5ee3128b0b6bc7…, copy retrieved via https://data.opencity.in/dataset/crime-in-india-2022) — see data/raw/ncrb/2022/PROVENANCE.md."
2022,2022-01-01,2022-12-31,state,TG,Telangana,pocso_relationship,cases,relationship,unknown,15.0,cases,NCRB,1,2022-12-31,2026-09-25,Table 4A.10 (PDF p. 424),Crime in India 2022,https://ncrb.gov.in/en/crime-india,"Extracted from NCRB Crime in India 2022, Vol. I (PDF, SHA-256 7c5ee3128b0b6bc7…, copy retrieved via https://data.opencity.in/dataset/crime-in-india-2022) — see data/raw/ncrb/2022/PROVENANCE.md."
2023,2023-01-01,2023-12-31,state,TG,Telangana,pocso_relationship,cases,relationship,family_friends_neighbours_known,322.0,cases,NCRB,1,2023-12-31,2026-09-25,Table 4A.10 (PDF p. 424),Crime in India 2023,https://ncrb.gov.in/en/crime-india,"Extracted from NCRB Crime in India 2023, Vol. I (PDF, SHA-256 553ac8b2eadfe9e2…, copy retrieved via https://data.opencity.in/dataset/crime-in-india-2023) — see data/raw/ncrb/2023/PROVENANCE.md."
2023,2023-01-01,2023-12-31,state,TG,Telangana,pocso_relationship,cases,relationship,family_members,157.0,cases,NCRB,1,2023-12-31,2026-09-25,Table 4A.10 (PDF p. 424),Crime in India 2023,https://ncrb.gov.in/en/crime-india,"Extracted from NCRB Crime in India 2023, Vol. I (PDF, SHA-256 553ac8b2eadfe9e2…, copy retrieved via https://data.opencity.in/dataset/crime-in-india-2023) — see data/raw/ncrb/2023/PROVENANCE.md."
2023,2023-01-01,2023-12-31,state,TG,Telangana,pocso_relationship,cases,relationship,friends_online_partners,1278.0,cases,NCRB,1,2023-12-31,2026-09-25,Table 4A.10 (PDF p. 424),Crime in India 2023,https://ncrb.gov.in/en/crime-india,"Extracted from NCRB Crime in India 2023, Vol. I (PDF, SHA-256 553ac8b2eadfe9e2…, copy retrieved via https://data.opencity.in/dataset/crime-in-india-2023) — see data/raw/ncrb/2023/PROVENANCE.md."
2023,2023-01-01,2023-12-31,state,TG,Telangana,pocso_relationship,cases,relationship,known_total,1757.0,cases,NCRB,1,2023-12-31,2026-09-25,Table 4A.10 (PDF p. 424),Crime in India 2023,https://ncrb.gov.in/en/crime-india,"Extracted from NCRB Crime in India 2023, Vol. I (PDF, SHA-256 553ac8b2eadfe9e2…, copy retrieved via https://data.opencity.in/dataset/crime-in-india-2023) — see data/raw/ncrb/2023/PROVENANCE.md."
2023,2023-01-01,2023-12-31,state,TG,Telangana,pocso_relationship,cases,relationship,total,1760.0,cases,NCRB,1,2023-12-31,2026-09-25,Table 4A.10 (PDF p. 424),Crime in India 2023,https://ncrb.gov.in/en/crime-india,"Extracted from NCRB Crime in India 2023, Vol. I (PDF, SHA-256 553ac8b2eadfe9e2…, copy retrieved via https://data.opencity.in/dataset/crime-in-india-2023) — see data/raw/ncrb/2023/PROVENANCE.md."
2023,2023-01-01,2023-12-31,state,TG,Telangana,pocso_relationship,cases,relationship,unknown,3.0,cases,NCRB,1,2023-12-31,2026-09-25,Table 4A.10 (PDF p. 424),Crime in India 2023,https://ncrb.gov.in/en/crime-india,"Extracted from NCRB Crime in India 2023, Vol. I (PDF, SHA-256 553ac8b2eadfe9e2…, copy retrieved via https://data.opencity.in/dataset/crime-in-india-2023) — see data/raw/ncrb/2023/PROVENANCE.md."
2024,2024-01-01,2024-12-31,state,TG,Telangana,pocso_relationship,cases,relationship,family_friends_neighbours_known,676.0,cases,NCRB,1,2024-12-31,2026-09-25,Table 4A.10 (PDF p. 527),Crime in India 2024,https://ncrb.gov.in/en/crime-india,"Extracted from NCRB Crime in India 2024, Vol. I (PDF, SHA-256 75b827bdcfcd5e64…, copy retrieved via https://data.opencity.in/dataset/crime-in-india-2024) — see data/raw/ncrb/2024/PROVENANCE.md."
2024,2024-01-01,2024-12-31,state,TG,Telangana,pocso_relationship,cases,relationship,family_members,210.0,cases,NCRB,1,2024-12-31,2026-09-25,Table 4A.10 (PDF p. 527),Crime in India 2024,https://ncrb.gov.in/en/crime-india,"Extracted from NCRB Crime in India 2024, Vol. I (PDF, SHA-256 75b827bdcfcd5e64…, copy retrieved via https://data.opencity.in/dataset/crime-in-india-2024) — see data/raw/ncrb/2024/PROVENANCE.md."
2024,2024-01-01,2024-12-31,state,TG,Telangana,pocso_relationship,cases,relationship,friends_online_partners,1190.0,cases,NCRB,1,2024-12-31,2026-09-25,Table 4A.10 (PDF p. 527),Crime in India 2024,https://ncrb.gov.in/en/crime-india,"Extracted from NCRB Crime in India 2024, Vol. I (PDF, SHA-256 75b827bdcfcd5e64…, copy retrieved via https://data.opencity.in/dataset/crime-in-india-2024) — see data/raw/ncrb/2024/PROVENANCE.md."
2024,2024-01-01,2024-12-31,state,TG,Telangana,pocso_relationship,cases,relationship,known_total,2076.0,cases,NCRB,1,2024-12-31,2026-09-25,Table 4A.10 (PDF p. 527),Crime in India 2024,https://ncrb.gov.in/en/crime-india,"Extracted from NCRB Crime in India 2024, Vol. I (PDF, SHA-256 75b827bdcfcd5e64…, copy retrieved via https://data.opencity.in/dataset/crime-in-india-2024) — see data/raw/ncrb/2024/PROVENANCE.md."
2024,2024-01-01,2024-12-31,state,TG,Telangana,pocso_relationship,cases,relationship,total,2078.0,cases,NCRB,1,2024-12-31,2026-09-25,Table 4A.10 (PDF p. 527),Crime in India 2024,https://ncrb.gov.in/en/crime-india,"Extracted from NCRB Crime in India 2024, Vol. I (PDF, SHA-256 75b827bdcfcd5e64…, copy retrieved via https://data.opencity.in/dataset/crime-in-india-2024) — see data/raw/ncrb/2024/PROVENANCE.md."
2024,2024-01-01,2024-12-31,state,TG,Telangana,pocso_relationship,cases,relationship,unknown,2.0,cases,NCRB,1,2024-12-31,2026-09-25,Table 4A.10 (PDF p. 527),Crime in India 2024,https://ncrb.gov.in/en/crime-india,"Extracted from NCRB Crime in India 2024, Vol. I (PDF, SHA-256 75b827bdcfcd5e64…, copy retrieved via https://data.opencity.in/dataset/crime-in-india-2024) — see data/raw/ncrb/2024/PROVENANCE.md."
2022,2022-01-01,2022-12-31,state,TN,Tamil Nadu,pocso_relationship,cases,relationship,family_friends_neighbours_known,814.0,cases,NCRB,1,2022-12-31,2026-09-25,Table 4A.10 (PDF p. 424),Crime in India 2022,https://ncrb.gov.in/en/crime-india,"Extracted from NCRB Crime in India 2022, Vol. I (PDF, SHA-256 7c5ee3128b0b6bc7…, copy retrieved via https://data.opencity.in/dataset/crime-in-india-2022) — see data/raw/ncrb/2022/PROVENANCE.md."
2022,2022-01-01,2022-12-31,state,TN,Tamil Nadu,pocso_relationship,cases,relationship,family_members,381.0,cases,NCRB,1,2022-12-31,2026-09-25,Table 4A.10 (PDF p. 424),Crime in India 2022,https://ncrb.gov.in/en/crime-india,"Extracted from NCRB Crime in India 2022, Vol. I (PDF, SHA-256 7c5ee3128b0b6bc7…, copy retrieved via https://data.opencity.in/dataset/crime-in-india-2022) — see data/raw/ncrb/2022/PROVENANCE.md."
2022,2022-01-01,2022-12-31,state,TN,Tamil Nadu,pocso_relationship,cases,relationship,friends_online_partners,2420.0,cases,NCRB,1,2022-12-31,2026-09-25,Table 4A.10 (PDF p. 424),Crime in India 2022,https://ncrb.gov.in/en/crime-india,"Extracted from NCRB Crime in India 2022, Vol. I (PDF, SHA-256 7c5ee3128b0b6bc7…, copy retrieved via https://data.opencity.in/dataset/crime-in-india-2022) — see data/raw/ncrb/2022/PROVENANCE.md."
2022,2022-01-01,2022-12-31,state,TN,Tamil Nadu,pocso_relationship,cases,relationship,known_total,3615.0,cases,NCRB,1,2022-12-31,2026-09-25,Table 4A.10 (PDF p. 424),Crime in India 2022,https://ncrb.gov.in/en/crime-india,"Extracted from NCRB Crime in India 2022, Vol. I (PDF, SHA-256 7c5ee3128b0b6bc7…, copy retrieved via https://data.opencity.in/dataset/crime-in-india-2022) — see data/raw/ncrb/2022/PROVENANCE.md."
2022,2022-01-01,2022-12-31,state,TN,Tamil Nadu,pocso_relationship,cases,relationship,total,3620.0,cases,NCRB,1,2022-12-31,2026-09-25,Table 4A.10 (PDF p. 424),Crime in India 2022,https://ncrb.gov.in/en/crime-india,"Extracted from NCRB Crime in India 2022, Vol. I (PDF, SHA-256 7c5ee3128b0b6bc7…, copy retrieved via https://data.opencity.in/dataset/crime-in-india-2022) — see data/raw/ncrb/2022/PROVENANCE.md."
2022,2022-01-01,2022-12-31,state,TN,Tamil Nadu,pocso_relationship,cases,relationship,unknown,5.0,cases,NCRB,1,2022-12-31,2026-09-25,Table 4A.10 (PDF p. 424),Crime in India 2022,https://ncrb.gov.in/en/crime-india,"Extracted from NCRB Crime in India 2022, Vol. I (PDF, SHA-256 7c5ee3128b0b6bc7…, copy retrieved via https://data.opencity.in/dataset/crime-in-india-2022) — see data/raw/ncrb/2022/PROVENANCE.md."
2023,2023-01-01,2023-12-31,state,TN,Tamil Nadu,pocso_relationship,cases,relationship,family_friends_neighbours_known,770.0,cases,NCRB,1,2023-12-31,2026-09-25,Table 4A.10 (PDF p. 424),Crime in India 2023,https://ncrb.gov.in/en/crime-india,"Extracted from NCRB Crime in India 2023, Vol. I (PDF, SHA-256 553ac8b2eadfe9e2…, copy retrieved via https://data.opencity.in/dataset/crime-in-india-2023) — see data/raw/ncrb/2023/PROVENANCE.md."
2023,2023-01-01,2023-12-31,state,TN,Tamil Nadu,pocso_relationship,cases,relationship,family_members,354.0,cases,NCRB,1,2023-12-31,2026-09-25,Table 4A.10 (PDF p. 424),Crime in India 2023,https://ncrb.gov.in/en/crime-india,"Extracted from NCRB Crime in India 2023, Vol. I (PDF, SHA-256 553ac8b2eadfe9e2…, copy retrieved via https://data.opencity.in/dataset/crime-in-india-2023) — see data/raw/ncrb/2023/PROVENANCE.md."
2023,2023-01-01,2023-12-31,state,TN,Tamil Nadu,pocso_relationship,cases,relationship,friends_online_partners,2280.0,cases,NCRB,1,2023-12-31,2026-09-25,Table 4A.10 (PDF p. 424),Crime in India 2023,https://ncrb.gov.in/en/crime-india,"Extracted from NCRB Crime in India 2023, Vol. I (PDF, SHA-256 553ac8b2eadfe9e2…, copy retrieved via https://data.opencity.in/dataset/crime-in-india-2023) — see data/raw/ncrb/2023/PROVENANCE.md."
2023,2023-01-01,2023-12-31,state,TN,Tamil Nadu,pocso_relationship,cases,relationship,known_total,3404.0,cases,NCRB,1,2023-12-31,2026-09-25,Table 4A.10 (PDF p. 424),Crime in India 2023,https://ncrb.gov.in/en/crime-india,"Extracted from NCRB Crime in India 2023, Vol. I (PDF, SHA-256 553ac8b2eadfe9e2…, copy retrieved via https://data.opencity.in/dataset/crime-in-india-2023) — see data/raw/ncrb/2023/PROVENANCE.md."
2023,2023-01-01,2023-12-31,state,TN,Tamil Nadu,pocso_relationship,cases,relationship,total,3407.0,cases,NCRB,1,2023-12-31,2026-09-25,Table 4A.10 (PDF p. 424),Crime in India 2023,https://ncrb.gov.in/en/crime-india,"Extracted from NCRB Crime in India 2023, Vol. I (PDF, SHA-256 553ac8b2eadfe9e2…, copy retrieved via https://data.opencity.in/dataset/crime-in-india-2023) — see data/raw/ncrb/2023/PROVENANCE.md."
2023,2023-01-01,2023-12-31,state,TN,Tamil Nadu,pocso_relationship,cases,relationship,unknown,3.0,cases,NCRB,1,2023-12-31,2026-09-25,Table 4A.10 (PDF p. 424),Crime in India 2023,https://ncrb.gov.in/en/crime-india,"Extracted from NCRB Crime in India 2023, Vol. I (PDF, SHA-256 553ac8b2eadfe9e2…, copy retrieved via https://data.opencity.in/dataset/crime-in-india-2023) — see data/raw/ncrb/2023/PROVENANCE.md."
2024,2024-01-01,2024-12-31,state,TN,Tamil Nadu,pocso_relationship,cases,relationship,family_friends_neighbours_known,932.0,cases,NCRB,1,2024-12-31,2026-09-25,Table 4A.10 (PDF p. 527),Crime in India 2024,https://ncrb.gov.in/en/crime-india,"Extracted from NCRB Crime in India 2024, Vol. I (PDF, SHA-256 75b827bdcfcd5e64…, copy retrieved via https://data.opencity.in/dataset/crime-in-india-2024) — see data/raw/ncrb/2024/PROVENANCE.md."
2024,2024-01-01,2024-12-31,state,TN,Tamil Nadu,pocso_relationship,cases,relationship,family_members,377.0,cases,NCRB,1,2024-12-31,2026-09-25,Table 4A.10 (PDF p. 527),Crime in India 2024,https://ncrb.gov.in/en/crime-india,"Extracted from NCRB Crime in India 2024, Vol. I (PDF, SHA-256 75b827bdcfcd5e64…, copy retrieved via https://data.opencity.in/dataset/crime-in-india-2024) — see data/raw/ncrb/2024/PROVENANCE.md."
2024,2024-01-01,2024-12-31,state,TN,Tamil Nadu,pocso_relationship,cases,relationship,friends_online_partners,3988.0,cases,NCRB,1,2024-12-31,2026-09-25,Table 4A.10 (PDF p. 527),Crime in India 2024,https://ncrb.gov.in/en/crime-india,"Extracted from NCRB Crime in India 2024, Vol. I (PDF, SHA-256 75b827bdcfcd5e64…, copy retrieved via https://data.opencity.in/dataset/crime-in-india-2024) — see data/raw/ncrb/2024/PROVENANCE.md."
2024,2024-01-01,2024-12-31,state,TN,Tamil Nadu,pocso_relationship,cases,relationship,known_total,5297.0,cases,NCRB,1,2024-12-31,2026-09-25,Table 4A.10 (PDF p. 527),Crime in India 2024,https://ncrb.gov.in/en/crime-india,"Extracted from NCRB Crime in India 2024, Vol. I (PDF, SHA-256 75b827bdcfcd5e64…, copy retrieved via https://data.opencity.in/dataset/crime-in-india-2024) — see data/raw/ncrb/2024/PROVENANCE.md."
2024,2024-01-01,2024-12-31,state,TN,Tamil Nadu,pocso_relationship,cases,relationship,total,5320.0,cases,NCRB,1,2024-12-31,2026-09-25,Table 4A.10 (PDF p. 527),Crime in India 2024,https://ncrb.gov.in/en/crime-india,"Extracted from NCRB Crime in India 2024, Vol. I (PDF, SHA-256 75b827bdcfcd5e64…, copy retrieved via https://data.opencity.in/dataset/crime-in-india-2024) — see data/raw/ncrb/2024/PROVENANCE.md."
2024,2024-01-01,2024-12-31,state,TN,Tamil Nadu,pocso_relationship,cases,relationship,unknown,23.0,cases,NCRB,1,2024-12-31,2026-09-25,Table 4A.10 (PDF p. 527),Crime in India 2024,https://ncrb.gov.in/en/crime-india,"Extracted from NCRB Crime in India 2024, Vol. I (PDF, SHA-256 75b827bdcfcd5e64…, copy retrieved via https://data.opencity.in/dataset/crime-in-india-2024) — see data/raw/ncrb/2024/PROVENANCE.md."
2022,2022-01-01,2022-12-31,state,TR,Tripura,pocso_relationship,cases,relationship,family_friends_neighbours_known,39.0,cases,NCRB,1,2022-12-31,2026-09-25,Table 4A.10 (PDF p. 424),Crime in India 2022,https://ncrb.gov.in/en/crime-india,"Extracted from NCRB Crime in India 2022, Vol. I (PDF, SHA-256 7c5ee3128b0b6bc7…, copy retrieved via https://data.opencity.in/dataset/crime-in-india-2022) — see data/raw/ncrb/2022/PROVENANCE.md."
2022,2022-01-01,2022-12-31,state,TR,Tripura,pocso_relationship,cases,relationship,family_members,6.0,cases,NCRB,1,2022-12-31,2026-09-25,Table 4A.10 (PDF p. 424),Crime in India 2022,https://ncrb.gov.in/en/crime-india,"Extracted from NCRB Crime in India 2022, Vol. I (PDF, SHA-256 7c5ee3128b0b6bc7…, copy retrieved via https://data.opencity.in/dataset/crime-in-india-2022) — see data/raw/ncrb/2022/PROVENANCE.md."
2022,2022-01-01,2022-12-31,state,TR,Tripura,pocso_relationship,cases,relationship,friends_online_partners,33.0,cases,NCRB,1,2022-12-31,2026-09-25,Table 4A.10 (PDF p. 424),Crime in India 2022,https://ncrb.gov.in/en/crime-india,"Extracted from NCRB Crime in India 2022, Vol. I (PDF, SHA-256 7c5ee3128b0b6bc7…, copy retrieved via https://data.opencity.in/dataset/crime-in-india-2022) — see data/raw/ncrb/2022/PROVENANCE.md."
2022,2022-01-01,2022-12-31,state,TR,Tripura,pocso_relationship,cases,relationship,known_total,78.0,cases,NCRB,1,2022-12-31,2026-09-25,Table 4A.10 (PDF p. 424),Crime in India 2022,https://ncrb.gov.in/en/crime-india,"Extracted from NCRB Crime in India 2022, Vol. I (PDF, SHA-256 7c5ee3128b0b6bc7…, copy retrieved via https://data.opencity.in/dataset/crime-in-india-2022) — see data/raw/ncrb/2022/PROVENANCE.md."
2022,2022-01-01,2022-12-31,state,TR,Tripura,pocso_relationship,cases,relationship,total,78.0,cases,NCRB,1,2022-12-31,2026-09-25,Table 4A.10 (PDF p. 424),Crime in India 2022,https://ncrb.gov.in/en/crime-india,"Extracted from NCRB Crime in India 2022, Vol. I (PDF, SHA-256 7c5ee3128b0b6bc7…, copy retrieved via https://data.opencity.in/dataset/crime-in-india-2022) — see data/raw/ncrb/2022/PROVENANCE.md."
2022,2022-01-01,2022-12-31,state,TR,Tripura,pocso_relationship,cases,relationship,unknown,0.0,cases,NCRB,1,2022-12-31,2026-09-25,Table 4A.10 (PDF p. 424),Crime in India 2022,https://ncrb.gov.in/en/crime-india,"Extracted from NCRB Crime in India 2022, Vol. I (PDF, SHA-256 7c5ee3128b0b6bc7…, copy retrieved via https://data.opencity.in/dataset/crime-in-india-2022) — see data/raw/ncrb/2022/PROVENANCE.md."
2023,2023-01-01,2023-12-31,state,TR,Tripura,pocso_relationship,cases,relationship,family_friends_neighbours_known,38.0,cases,NCRB,1,2023-12-31,2026-09-25,Table 4A.10 (PDF p. 424),Crime in India 2023,https://ncrb.gov.in/en/crime-india,"Extracted from NCRB Crime in India 2023, Vol. I (PDF, SHA-256 553ac8b2eadfe9e2…, copy retrieved via https://data.opencity.in/dataset/crime-in-india-2023) — see data/raw/ncrb/2023/PROVENANCE.md."
2023,2023-01-01,2023-12-31,state,TR,Tripura,pocso_relationship,cases,relationship,family_members,22.0,cases,NCRB,1,2023-12-31,2026-09-25,Table 4A.10 (PDF p. 424),Crime in India 2023,https://ncrb.gov.in/en/crime-india,"Extracted from NCRB Crime in India 2023, Vol. I (PDF, SHA-256 553ac8b2eadfe9e2…, copy retrieved via https://data.opencity.in/dataset/crime-in-india-2023) — see data/raw/ncrb/2023/PROVENANCE.md."
2023,2023-01-01,2023-12-31,state,TR,Tripura,pocso_relationship,cases,relationship,friends_online_partners,23.0,cases,NCRB,1,2023-12-31,2026-09-25,Table 4A.10 (PDF p. 424),Crime in India 2023,https://ncrb.gov.in/en/crime-india,"Extracted from NCRB Crime in India 2023, Vol. I (PDF, SHA-256 553ac8b2eadfe9e2…, copy retrieved via https://data.opencity.in/dataset/crime-in-india-2023) — see data/raw/ncrb/2023/PROVENANCE.md."
2023,2023-01-01,2023-12-31,state,TR,Tripura,pocso_relationship,cases,relationship,known_total,83.0,cases,NCRB,1,2023-12-31,2026-09-25,Table 4A.10 (PDF p. 424),Crime in India 2023,https://ncrb.gov.in/en/crime-india,"Extracted from NCRB Crime in India 2023, Vol. I (PDF, SHA-256 553ac8b2eadfe9e2…, copy retrieved via https://data.opencity.in/dataset/crime-in-india-2023) — see data/raw/ncrb/2023/PROVENANCE.md."
2023,2023-01-01,2023-12-31,state,TR,Tripura,pocso_relationship,cases,relationship,total,83.0,cases,NCRB,1,2023-12-31,2026-09-25,Table 4A.10 (PDF p. 424),Crime in India 2023,https://ncrb.gov.in/en/crime-india,"Extracted from NCRB Crime in India 2023, Vol. I (PDF, SHA-256 553ac8b2eadfe9e2…, copy retrieved via https://data.opencity.in/dataset/crime-in-india-2023) — see data/raw/ncrb/2023/PROVENANCE.md."
2023,2023-01-01,2023-12-31,state,TR,Tripura,pocso_relationship,cases,relationship,unknown,0.0,cases,NCRB,1,2023-12-31,2026-09-25,Table 4A.10 (PDF p. 424),Crime in India 2023,https://ncrb.gov.in/en/crime-india,"Extracted from NCRB Crime in India 2023, Vol. I (PDF, SHA-256 553ac8b2eadfe9e2…, copy retrieved via https://data.opencity.in/dataset/crime-in-india-2023) — see data/raw/ncrb/2023/PROVENANCE.md."
2024,2024-01-01,2024-12-31,state,TR,Tripura,pocso_relationship,cases,relationship,family_friends_neighbours_known,40.0,cases,NCRB,1,2024-12-31,2026-09-25,Table 4A.10 (PDF p. 527),Crime in India 2024,https://ncrb.gov.in/en/crime-india,"Extracted from NCRB Crime in India 2024, Vol. I (PDF, SHA-256 75b827bdcfcd5e64…, copy retrieved via https://data.opencity.in/dataset/crime-in-india-2024) — see data/raw/ncrb/2024/PROVENANCE.md."
2024,2024-01-01,2024-12-31,state,TR,Tripura,pocso_relationship,cases,relationship,family_members,7.0,cases,NCRB,1,2024-12-31,2026-09-25,Table 4A.10 (PDF p. 527),Crime in India 2024,https://ncrb.gov.in/en/crime-india,"Extracted from NCRB Crime in India 2024, Vol. I (PDF, SHA-256 75b827bdcfcd5e64…, copy retrieved via https://data.opencity.in/dataset/crime-in-india-2024) — see data/raw/ncrb/2024/PROVENANCE.md."
2024,2024-01-01,2024-12-31,state,TR,Tripura,pocso_relationship,cases,relationship,friends_online_partners,69.0,cases,NCRB,1,2024-12-31,2026-09-25,Table 4A.10 (PDF p. 527),Crime in India 2024,https://ncrb.gov.in/en/crime-india,"Extracted from NCRB Crime in India 2024, Vol. I (PDF, SHA-256 75b827bdcfcd5e64…, copy retrieved via https://data.opencity.in/dataset/crime-in-india-2024) — see data/raw/ncrb/2024/PROVENANCE.md."
2024,2024-01-01,2024-12-31,state,TR,Tripura,pocso_relationship,cases,relationship,known_total,116.0,cases,NCRB,1,2024-12-31,2026-09-25,Table 4A.10 (PDF p. 527),Crime in India 2024,https://ncrb.gov.in/en/crime-india,"Extracted from NCRB Crime in India 2024, Vol. I (PDF, SHA-256 75b827bdcfcd5e64…, copy retrieved via https://data.opencity.in/dataset/crime-in-india-2024) — see data/raw/ncrb/2024/PROVENANCE.md."
2024,2024-01-01,2024-12-31,state,TR,Tripura,pocso_relationship,cases,relationship,total,116.0,cases,NCRB,1,2024-12-31,2026-09-25,Table 4A.10 (PDF p. 527),Crime in India 2024,https://ncrb.gov.in/en/crime-india,"Extracted from NCRB Crime in India 2024, Vol. I (PDF, SHA-256 75b827bdcfcd5e64…, copy retrieved via https://data.opencity.in/dataset/crime-in-india-2024) — see data/raw/ncrb/2024/PROVENANCE.md."
2024,2024-01-01,2024-12-31,state,TR,Tripura,pocso_relationship,cases,relationship,unknown,0.0,cases,NCRB,1,2024-12-31,2026-09-25,Table 4A.10 (PDF p. 527),Crime in India 2024,https://ncrb.gov.in/en/crime-india,"Extracted from NCRB Crime in India 2024, Vol. I (PDF, SHA-256 75b827bdcfcd5e64…, copy retrieved via https://data.opencity.in/dataset/crime-in-india-2024) — see data/raw/ncrb/2024/PROVENANCE.md."
2022,2022-01-01,2022-12-31,state,UP,Uttar Pradesh,pocso_relationship,cases,relationship,family_friends_neighbours_known,1858.0,cases,NCRB,1,2022-12-31,2026-09-25,Table 4A.10 (PDF p. 424),Crime in India 2022,https://ncrb.gov.in/en/crime-india,"Extracted from NCRB Crime in India 2022, Vol. I (PDF, SHA-256 7c5ee3128b0b6bc7…, copy retrieved via https://data.opencity.in/dataset/crime-in-india-2022) — see data/raw/ncrb/2022/PROVENANCE.md."
2022,2022-01-01,2022-12-31,state,UP,Uttar Pradesh,pocso_relationship,cases,relationship,family_members,249.0,cases,NCRB,1,2022-12-31,2026-09-25,Table 4A.10 (PDF p. 424),Crime in India 2022,https://ncrb.gov.in/en/crime-india,"Extracted from NCRB Crime in India 2022, Vol. I (PDF, SHA-256 7c5ee3128b0b6bc7…, copy retrieved via https://data.opencity.in/dataset/crime-in-india-2022) — see data/raw/ncrb/2022/PROVENANCE.md."
2022,2022-01-01,2022-12-31,state,UP,Uttar Pradesh,pocso_relationship,cases,relationship,friends_online_partners,1147.0,cases,NCRB,1,2022-12-31,2026-09-25,Table 4A.10 (PDF p. 424),Crime in India 2022,https://ncrb.gov.in/en/crime-india,"Extracted from NCRB Crime in India 2022, Vol. I (PDF, SHA-256 7c5ee3128b0b6bc7…, copy retrieved via https://data.opencity.in/dataset/crime-in-india-2022) — see data/raw/ncrb/2022/PROVENANCE.md."
2022,2022-01-01,2022-12-31,state,UP,Uttar Pradesh,pocso_relationship,cases,relationship,known_total,3254.0,cases,NCRB,1,2022-12-31,2026-09-25,Table 4A.10 (PDF p. 424),Crime in India 2022,https://ncrb.gov.in/en/crime-india,"Extracted from NCRB Crime in India 2022, Vol. I (PDF, SHA-256 7c5ee3128b0b6bc7…, copy retrieved via https://data.opencity.in/dataset/crime-in-india-2022) — see data/raw/ncrb/2022/PROVENANCE.md."
2022,2022-01-01,2022-12-31,state,UP,Uttar Pradesh,pocso_relationship,cases,relationship,total,3448.0,cases,NCRB,1,2022-12-31,2026-09-25,Table 4A.10 (PDF p. 424),Crime in India 2022,https://ncrb.gov.in/en/crime-india,"Extracted from NCRB Crime in India 2022, Vol. I (PDF, SHA-256 7c5ee3128b0b6bc7…, copy retrieved via https://data.opencity.in/dataset/crime-in-india-2022) — see data/raw/ncrb/2022/PROVENANCE.md."
2022,2022-01-01,2022-12-31,state,UP,Uttar Pradesh,pocso_relationship,cases,relationship,unknown,194.0,cases,NCRB,1,2022-12-31,2026-09-25,Table 4A.10 (PDF p. 424),Crime in India 2022,https://ncrb.gov.in/en/crime-india,"Extracted from NCRB Crime in India 2022, Vol. I (PDF, SHA-256 7c5ee3128b0b6bc7…, copy retrieved via https://data.opencity.in/dataset/crime-in-india-2022) — see data/raw/ncrb/2022/PROVENANCE.md."
2023,2023-01-01,2023-12-31,state,UP,Uttar Pradesh,pocso_relationship,cases,relationship,family_friends_neighbours_known,1628.0,cases,NCRB,1,2023-12-31,2026-09-25,Table 4A.10 (PDF p. 424),Crime in India 2023,https://ncrb.gov.in/en/crime-india,"Extracted from NCRB Crime in India 2023, Vol. I (PDF, SHA-256 553ac8b2eadfe9e2…, copy retrieved via https://data.opencity.in/dataset/crime-in-india-2023) — see data/raw/ncrb/2023/PROVENANCE.md."
2023,2023-01-01,2023-12-31,state,UP,Uttar Pradesh,pocso_relationship,cases,relationship,family_members,278.0,cases,NCRB,1,2023-12-31,2026-09-25,Table 4A.10 (PDF p. 424),Crime in India 2023,https://ncrb.gov.in/en/crime-india,"Extracted from NCRB Crime in India 2023, Vol. I (PDF, SHA-256 553ac8b2eadfe9e2…, copy retrieved via https://data.opencity.in/dataset/crime-in-india-2023) — see data/raw/ncrb/2023/PROVENANCE.md."
2023,2023-01-01,2023-12-31,state,UP,Uttar Pradesh,pocso_relationship,cases,relationship,friends_online_partners,1633.0,cases,NCRB,1,2023-12-31,2026-09-25,Table 4A.10 (PDF p. 424),Crime in India 2023,https://ncrb.gov.in/en/crime-india,"Extracted from NCRB Crime in India 2023, Vol. I (PDF, SHA-256 553ac8b2eadfe9e2…, copy retrieved via https://data.opencity.in/dataset/crime-in-india-2023) — see data/raw/ncrb/2023/PROVENANCE.md."
2023,2023-01-01,2023-12-31,state,UP,Uttar Pradesh,pocso_relationship,cases,relationship,known_total,3539.0,cases,NCRB,1,2023-12-31,2026-09-25,Table 4A.10 (PDF p. 424),Crime in India 2023,https://ncrb.gov.in/en/crime-india,"Extracted from NCRB Crime in India 2023, Vol. I (PDF, SHA-256 553ac8b2eadfe9e2…, copy retrieved via https://data.opencity.in/dataset/crime-in-india-2023) — see data/raw/ncrb/2023/PROVENANCE.md."
2023,2023-01-01,2023-12-31,state,UP,Uttar Pradesh,pocso_relationship,cases,relationship,total,3728.0,cases,NCRB,1,2023-12-31,2026-09-25,Table 4A.10 (PDF p. 424),Crime in India 2023,https://ncrb.gov.in/en/crime-india,"Extracted from NCRB Crime in India 2023, Vol. I (PDF, SHA-256 553ac8b2eadfe9e2…, copy retrieved via https://data.opencity.in/dataset/crime-in-india-2023) — see data/raw/ncrb/2023/PROVENANCE.md."
2023,2023-01-01,2023-12-31,state,UP,Uttar Pradesh,pocso_relationship,cases,relationship,unknown,189.0,cases,NCRB,1,2023-12-31,2026-09-25,Table 4A.10 (PDF p. 424),Crime in India 2023,https://ncrb.gov.in/en/crime-india,"Extracted from NCRB Crime in India 2023, Vol. I (PDF, SHA-256 553ac8b2eadfe9e2…, copy retrieved via https://data.opencity.in/dataset/crime-in-india-2023) — see data/raw/ncrb/2023/PROVENANCE.md."
2024,2024-01-01,2024-12-31,state,UP,Uttar Pradesh,pocso_relationship,cases,relationship,family_friends_neighbours_known,1595.0,cases,NCRB,1,2024-12-31,2026-09-25,Table 4A.10 (PDF p. 527),Crime in India 2024,https://ncrb.gov.in/en/crime-india,"Extracted from NCRB Crime in India 2024, Vol. I (PDF, SHA-256 75b827bdcfcd5e64…, copy retrieved via https://data.opencity.in/dataset/crime-in-india-2024) — see data/raw/ncrb/2024/PROVENANCE.md."
2024,2024-01-01,2024-12-31,state,UP,Uttar Pradesh,pocso_relationship,cases,relationship,family_members,329.0,cases,NCRB,1,2024-12-31,2026-09-25,Table 4A.10 (PDF p. 527),Crime in India 2024,https://ncrb.gov.in/en/crime-india,"Extracted from NCRB Crime in India 2024, Vol. I (PDF, SHA-256 75b827bdcfcd5e64…, copy retrieved via https://data.opencity.in/dataset/crime-in-india-2024) — see data/raw/ncrb/2024/PROVENANCE.md."
2024,2024-01-01,2024-12-31,state,UP,Uttar Pradesh,pocso_relationship,cases,relationship,friends_online_partners,1657.0,cases,NCRB,1,2024-12-31,2026-09-25,Table 4A.10 (PDF p. 527),Crime in India 2024,https://ncrb.gov.in/en/crime-india,"Extracted from NCRB Crime in India 2024, Vol. I (PDF, SHA-256 75b827bdcfcd5e64…, copy retrieved via https://data.opencity.in/dataset/crime-in-india-2024) — see data/raw/ncrb/2024/PROVENANCE.md."
2024,2024-01-01,2024-12-31,state,UP,Uttar Pradesh,pocso_relationship,cases,relationship,known_total,3581.0,cases,NCRB,1,2024-12-31,2026-09-25,Table 4A.10 (PDF p. 527),Crime in India 2024,https://ncrb.gov.in/en/crime-india,"Extracted from NCRB Crime in India 2024, Vol. I (PDF, SHA-256 75b827bdcfcd5e64…, copy retrieved via https://data.opencity.in/dataset/crime-in-india-2024) — see data/raw/ncrb/2024/PROVENANCE.md."
2024,2024-01-01,2024-12-31,state,UP,Uttar Pradesh,pocso_relationship,cases,relationship,total,3671.0,cases,NCRB,1,2024-12-31,2026-09-25,Table 4A.10 (PDF p. 527),Crime in India 2024,https://ncrb.gov.in/en/crime-india,"Extracted from NCRB Crime in India 2024, Vol. I (PDF, SHA-256 75b827bdcfcd5e64…, copy retrieved via https://data.opencity.in/dataset/crime-in-india-2024) — see data/raw/ncrb/2024/PROVENANCE.md."
2024,2024-01-01,2024-12-31,state,UP,Uttar Pradesh,pocso_relationship,cases,relationship,unknown,90.0,cases,NCRB,1,2024-12-31,2026-09-25,Table 4A.10 (PDF p. 527),Crime in India 2024,https://ncrb.gov.in/en/crime-india,"Extracted from NCRB Crime in India 2024, Vol. I (PDF, SHA-256 75b827bdcfcd5e64…, copy retrieved via https://data.opencity.in/dataset/crime-in-india-2024) — see data/raw/ncrb/2024/PROVENANCE.md."
2022,2022-01-01,2022-12-31,state,UT,Uttarakhand,pocso_relationship,cases,relationship,family_friends_neighbours_known,290.0,cases,NCRB,1,2022-12-31,2026-09-25,Table 4A.10 (PDF p. 424),Crime in India 2022,https://ncrb.gov.in/en/crime-india,"Extracted from NCRB Crime in India 2022, Vol. I (PDF, SHA-256 7c5ee3128b0b6bc7…, copy retrieved via https://data.opencity.in/dataset/crime-in-india-2022) — see data/raw/ncrb/2022/PROVENANCE.md."
2022,2022-01-01,2022-12-31,state,UT,Uttarakhand,pocso_relationship,cases,relationship,family_members,31.0,cases,NCRB,1,2022-12-31,2026-09-25,Table 4A.10 (PDF p. 424),Crime in India 2022,https://ncrb.gov.in/en/crime-india,"Extracted from NCRB Crime in India 2022, Vol. I (PDF, SHA-256 7c5ee3128b0b6bc7…, copy retrieved via https://data.opencity.in/dataset/crime-in-india-2022) — see data/raw/ncrb/2022/PROVENANCE.md."
2022,2022-01-01,2022-12-31,state,UT,Uttarakhand,pocso_relationship,cases,relationship,friends_online_partners,325.0,cases,NCRB,1,2022-12-31,2026-09-25,Table 4A.10 (PDF p. 424),Crime in India 2022,https://ncrb.gov.in/en/crime-india,"Extracted from NCRB Crime in India 2022, Vol. I (PDF, SHA-256 7c5ee3128b0b6bc7…, copy retrieved via https://data.opencity.in/dataset/crime-in-india-2022) — see data/raw/ncrb/2022/PROVENANCE.md."
2022,2022-01-01,2022-12-31,state,UT,Uttarakhand,pocso_relationship,cases,relationship,known_total,646.0,cases,NCRB,1,2022-12-31,2026-09-25,Table 4A.10 (PDF p. 424),Crime in India 2022,https://ncrb.gov.in/en/crime-india,"Extracted from NCRB Crime in India 2022, Vol. I (PDF, SHA-256 7c5ee3128b0b6bc7…, copy retrieved via https://data.opencity.in/dataset/crime-in-india-2022) — see data/raw/ncrb/2022/PROVENANCE.md."
2022,2022-01-01,2022-12-31,state,UT,Uttarakhand,pocso_relationship,cases,relationship,total,646.0,cases,NCRB,1,2022-12-31,2026-09-25,Table 4A.10 (PDF p. 424),Crime in India 2022,https://ncrb.gov.in/en/crime-india,"Extracted from NCRB Crime in India 2022, Vol. I (PDF, SHA-256 7c5ee3128b0b6bc7…, copy retrieved via https://data.opencity.in/dataset/crime-in-india-2022) — see data/raw/ncrb/2022/PROVENANCE.md."
2022,2022-01-01,2022-12-31,state,UT,Uttarakhand,pocso_relationship,cases,relationship,unknown,0.0,cases,NCRB,1,2022-12-31,2026-09-25,Table 4A.10 (PDF p. 424),Crime in India 2022,https://ncrb.gov.in/en/crime-india,"Extracted from NCRB Crime in India 2022, Vol. I (PDF, SHA-256 7c5ee3128b0b6bc7…, copy retrieved via https://data.opencity.in/dataset/crime-in-india-2022) — see data/raw/ncrb/2022/PROVENANCE.md."
2023,2023-01-01,2023-12-31,state,UT,Uttarakhand,pocso_relationship,cases,relationship,family_friends_neighbours_known,390.0,cases,NCRB,1,2023-12-31,2026-09-25,Table 4A.10 (PDF p. 424),Crime in India 2023,https://ncrb.gov.in/en/crime-india,"Extracted from NCRB Crime in India 2023, Vol. I (PDF, SHA-256 553ac8b2eadfe9e2…, copy retrieved via https://data.opencity.in/dataset/crime-in-india-2023) — see data/raw/ncrb/2023/PROVENANCE.md."
2023,2023-01-01,2023-12-31,state,UT,Uttarakhand,pocso_relationship,cases,relationship,family_members,79.0,cases,NCRB,1,2023-12-31,2026-09-25,Table 4A.10 (PDF p. 424),Crime in India 2023,https://ncrb.gov.in/en/crime-india,"Extracted from NCRB Crime in India 2023, Vol. I (PDF, SHA-256 553ac8b2eadfe9e2…, copy retrieved via https://data.opencity.in/dataset/crime-in-india-2023) — see data/raw/ncrb/2023/PROVENANCE.md."
2023,2023-01-01,2023-12-31,state,UT,Uttarakhand,pocso_relationship,cases,relationship,friends_online_partners,175.0,cases,NCRB,1,2023-12-31,2026-09-25,Table 4A.10 (PDF p. 424),Crime in India 2023,https://ncrb.gov.in/en/crime-india,"Extracted from NCRB Crime in India 2023, Vol. I (PDF, SHA-256 553ac8b2eadfe9e2…, copy retrieved via https://data.opencity.in/dataset/crime-in-india-2023) — see data/raw/ncrb/2023/PROVENANCE.md."
2023,2023-01-01,2023-12-31,state,UT,Uttarakhand,pocso_relationship,cases,relationship,known_total,644.0,cases,NCRB,1,2023-12-31,2026-09-25,Table 4A.10 (PDF p. 424),Crime in India 2023,https://ncrb.gov.in/en/crime-india,"Extracted from NCRB Crime in India 2023, Vol. I (PDF, SHA-256 553ac8b2eadfe9e2…, copy retrieved via https://data.opencity.in/dataset/crime-in-india-2023) — see data/raw/ncrb/2023/PROVENANCE.md."
2023,2023-01-01,2023-12-31,state,UT,Uttarakhand,pocso_relationship,cases,relationship,total,646.0,cases,NCRB,1,2023-12-31,2026-09-25,Table 4A.10 (PDF p. 424),Crime in India 2023,https://ncrb.gov.in/en/crime-india,"Extracted from NCRB Crime in India 2023, Vol. I (PDF, SHA-256 553ac8b2eadfe9e2…, copy retrieved via https://data.opencity.in/dataset/crime-in-india-2023) — see data/raw/ncrb/2023/PROVENANCE.md."
2023,2023-01-01,2023-12-31,state,UT,Uttarakhand,pocso_relationship,cases,relationship,unknown,2.0,cases,NCRB,1,2023-12-31,2026-09-25,Table 4A.10 (PDF p. 424),Crime in India 2023,https://ncrb.gov.in/en/crime-india,"Extracted from NCRB Crime in India 2023, Vol. I (PDF, SHA-256 553ac8b2eadfe9e2…, copy retrieved via https://data.opencity.in/dataset/crime-in-india-2023) — see data/raw/ncrb/2023/PROVENANCE.md."
2024,2024-01-01,2024-12-31,state,UT,Uttarakhand,pocso_relationship,cases,relationship,family_friends_neighbours_known,434.0,cases,NCRB,1,2024-12-31,2026-09-25,Table 4A.10 (PDF p. 527),Crime in India 2024,https://ncrb.gov.in/en/crime-india,"Extracted from NCRB Crime in India 2024, Vol. I (PDF, SHA-256 75b827bdcfcd5e64…, copy retrieved via https://data.opencity.in/dataset/crime-in-india-2024) — see data/raw/ncrb/2024/PROVENANCE.md."
2024,2024-01-01,2024-12-31,state,UT,Uttarakhand,pocso_relationship,cases,relationship,family_members,51.0,cases,NCRB,1,2024-12-31,2026-09-25,Table 4A.10 (PDF p. 527),Crime in India 2024,https://ncrb.gov.in/en/crime-india,"Extracted from NCRB Crime in India 2024, Vol. I (PDF, SHA-256 75b827bdcfcd5e64…, copy retrieved via https://data.opencity.in/dataset/crime-in-india-2024) — see data/raw/ncrb/2024/PROVENANCE.md."
2024,2024-01-01,2024-12-31,state,UT,Uttarakhand,pocso_relationship,cases,relationship,friends_online_partners,146.0,cases,NCRB,1,2024-12-31,2026-09-25,Table 4A.10 (PDF p. 527),Crime in India 2024,https://ncrb.gov.in/en/crime-india,"Extracted from NCRB Crime in India 2024, Vol. I (PDF, SHA-256 75b827bdcfcd5e64…, copy retrieved via https://data.opencity.in/dataset/crime-in-india-2024) — see data/raw/ncrb/2024/PROVENANCE.md."
2024,2024-01-01,2024-12-31,state,UT,Uttarakhand,pocso_relationship,cases,relationship,known_total,631.0,cases,NCRB,1,2024-12-31,2026-09-25,Table 4A.10 (PDF p. 527),Crime in India 2024,https://ncrb.gov.in/en/crime-india,"Extracted from NCRB Crime in India 2024, Vol. I (PDF, SHA-256 75b827bdcfcd5e64…, copy retrieved via https://data.opencity.in/dataset/crime-in-india-2024) — see data/raw/ncrb/2024/PROVENANCE.md."
2024,2024-01-01,2024-12-31,state,UT,Uttarakhand,pocso_relationship,cases,relationship,total,631.0,cases,NCRB,1,2024-12-31,2026-09-25,Table 4A.10 (PDF p. 527),Crime in India 2024,https://ncrb.gov.in/en/crime-india,"Extracted from NCRB Crime in India 2024, Vol. I (PDF, SHA-256 75b827bdcfcd5e64…, copy retrieved via https://data.opencity.in/dataset/crime-in-india-2024) — see data/raw/ncrb/2024/PROVENANCE.md."
2024,2024-01-01,2024-12-31,state,UT,Uttarakhand,pocso_relationship,cases,relationship,unknown,0.0,cases,NCRB,1,2024-12-31,2026-09-25,Table 4A.10 (PDF p. 527),Crime in India 2024,https://ncrb.gov.in/en/crime-india,"Extracted from NCRB Crime in India 2024, Vol. I (PDF, SHA-256 75b827bdcfcd5e64…, copy retrieved via https://data.opencity.in/dataset/crime-in-india-2024) — see data/raw/ncrb/2024/PROVENANCE.md."
2022,2022-01-01,2022-12-31,state,WB,West Bengal,pocso_relationship,cases,relationship,family_friends_neighbours_known,1161.0,cases,NCRB,1,2022-12-31,2026-09-25,Table 4A.10 (PDF p. 424),Crime in India 2022,https://ncrb.gov.in/en/crime-india,"Extracted from NCRB Crime in India 2022, Vol. I (PDF, SHA-256 7c5ee3128b0b6bc7…, copy retrieved via https://data.opencity.in/dataset/crime-in-india-2022) — see data/raw/ncrb/2022/PROVENANCE.md."
2022,2022-01-01,2022-12-31,state,WB,West Bengal,pocso_relationship,cases,relationship,family_members,118.0,cases,NCRB,1,2022-12-31,2026-09-25,Table 4A.10 (PDF p. 424),Crime in India 2022,https://ncrb.gov.in/en/crime-india,"Extracted from NCRB Crime in India 2022, Vol. I (PDF, SHA-256 7c5ee3128b0b6bc7…, copy retrieved via https://data.opencity.in/dataset/crime-in-india-2022) — see data/raw/ncrb/2022/PROVENANCE.md."
2022,2022-01-01,2022-12-31,state,WB,West Bengal,pocso_relationship,cases,relationship,friends_online_partners,219.0,cases,NCRB,1,2022-12-31,2026-09-25,Table 4A.10 (PDF p. 424),Crime in India 2022,https://ncrb.gov.in/en/crime-india,"Extracted from NCRB Crime in India 2022, Vol. I (PDF, SHA-256 7c5ee3128b0b6bc7…, copy retrieved via https://data.opencity.in/dataset/crime-in-india-2022) — see data/raw/ncrb/2022/PROVENANCE.md."
2022,2022-01-01,2022-12-31,state,WB,West Bengal,pocso_relationship,cases,relationship,known_total,1498.0,cases,NCRB,1,2022-12-31,2026-09-25,Table 4A.10 (PDF p. 424),Crime in India 2022,https://ncrb.gov.in/en/crime-india,"Extracted from NCRB Crime in India 2022, Vol. I (PDF, SHA-256 7c5ee3128b0b6bc7…, copy retrieved via https://data.opencity.in/dataset/crime-in-india-2022) — see data/raw/ncrb/2022/PROVENANCE.md."
2022,2022-01-01,2022-12-31,state,WB,West Bengal,pocso_relationship,cases,relationship,total,1698.0,cases,NCRB,1,2022-12-31,2026-09-25,Table 4A.10 (PDF p. 424),Crime in India 2022,https://ncrb.gov.in/en/crime-india,"Extracted from NCRB Crime in India 2022, Vol. I (PDF, SHA-256 7c5ee3128b0b6bc7…, copy retrieved via https://data.opencity.in/dataset/crime-in-india-2022) — see data/raw/ncrb/2022/PROVENANCE.md."
2022,2022-01-01,2022-12-31,state,WB,West Bengal,pocso_relationship,cases,relationship,unknown,200.0,cases,NCRB,1,2022-12-31,2026-09-25,Table 4A.10 (PDF p. 424),Crime in India 2022,https://ncrb.gov.in/en/crime-india,"Extracted from NCRB Crime in India 2022, Vol. I (PDF, SHA-256 7c5ee3128b0b6bc7…, copy retrieved via https://data.opencity.in/dataset/crime-in-india-2022) — see data/raw/ncrb/2022/PROVENANCE.md."
2023,2023-01-01,2023-12-31,state,WB,West Bengal,pocso_relationship,cases,relationship,family_friends_neighbours_known,1212.0,cases,NCRB,1,2023-12-31,2026-09-25,Table 4A.10 (PDF p. 424),Crime in India 2023,https://ncrb.gov.in/en/crime-india,"Extracted from NCRB Crime in India 2023, Vol. I (PDF, SHA-256 553ac8b2eadfe9e2…, copy retrieved via https://data.opencity.in/dataset/crime-in-india-2023) — see data/raw/ncrb/2023/PROVENANCE.md."
2023,2023-01-01,2023-12-31,state,WB,West Bengal,pocso_relationship,cases,relationship,family_members,75.0,cases,NCRB,1,2023-12-31,2026-09-25,Table 4A.10 (PDF p. 424),Crime in India 2023,https://ncrb.gov.in/en/crime-india,"Extracted from NCRB Crime in India 2023, Vol. I (PDF, SHA-256 553ac8b2eadfe9e2…, copy retrieved via https://data.opencity.in/dataset/crime-in-india-2023) — see data/raw/ncrb/2023/PROVENANCE.md."
2023,2023-01-01,2023-12-31,state,WB,West Bengal,pocso_relationship,cases,relationship,friends_online_partners,157.0,cases,NCRB,1,2023-12-31,2026-09-25,Table 4A.10 (PDF p. 424),Crime in India 2023,https://ncrb.gov.in/en/crime-india,"Extracted from NCRB Crime in India 2023, Vol. I (PDF, SHA-256 553ac8b2eadfe9e2…, copy retrieved via https://data.opencity.in/dataset/crime-in-india-2023) — see data/raw/ncrb/2023/PROVENANCE.md."
2023,2023-01-01,2023-12-31,state,WB,West Bengal,pocso_relationship,cases,relationship,known_total,1444.0,cases,NCRB,1,2023-12-31,2026-09-25,Table 4A.10 (PDF p. 424),Crime in India 2023,https://ncrb.gov.in/en/crime-india,"Extracted from NCRB Crime in India 2023, Vol. I (PDF, SHA-256 553ac8b2eadfe9e2…, copy retrieved via https://data.opencity.in/dataset/crime-in-india-2023) — see data/raw/ncrb/2023/PROVENANCE.md."
2023,2023-01-01,2023-12-31,state,WB,West Bengal,pocso_relationship,cases,relationship,total,1822.0,cases,NCRB,1,2023-12-31,2026-09-25,Table 4A.10 (PDF p. 424),Crime in India 2023,https://ncrb.gov.in/en/crime-india,"Extracted from NCRB Crime in India 2023, Vol. I (PDF, SHA-256 553ac8b2eadfe9e2…, copy retrieved via https://data.opencity.in/dataset/crime-in-india-2023) — see data/raw/ncrb/2023/PROVENANCE.md."
2023,2023-01-01,2023-12-31,state,WB,West Bengal,pocso_relationship,cases,relationship,unknown,378.0,cases,NCRB,1,2023-12-31,2026-09-25,Table 4A.10 (PDF p. 424),Crime in India 2023,https://ncrb.gov.in/en/crime-india,"Extracted from NCRB Crime in India 2023, Vol. I (PDF, SHA-256 553ac8b2eadfe9e2…, copy retrieved via https://data.opencity.in/dataset/crime-in-india-2023) — see data/raw/ncrb/2023/PROVENANCE.md."
2024,2024-01-01,2024-12-31,state,WB,West Bengal,pocso_relationship,cases,relationship,family_friends_neighbours_known,1306.0,cases,NCRB,1,2024-12-31,2026-09-25,Table 4A.10 (PDF p. 527),Crime in India 2024,https://ncrb.gov.in/en/crime-india,"Extracted from NCRB Crime in India 2024, Vol. I (PDF, SHA-256 75b827bdcfcd5e64…, copy retrieved via https://data.opencity.in/dataset/crime-in-india-2024) — see data/raw/ncrb/2024/PROVENANCE.md."
2024,2024-01-01,2024-12-31,state,WB,West Bengal,pocso_relationship,cases,relationship,family_members,113.0,cases,NCRB,1,2024-12-31,2026-09-25,Table 4A.10 (PDF p. 527),Crime in India 2024,https://ncrb.gov.in/en/crime-india,"Extracted from NCRB Crime in India 2024, Vol. I (PDF, SHA-256 75b827bdcfcd5e64…, copy retrieved via https://data.opencity.in/dataset/crime-in-india-2024) — see data/raw/ncrb/2024/PROVENANCE.md."
2024,2024-01-01,2024-12-31,state,WB,West Bengal,pocso_relationship,cases,relationship,friends_online_partners,200.0,cases,NCRB,1,2024-12-31,2026-09-25,Table 4A.10 (PDF p. 527),Crime in India 2024,https://ncrb.gov.in/en/crime-india,"Extracted from NCRB Crime in India 2024, Vol. I (PDF, SHA-256 75b827bdcfcd5e64…, copy retrieved via https://data.opencity.in/dataset/crime-in-india-2024) — see data/raw/ncrb/2024/PROVENANCE.md."
2024,2024-01-01,2024-12-31,state,WB,West Bengal,pocso_relationship,cases,relationship,known_total,1619.0,cases,NCRB,1,2024-12-31,2026-09-25,Table 4A.10 (PDF p. 527),Crime in India 2024,https://ncrb.gov.in/en/crime-india,"Extracted from NCRB Crime in India 2024, Vol. I (PDF, SHA-256 75b827bdcfcd5e64…, copy retrieved via https://data.opencity.in/dataset/crime-in-india-2024) — see data/raw/ncrb/2024/PROVENANCE.md."
2024,2024-01-01,2024-12-31,state,WB,West Bengal,pocso_relationship,cases,relationship,total,1856.0,cases,NCRB,1,2024-12-31,2026-09-25,Table 4A.10 (PDF p. 527),Crime in India 2024,https://ncrb.gov.in/en/crime-india,"Extracted from NCRB Crime in India 2024, Vol. I (PDF, SHA-256 75b827bdcfcd5e64…, copy retrieved via https://data.opencity.in/dataset/crime-in-india-2024) — see data/raw/ncrb/2024/PROVENANCE.md."
2024,2024-01-01,2024-12-31,state,WB,West Bengal,pocso_relationship,cases,relationship,unknown,237.0,cases,NCRB,1,2024-12-31,2026-09-25,Table 4A.10 (PDF p. 527),Crime in India 2024,https://ncrb.gov.in/en/crime-india,"Extracted from NCRB Crime in India 2024, Vol. I (PDF, SHA-256 75b827bdcfcd5e64…, copy retrieved via https://data.opencity.in/dataset/crime-in-india-2024) — see data/raw/ncrb/2024/PROVENANCE.md."
